UDI,Product ID,Type,Air temperature [K],Process temperature [K],Rotational speed [rpm],Torque [Nm],Tool wear [min],Machine failure,TWF,HDF,PWF,OSF,RNF
1,L70598,L,297.89,307.79,1522,19.17,238,1,1,0,1,0,0
2,H76399,H,298.56,308.51,1381,33.62,249,0,0,0,0,0,0
3,M37684,M,304.5,314.0,1958,26.61,67,0,0,0,0,0,0
4,L78591,L,300.27,310.4,1168,57.54,248,1,0,0,0,1,0
5,L87722,L,300.72,312.28,1863,29.76,133,0,0,0,0,0,0
6,L12682,L,297.56,310.05,1703,42.59,251,0,0,0,0,0,0
7,L48046,L,296.31,305.68,1401,47.09,121,0,0,0,0,0,0
8,M31832,M,298.36,310.33,1872,34.53,210,0,0,0,0,0,0
9,M26997,M,302.88,313.1,1288,55.37,59,0,0,0,0,0,0
10,M44640,M,300.67,311.72,1716,21.81,218,1,1,0,0,0,0
11,L86882,L,301.2,310.24,1168,42.48,243,0,0,0,0,0,0
12,H50491,H,301.48,312.7,1329,69.01,92,1,0,0,1,0,0
13,M73043,M,298.82,307.51,1328,22.58,117,1,0,1,1,0,0
14,L82725,L,302.78,313.79,1400,37.88,139,0,0,0,0,0,0
15,L55520,L,298.73,309.69,1537,41.71,165,0,0,0,0,0,0
16,L72919,L,302.81,313.7,1386,21.94,140,1,0,0,1,0,0
17,L74442,L,300.88,310.85,1168,39.81,251,0,0,0,0,0,0
18,L31770,L,296.42,307.67,1618,53.07,27,0,0,0,0,0,0
19,L57498,L,298.5,309.6,1544,38.69,4,0,0,0,0,0,0
20,L71477,L,296.43,306.92,1609,30.5,173,0,0,0,0,0,0
21,M10244,M,302.33,313.7,1566,38.51,45,0,0,0,0,0,0
22,L42788,L,299.95,310.55,1707,28.73,80,0,0,0,0,0,0
23,L89453,L,295.54,306.77,1521,53.78,154,0,0,0,0,0,0
24,L67737,L,300.75,311.33,1717,25.1,153,0,0,0,0,0,0
25,L56489,L,298.93,309.84,1395,35.69,245,0,0,0,0,0,0
26,M81303,M,297.03,308.31,1406,25.56,61,0,0,0,0,0,0
27,L38390,L,303.36,313.66,1783,29.77,195,0,0,0,0,0,0
28,L20247,L,300.21,309.68,1779,30.8,71,0,0,0,0,0,0
29,L79051,L,299.41,310.39,1638,45.43,89,0,0,0,0,0,0
30,L69719,L,299.2,311.09,1375,31.08,96,0,0,0,0,0,0
31,M44678,M,296.97,307.97,1360,47.21,127,0,0,0,0,0,0
32,L97802,L,297.39,308.41,1774,33.0,139,0,0,0,0,0,0
33,L86286,L,302.57,313.23,1764,17.11,204,1,1,0,1,0,0
34,H39583,H,299.05,310.49,1524,30.79,212,0,0,0,0,0,0
35,H18076,H,300.04,310.56,1957,23.68,179,0,0,0,0,0,0
36,M28006,M,295.91,306.16,1618,50.32,164,0,0,0,0,0,0
37,L25051,L,297.36,309.17,1336,48.75,152,0,0,0,0,0,0
38,L14314,L,301.22,311.39,1485,39.97,38,0,0,0,0,0,0
39,M38670,M,300.76,312.34,1536,3.8,194,1,0,0,1,0,0
40,L77551,L,303.51,314.0,1551,19.32,146,1,0,0,1,0,0
41,L20236,L,302.69,313.95,1760,38.48,70,0,0,0,0,0,0
42,L45568,L,299.54,308.99,1363,50.26,208,0,0,0,0,0,0
43,L70314,L,300.95,311.67,1295,36.02,76,0,0,0,0,0,0
44,H26352,H,299.37,309.86,1643,35.11,23,0,0,0,0,0,0
45,L55650,L,304.11,314.0,1444,39.26,178,0,0,0,0,0,0
46,M20346,M,302.3,313.14,1971,30.3,44,0,0,0,0,0,0
47,L35156,L,300.34,311.81,1705,30.48,7,0,0,0,0,0,0
48,L65904,L,300.4,310.64,1440,47.89,199,0,0,0,0,0,0
49,L24035,L,302.89,313.42,1753,41.72,172,0,0,0,0,0,0
50,L26108,L,301.16,311.62,1666,26.13,129,0,0,0,0,0,0
51,H12853,H,303.12,314.0,1649,24.37,157,0,0,0,0,0,0
52,M94156,M,295.61,306.06,1513,30.33,66,0,0,0,0,0,0
53,H14176,H,300.92,310.39,1611,36.01,172,0,0,0,0,0,0
54,M35920,M,298.97,308.1,1168,53.42,153,0,0,0,0,0,0
55,L64850,L,303.51,314.0,1772,38.71,16,0,0,0,0,0,0
56,H16829,H,303.09,313.03,1168,60.97,37,0,0,0,0,0,0
57,L83927,L,300.07,311.43,1455,42.93,66,0,0,0,0,0,0
58,L94860,L,303.07,312.44,1248,48.55,56,0,0,0,0,0,0
59,L50667,L,303.57,313.73,1445,56.0,160,0,0,0,0,0,0
60,L75842,L,300.15,309.52,1522,37.7,93,0,0,0,0,0,0
61,L45843,L,304.5,314.0,1320,49.82,206,0,0,0,0,0,0
62,L60808,L,299.94,311.29,1168,52.98,71,0,0,0,0,0,0
63,M40543,M,299.57,310.61,1572,34.86,93,0,0,0,0,0,0
64,L82780,L,301.73,311.35,1911,28.74,63,0,0,0,0,0,0
65,L16611,L,299.29,309.25,1472,51.8,22,0,0,0,0,0,0
66,L98242,L,300.17,311.1,1708,32.79,11,0,0,0,0,0,0
67,L94612,L,302.82,311.83,1806,28.93,102,0,0,0,0,0,0
68,M56902,M,300.04,310.5,1193,39.18,250,0,0,0,0,0,0
69,L43043,L,296.61,308.83,1453,43.61,239,0,0,0,0,0,0
70,H15271,H,300.73,311.25,1305,38.28,7,0,0,0,0,0,0
71,M82867,M,298.61,307.82,1390,44.64,200,0,0,0,0,0,0
72,L87089,L,301.73,311.82,1841,32.5,199,0,0,0,0,0,0
73,L68745,L,301.39,311.46,1575,32.49,37,0,0,0,0,0,0
74,M72077,M,302.94,314.0,1677,22.25,32,0,0,0,0,0,0
75,M69119,M,301.82,314.0,1527,27.87,175,0,0,0,0,0,0
76,M21573,M,302.18,313.61,1317,34.02,96,0,0,0,0,0,0
77,M31409,M,298.66,309.02,1657,25.9,44,0,0,0,0,0,0
78,L95970,L,301.61,313.51,1760,36.25,74,0,0,0,0,0,0
79,L34464,L,303.94,313.5,1592,55.14,150,1,0,0,1,0,0
80,L52840,L,298.62,310.4,1623,30.79,106,0,0,0,0,0,0
81,M58785,M,303.6,314.0,1313,39.45,242,0,0,0,0,0,0
82,M30662,M,298.9,309.45,1662,29.43,114,0,0,0,0,0,0
83,L28228,L,298.3,310.14,1777,39.15,42,0,0,0,0,0,0
84,L70721,L,300.59,310.85,1608,39.43,24,0,0,0,0,0,0
85,L59223,L,301.43,310.87,1212,47.09,14,0,0,0,0,0,0
86,L17386,L,301.82,313.5,1829,21.82,9,0,0,0,0,0,0
87,M16862,M,298.08,308.69,1365,31.82,147,0,0,0,0,0,0
88,M50108,M,300.87,312.17,1605,37.27,15,0,0,0,0,0,0
89,M85023,M,298.63,311.15,1707,35.45,98,0,0,0,0,0,0
90,L90140,L,297.02,307.0,1729,33.0,124,0,0,0,0,0,0
91,L92963,L,298.14,308.7,1211,55.18,97,0,0,0,0,0,0
92,M37201,M,298.5,310.77,1556,25.57,212,0,0,0,0,0,0
93,M78578,M,301.04,312.41,1544,39.92,56,0,0,0,0,0,0
94,L59966,L,302.3,312.3,1794,33.92,45,0,0,0,0,0,0
95,M64774,M,297.05,306.8,1618,26.94,110,0,0,0,0,0,0
96,L20386,L,300.7,310.88,1796,27.08,123,0,0,0,0,0,0
97,L87228,L,297.65,307.61,1632,41.19,247,0,0,0,0,0,0
98,L25225,L,301.26,312.2,1522,26.94,231,0,0,0,0,0,0
99,L26693,L,298.75,309.53,1570,58.98,128,1,0,0,1,0,0
100,L82197,L,297.9,308.88,1809,36.07,24,0,0,0,0,0,0
101,L53021,L,301.6,311.46,1302,43.39,55,0,0,0,0,0,0
102,M28261,M,298.83,309.46,1698,31.61,45,0,0,0,0,0,0
103,L37378,L,299.37,308.01,1422,48.23,186,0,0,0,0,0,0
104,L96755,L,295.56,306.41,1383,37.16,189,0,0,0,0,0,0
105,H21937,H,301.89,313.77,1719,30.24,205,0,0,0,0,0,0
106,L76330,L,301.64,310.92,1376,56.76,188,0,0,0,0,0,0
107,L57366,L,300.01,311.19,1603,31.53,210,0,0,0,0,0,0
108,M82322,M,296.94,307.03,1447,40.94,7,0,0,0,0,0,0
109,L50160,L,302.42,313.92,1168,39.73,40,0,0,0,0,0,0
110,L55313,L,298.67,309.53,1621,37.64,142,0,0,0,0,0,0
111,L37032,L,299.09,310.2,1558,42.12,43,0,0,0,0,0,0
112,L27358,L,304.5,314.0,1191,68.34,81,0,0,0,0,0,0
113,H71710,H,298.59,310.62,1409,31.13,254,0,0,0,0,0,0
114,M96157,M,301.48,312.53,1210,30.22,128,0,0,0,0,0,0
115,M58821,M,301.12,311.12,1667,32.08,110,0,0,0,0,0,0
116,M38365,M,300.78,311.58,1785,27.15,254,0,0,0,0,0,0
117,M23189,M,300.56,310.9,1688,33.81,224,0,0,0,0,0,0
118,L86749,L,300.75,311.62,1713,37.81,192,0,0,0,0,0,0
119,M17248,M,300.54,310.82,1442,62.24,116,1,0,0,1,0,0
120,L14369,L,299.9,309.92,1633,31.12,161,0,0,0,0,0,0
121,M73763,M,303.02,313.92,1533,16.72,131,1,0,0,1,0,0
122,M18050,M,297.37,308.13,1568,34.36,80,0,0,0,0,0,0
123,L38605,L,302.04,313.81,1707,36.5,129,0,0,0,0,0,0
124,L59616,L,301.64,311.93,1747,24.85,166,0,0,0,0,0,0
125,L64479,L,301.4,310.12,1465,41.4,254,0,0,0,0,0,0
126,L90934,L,302.23,312.57,1282,46.24,248,1,0,0,0,1,0
127,M50883,M,299.81,308.89,1501,40.64,181,0,0,0,0,0,0
128,M43055,M,296.26,307.38,1496,45.89,137,0,0,0,0,0,0
129,L78731,L,299.86,308.88,1586,35.37,41,0,0,0,0,0,0
130,L17450,L,298.02,307.73,1685,38.66,44,0,0,0,0,0,0
131,L12925,L,298.54,308.87,1190,26.49,100,1,0,0,1,0,0
132,L90051,L,297.52,309.76,1414,30.77,153,0,0,0,0,0,0
133,L60272,L,299.05,308.67,1362,38.49,26,0,0,0,0,0,0
134,L15310,L,298.81,309.52,1760,24.37,166,0,0,0,0,0,0
135,H41817,H,295.24,306.52,1497,38.32,152,0,0,0,0,0,0
136,L54528,L,301.4,313.58,1443,36.3,28,0,0,0,0,0,0
137,L65779,L,304.44,314.0,1632,31.12,109,0,0,0,0,0,0
138,M94816,M,301.21,313.01,1428,48.98,209,0,0,0,0,0,0
139,L92641,L,299.59,311.16,1532,38.18,21,0,0,0,0,0,0
140,H94083,H,299.89,309.38,1862,22.44,114,0,0,0,0,0,0
141,H86310,H,299.16,310.22,1857,26.21,89,0,0,0,0,0,0
142,L25457,L,300.18,311.73,1462,46.58,187,0,0,0,0,0,0
143,L52311,L,299.93,309.67,1502,40.05,89,0,0,0,0,0,0
144,L13980,L,298.32,308.44,1424,52.28,179,0,0,0,0,0,0
145,L30886,L,303.37,313.26,1188,58.42,84,0,0,0,0,0,0
146,L87112,L,297.03,308.5,1722,30.04,148,0,0,0,0,0,0
147,M60877,M,301.44,312.07,1971,39.5,105,0,0,0,0,0,0
148,L46181,L,299.8,310.18,1455,54.31,135,0,0,0,0,0,0
149,L43262,L,303.8,313.22,1388,22.85,116,1,0,0,1,0,0
150,L10947,L,300.68,311.31,1486,38.87,65,0,0,0,0,0,0
151,H10022,H,299.28,309.41,1550,31.88,237,1,1,0,0,0,0
152,L11128,L,299.5,310.45,1331,40.26,225,1,1,0,0,0,0
153,L89522,L,300.08,309.64,1452,31.4,203,0,0,0,0,0,0
154,L42322,L,297.71,308.59,1718,25.51,112,0,0,0,0,0,0
155,H58929,H,298.47,308.73,1558,45.06,17,0,0,0,0,0,0
156,L91696,L,296.43,305.88,1764,23.0,80,0,0,0,0,0,0
157,M19808,M,298.15,307.53,1601,36.63,142,0,0,0,0,0,0
158,M62882,M,300.19,309.71,1339,28.36,2,0,0,0,0,0,0
159,L31725,L,300.6,311.09,1431,52.73,84,0,0,0,0,0,0
160,M82534,M,296.04,306.86,1580,36.54,82,0,0,0,0,0,0
161,L49950,L,299.73,310.7,1333,50.99,58,0,0,0,0,0,0
162,M98954,M,301.13,312.13,1310,45.89,182,0,0,0,0,0,0
163,M93576,M,299.67,309.62,1320,40.65,121,0,0,0,0,0,0
164,L30557,L,298.73,310.49,1628,35.8,159,0,0,0,0,0,0
165,L31825,L,299.18,309.43,1469,53.7,10,0,0,0,0,0,0
166,M18998,M,298.92,310.07,1748,25.43,209,0,0,0,0,0,0
167,L46080,L,298.73,309.26,1374,15.13,180,1,0,0,1,0,0
168,L67797,L,300.35,311.42,1168,39.4,156,0,0,0,0,0,0
169,L25802,L,304.5,314.0,1511,26.45,66,0,0,0,0,0,0
170,L21167,L,298.51,309.61,1832,38.85,241,0,0,0,0,0,0
171,M52407,M,299.36,310.06,1541,35.54,131,0,0,0,0,0,0
172,L23338,L,299.9,311.41,1288,53.69,219,1,0,0,0,1,0
173,L86289,L,298.63,308.51,1243,46.48,136,0,0,0,0,0,0
174,L81520,L,302.2,311.13,1751,32.8,56,0,0,0,0,0,0
175,M28895,M,295.26,305.0,1390,42.92,165,0,0,0,0,0,0
176,L57910,L,298.94,310.71,1813,43.31,6,0,0,0,0,0,0
177,M75898,M,301.64,312.18,1653,36.28,192,0,0,0,0,0,0
178,L13454,L,299.41,310.2,1396,52.41,162,0,0,0,0,0,0
179,H96540,H,298.36,308.0,1745,41.41,174,0,0,0,0,0,0
180,L70797,L,300.88,311.65,1369,40.15,33,0,0,0,0,0,0
181,L93137,L,301.81,311.49,1274,44.13,62,0,0,0,0,0,0
182,L60637,L,300.42,310.25,1379,37.62,8,0,0,0,0,0,0
183,H15349,H,298.4,308.7,1673,45.22,89,0,0,0,0,0,0
184,M49963,M,300.91,312.06,1740,25.18,199,0,0,0,0,0,0
185,L85583,L,299.2,310.45,1464,32.07,18,0,0,0,0,0,0
186,M17750,M,301.49,312.77,1199,44.5,153,0,0,0,0,0,0
187,M32463,M,302.97,312.08,1255,32.56,173,0,0,0,0,0,0
188,L84935,L,295.0,305.69,1343,36.36,55,0,0,0,0,0,0
189,L68792,L,300.22,310.73,1302,56.5,9,0,0,0,0,0,0
190,L23686,L,296.53,305.7,1583,42.09,119,0,0,0,0,0,0
191,L73528,L,304.5,314.0,1884,27.21,170,0,0,0,0,0,0
192,M32787,M,299.06,309.51,1678,40.99,157,0,0,0,0,0,0
193,H24776,H,301.49,312.7,1332,65.41,39,1,0,0,1,0,0
194,M67427,M,299.93,310.71,1410,43.82,227,1,1,0,0,0,0
195,L71086,L,298.39,308.54,1445,53.73,182,0,0,0,0,0,0
196,L73308,L,298.16,309.78,1605,43.3,185,0,0,0,0,0,0
197,M25797,M,303.17,311.65,1818,29.2,30,0,0,0,0,0,0
198,M15302,M,301.91,312.55,1451,41.44,199,0,0,0,0,0,0
199,M73172,M,303.89,312.82,1812,35.78,233,0,0,0,0,0,0
200,M48059,M,300.11,309.9,1914,24.36,46,0,0,0,0,0,0
201,M10908,M,300.58,311.8,1472,13.53,204,1,0,0,1,0,0
202,L70252,L,299.47,308.89,1467,30.9,36,0,0,0,0,0,0
203,L90659,L,299.43,308.7,1470,17.95,221,1,0,0,1,0,0
204,M22877,M,297.92,311.0,1546,30.09,184,0,0,0,0,0,0
205,M24239,M,300.17,309.51,1471,22.33,78,1,0,0,1,0,0
206,L96971,L,298.42,310.77,1694,41.26,184,0,0,0,0,0,0
207,L37313,L,300.88,311.41,1256,32.13,98,0,0,0,0,0,0
208,M52103,M,300.34,310.52,1439,45.24,130,0,0,0,0,0,0
209,L58408,L,300.58,311.84,1594,42.83,156,0,0,0,0,0,0
210,L93251,L,303.35,314.0,1692,39.81,215,0,0,0,0,0,0
211,L98771,L,299.92,309.48,1930,15.82,44,1,0,0,1,0,0
212,M20534,M,301.51,311.7,1303,56.31,86,0,0,0,0,0,0
213,M53060,M,304.1,314.0,1418,44.66,72,0,0,0,0,0,0
214,L27189,L,302.61,313.6,1168,58.92,252,1,0,0,0,1,0
215,M96067,M,302.31,314.0,1335,62.54,1,0,0,0,0,0,0
216,L20967,L,299.39,310.6,1217,56.45,142,0,0,0,0,0,0
217,L91991,L,300.46,312.97,1441,28.0,223,1,1,0,0,0,0
218,M75563,M,297.36,308.24,1494,44.62,145,0,0,0,0,0,0
219,M18660,M,301.0,311.92,1620,22.08,246,0,0,0,0,0,0
220,M49823,M,300.55,311.57,1481,38.07,156,0,0,0,0,0,0
221,M65842,M,300.05,310.6,1620,30.93,39,0,0,0,0,0,0
222,L19616,L,302.05,313.6,1556,36.93,2,0,0,0,0,0,0
223,L85976,L,297.58,308.52,1349,26.44,224,1,1,0,0,0,0
224,L58738,L,303.27,314.0,1231,30.31,57,0,0,0,0,0,0
225,L23107,L,301.8,313.45,1640,31.01,70,0,0,0,0,0,0
226,L71404,L,299.86,310.99,1831,29.55,93,0,0,0,0,0,0
227,H25954,H,299.7,310.9,1991,25.71,218,0,0,0,0,0,0
228,L26943,L,300.96,310.65,1703,45.83,165,0,0,0,0,0,0
229,M50725,M,303.04,313.19,1797,35.25,156,0,0,0,0,0,0
230,M55434,M,300.2,311.75,1618,38.92,158,0,0,0,0,0,0
231,M95751,M,300.29,312.41,1589,32.6,125,0,0,0,0,0,0
232,L20110,L,300.04,308.8,1555,24.03,192,0,0,0,0,0,0
233,L97091,L,303.56,313.7,1516,37.76,104,0,0,0,0,0,0
234,L26462,L,299.26,309.99,1644,50.59,42,0,0,0,0,0,0
235,L89232,L,299.94,309.76,1441,41.98,154,0,0,0,0,0,0
236,M64081,M,302.93,312.8,1508,48.55,154,0,0,0,0,0,0
237,L62799,L,300.29,311.47,1323,56.73,117,0,0,0,0,0,0
238,L76567,L,302.27,314.0,1620,40.3,220,0,0,0,0,0,0
239,M99301,M,298.18,306.85,1362,44.37,68,1,0,1,0,0,0
240,L61224,L,299.59,310.12,1541,28.0,2,0,0,0,0,0,0
241,H66063,H,302.97,314.0,1625,33.42,156,0,0,0,0,0,0
242,H65240,H,298.65,310.13,1640,31.78,232,0,0,0,0,0,0
243,H91352,H,299.7,310.72,1674,37.05,102,0,0,0,0,0,0
244,L27868,L,300.51,312.97,1497,24.75,243,0,0,0,0,0,0
245,L85973,L,298.02,308.75,1622,30.57,140,0,0,0,0,0,0
246,H90989,H,299.17,311.18,1447,43.58,96,0,0,0,0,0,0
247,L32222,L,300.23,310.28,1180,40.02,59,0,0,0,0,0,0
248,H89794,H,300.09,310.85,1630,27.1,83,0,0,0,0,0,0
249,H73924,H,302.56,312.05,1589,28.93,66,0,0,0,0,0,0
250,M88513,M,303.08,314.0,1717,31.09,197,0,0,0,0,0,0
251,L64649,L,298.29,308.87,1530,15.16,106,1,0,0,1,0,0
252,L93749,L,300.22,311.28,1246,37.39,80,0,0,0,0,0,0
253,M20223,M,301.35,311.74,1519,46.72,122,0,0,0,0,0,0
254,L58166,L,303.03,314.0,1695,36.55,46,0,0,0,0,0,0
255,L49369,L,301.44,312.53,1621,39.07,195,0,0,0,0,0,0
256,L96379,L,300.58,310.29,1509,20.63,96,1,0,0,1,0,0
257,H79392,H,301.33,311.1,1236,41.57,160,0,0,0,0,0,0
258,M69526,M,301.35,312.02,1350,41.2,5,0,0,0,0,0,0
259,L22661,L,298.14,309.5,1621,39.45,117,0,0,0,0,0,0
260,L25591,L,300.39,312.95,1235,59.26,191,1,0,0,0,1,0
261,M81718,M,302.92,313.92,1478,48.03,232,1,1,0,0,0,0
262,H65235,H,299.59,311.29,1542,31.72,77,0,0,0,0,0,0
263,L17970,L,300.26,309.35,1742,28.27,237,1,1,0,0,0,0
264,L57922,L,299.51,312.23,1646,47.11,250,1,0,0,0,1,0
265,M40755,M,295.37,306.68,1708,30.52,198,0,0,0,0,0,0
266,M29416,M,300.04,310.69,1589,26.29,69,0,0,0,0,0,0
267,M23672,M,300.6,311.14,1383,39.29,178,0,0,0,0,0,0
268,M93468,M,298.98,308.57,1425,53.79,66,0,0,0,0,0,0
269,L56996,L,297.69,307.57,1367,32.43,100,0,0,0,0,0,0
270,L84095,L,298.24,310.85,1641,31.17,149,0,0,0,0,0,0
271,M10064,M,301.53,311.24,1410,31.86,229,0,0,0,0,0,0
272,M78835,M,303.95,313.64,1464,48.49,199,0,0,0,0,0,0
273,M80385,M,302.76,312.76,1539,39.91,23,0,0,0,0,0,0
274,H15639,H,297.31,306.81,1830,38.55,204,0,0,0,0,0,0
275,L21055,L,301.71,312.42,1653,48.21,204,0,0,0,0,0,0
276,L69220,L,298.67,310.46,1396,25.53,64,0,0,0,0,0,0
277,M97594,M,298.84,308.92,1562,29.71,242,0,0,0,0,0,0
278,M39427,M,299.08,308.4,1832,27.88,180,0,0,0,0,0,0
279,M92516,M,301.41,312.4,1646,35.41,127,0,0,0,0,0,0
280,M74666,M,301.92,312.56,1247,51.74,168,0,0,0,0,0,0
281,M74274,M,299.8,311.51,1370,36.68,99,0,0,0,0,0,0
282,L20866,L,299.84,310.08,1356,34.93,31,0,0,0,0,0,0
283,L13889,L,300.93,311.37,1794,39.57,68,0,0,0,0,0,0
284,L58226,L,301.14,311.69,1761,36.98,240,1,1,0,0,0,0
285,L41335,L,302.35,313.14,1422,43.46,70,0,0,0,0,0,0
286,L60547,L,297.43,307.74,1419,18.72,241,1,0,0,1,0,0
287,L36162,L,300.04,310.19,1543,48.33,44,0,0,0,0,0,0
288,L99449,L,297.86,306.71,1548,38.7,31,0,0,0,0,0,0
289,L34687,L,299.9,310.03,1362,40.37,27,0,0,0,0,0,0
290,L20995,L,299.55,310.96,1490,30.57,96,0,0,0,0,0,0
291,L66488,L,299.91,311.46,1273,37.88,237,0,0,0,0,0,0
292,L12631,L,298.4,308.63,1764,25.25,13,0,0,0,0,0,0
293,M44954,M,297.03,309.02,1218,23.55,140,1,0,0,1,0,0
294,L15967,L,295.81,306.48,1216,37.48,220,0,0,0,0,0,0
295,L98294,L,299.74,309.1,1613,21.32,177,0,0,0,0,0,0
296,L97278,L,299.14,308.19,1312,43.0,167,0,0,0,0,0,0
297,M74471,M,298.65,310.57,1445,28.25,128,0,0,0,0,0,0
298,L47116,L,302.65,312.97,1546,43.81,174,0,0,0,0,0,0
299,M44227,M,298.28,307.77,1657,20.2,112,0,0,0,0,0,0
300,L11942,L,302.83,311.27,1495,49.77,112,0,0,0,0,0,0
301,L57664,L,303.25,313.55,1855,37.34,218,0,0,0,0,0,0
302,L38069,L,296.1,307.2,1535,27.38,29,0,0,0,0,0,0
303,L97342,L,300.18,310.19,1749,31.98,33,0,0,0,0,0,0
304,M24407,M,299.2,308.85,1585,28.43,45,0,0,0,0,0,0
305,M69201,M,295.0,305.15,1919,34.18,0,0,0,0,0,0,0
306,H90093,H,297.11,309.05,1726,48.15,161,0,0,0,0,0,0
307,L64348,L,301.55,310.86,1543,48.1,186,0,0,0,0,0,0
308,L91981,L,304.04,314.0,1648,28.79,134,0,0,0,0,0,0
309,M27878,M,301.81,313.72,1488,39.61,192,0,0,0,0,0,0
310,L93100,L,300.65,311.84,1486,53.22,169,0,0,0,0,0,0
311,L88629,L,299.96,310.84,1300,49.84,209,0,0,0,0,0,0
312,L65420,L,303.37,313.42,1390,51.65,226,1,1,0,0,1,0
313,L53168,L,304.3,314.0,1906,34.96,241,0,0,0,0,0,0
314,H64862,H,298.83,308.99,1318,44.29,18,0,0,0,0,0,0
315,M99622,M,296.0,305.84,1417,39.73,140,0,0,0,0,0,0
316,M92025,M,295.8,305.42,1518,26.32,22,0,0,0,0,0,0
317,L38004,L,302.64,314.0,1524,30.4,65,0,0,0,0,0,0
318,L30471,L,299.91,310.55,1604,27.67,130,0,0,0,0,0,0
319,L70167,L,300.37,311.38,1451,36.03,85,0,0,0,0,0,0
320,L93828,L,296.42,307.27,1615,36.36,163,0,0,0,0,0,0
321,L75308,L,298.49,309.63,1741,32.03,176,0,0,0,0,0,0
322,M93969,M,299.41,309.85,1763,34.25,199,0,0,0,0,0,0
323,M24568,M,300.42,310.63,1487,44.93,86,0,0,0,0,0,0
324,L19466,L,299.2,309.09,1645,31.21,71,0,0,0,0,0,0
325,H67324,H,297.93,307.21,1329,51.08,184,0,0,0,0,0,0
326,M25467,M,298.43,308.01,1405,52.38,88,0,0,0,0,0,0
327,L85955,L,302.42,312.75,1324,47.78,226,1,1,0,0,0,0
328,M62948,M,300.49,309.59,1527,32.42,191,0,0,0,0,0,0
329,L26676,L,301.22,310.54,1380,51.33,110,0,0,0,0,0,0
330,L41514,L,298.2,309.94,1261,50.91,138,0,0,0,0,0,0
331,L32650,L,295.0,305.92,1466,45.14,40,0,0,0,0,0,0
332,M98290,M,298.95,309.2,1224,64.78,234,1,0,0,0,1,0
333,L87701,L,298.27,311.24,1774,38.03,5,0,0,0,0,0,0
334,L20683,L,300.7,309.75,1435,55.66,105,0,0,0,0,0,0
335,L69819,L,304.5,314.0,1712,32.22,233,1,1,0,0,0,0
336,L90978,L,301.39,311.98,1446,35.34,241,0,0,0,0,0,0
337,M14860,M,304.5,314.0,1320,55.88,44,0,0,0,0,0,0
338,M13729,M,301.14,311.95,1747,24.72,208,0,0,0,0,0,0
339,L41351,L,298.74,307.57,1551,54.38,227,1,1,0,0,1,0
340,L72744,L,300.7,311.49,1875,40.51,184,0,0,0,0,0,0
341,L34346,L,303.56,314.0,1451,40.35,81,0,0,0,0,0,0
342,L84155,L,303.66,312.17,1455,51.21,160,0,0,0,0,0,0
343,L86700,L,298.85,311.49,1716,38.92,188,0,0,0,0,0,0
344,L16955,L,300.51,311.52,1717,22.61,17,0,0,0,0,0,0
345,L75642,L,297.14,308.51,1563,29.18,6,0,0,0,0,0,0
346,M80290,M,301.65,311.18,2135,28.75,28,0,0,0,0,0,0
347,M54293,M,303.11,314.0,1484,40.14,196,0,0,0,0,0,0
348,L71336,L,300.08,311.87,1306,58.2,143,0,0,0,0,0,0
349,L31662,L,298.67,309.62,1355,45.49,222,1,1,0,0,0,0
350,M16408,M,300.72,311.41,1486,26.34,196,0,0,0,0,0,0
351,L50403,L,300.83,310.64,1808,27.36,73,0,0,0,0,0,0
352,M11225,M,300.16,310.65,1501,45.25,254,0,0,0,0,0,0
353,M22196,M,300.36,310.55,1817,17.17,156,1,0,0,1,0,0
354,L79786,L,299.65,310.92,1613,22.99,156,0,0,0,0,0,0
355,L25372,L,301.99,311.84,1730,30.03,15,0,0,0,0,0,0
356,M27279,M,301.47,312.74,1605,43.98,3,0,0,0,0,0,0
357,L64240,L,298.03,307.89,1603,33.8,64,0,0,0,0,0,0
358,L48187,L,297.98,308.42,1670,38.25,71,0,0,0,0,0,0
359,H58481,H,299.49,310.81,1433,40.03,219,0,0,0,0,0,0
360,L38475,L,301.47,311.47,1435,38.52,128,0,0,0,0,0,0
361,L54552,L,300.3,311.65,1598,30.0,249,0,0,0,0,0,0
362,M77969,M,298.71,309.97,1884,36.79,219,0,0,0,0,0,0
363,L86534,L,300.52,310.95,1258,31.27,130,0,0,0,0,0,0
364,L16858,L,299.34,311.2,1170,46.12,63,0,0,0,0,0,0
365,H84486,H,301.76,312.54,1488,49.55,241,0,0,0,0,0,0
366,L84474,L,300.67,312.47,1721,26.94,65,0,0,0,0,0,0
367,H35168,H,299.37,311.86,1544,22.67,88,0,0,0,0,0,0
368,H42099,H,300.46,310.92,1325,20.37,56,1,0,0,1,0,0
369,L81180,L,302.63,313.98,1549,43.14,100,0,0,0,0,0,0
370,L71455,L,298.86,308.92,1223,55.44,202,1,1,0,0,1,0
371,L64240,L,300.81,310.47,1648,31.77,109,0,0,0,0,0,0
372,L84796,L,299.86,310.36,1479,26.42,17,0,0,0,0,0,0
373,L64592,L,300.85,310.19,1520,36.31,105,0,0,0,0,0,0
374,M57458,M,298.69,308.45,1612,46.01,38,0,0,0,0,0,0
375,L68046,L,300.22,311.51,1572,24.88,231,0,0,0,0,0,0
376,L26488,L,302.22,312.4,1438,50.4,123,0,0,0,0,0,0
377,M68841,M,298.13,309.54,1721,19.18,120,1,0,0,1,0,0
378,L10395,L,297.34,308.34,1678,24.43,83,0,0,0,0,0,0
379,M62669,M,297.42,309.97,1216,48.42,208,0,0,0,0,0,0
380,L20845,L,297.66,308.88,1494,47.45,6,0,0,0,0,0,0
381,L46059,L,301.19,313.0,1341,58.47,182,0,0,0,0,0,0
382,M28394,M,297.19,308.29,1307,54.72,111,0,0,0,0,0,0
383,M55906,M,299.4,310.42,1631,48.75,144,0,0,0,0,0,0
384,M69332,M,301.24,313.1,1460,41.04,67,0,0,0,0,0,0
385,M47305,M,300.83,312.2,1509,32.06,35,0,0,0,0,0,0
386,M52628,M,299.23,310.14,1414,52.5,123,0,0,0,0,0,0
387,L31352,L,300.38,311.29,1602,47.97,221,0,0,0,0,0,0
388,L96682,L,300.21,311.45,1657,42.62,0,0,0,0,0,0,0
389,M92971,M,299.55,309.58,1926,34.31,246,0,0,0,0,0,0
390,M61993,M,299.58,309.56,1502,51.41,34,0,0,0,0,0,0
391,H49386,H,304.47,314.0,1274,48.81,75,0,0,0,0,0,0
392,L66624,L,301.62,314.0,1444,39.47,144,0,0,0,0,0,0
393,L67065,L,304.5,314.0,1687,40.11,79,0,0,0,0,0,0
394,M95504,M,299.01,309.04,1396,45.95,155,0,0,0,0,0,0
395,L18539,L,299.83,311.67,1268,55.18,31,0,0,0,0,0,0
396,H11263,H,297.34,308.57,1400,39.58,237,1,1,0,0,0,0
397,M23305,M,298.38,309.76,1439,48.87,182,0,0,0,0,0,0
398,L63817,L,303.8,314.0,1340,51.92,34,0,0,0,0,0,0
399,M34398,M,298.96,309.42,1574,38.34,127,0,0,0,0,0,0
400,M85801,M,303.84,314.0,1521,30.61,18,0,0,0,0,0,0
401,L59107,L,297.51,308.47,1677,44.76,92,0,0,0,0,0,0
402,H42152,H,297.89,307.73,1455,27.47,92,0,0,0,0,0,0
403,L40624,L,299.32,310.33,1635,26.65,242,0,0,0,0,0,0
404,M66132,M,299.87,311.81,1446,41.28,79,0,0,0,0,0,0
405,L62979,L,301.85,312.21,1332,16.05,3,1,0,0,1,0,0
406,M68013,M,300.9,311.75,1437,55.24,148,0,0,0,0,0,0
407,L73797,L,299.17,310.07,1244,46.24,253,1,0,0,0,1,0
408,L61798,L,299.73,310.15,1857,42.73,112,0,0,0,0,0,0
409,H26650,H,299.36,310.74,1561,53.27,114,0,0,0,0,0,0
410,L36014,L,298.17,308.19,1392,39.57,171,0,0,0,0,0,0
411,L86421,L,298.22,310.26,1467,52.22,61,0,0,0,0,0,0
412,H17434,H,302.06,313.38,1168,36.05,128,0,0,0,0,0,0
413,H40028,H,296.34,306.11,1793,35.41,82,0,0,0,0,0,0
414,L76558,L,303.23,314.0,1776,28.45,50,0,0,0,0,0,0
415,M34331,M,299.31,310.18,1554,43.28,115,0,0,0,0,0,0
416,L77573,L,298.45,308.43,1593,43.92,107,0,0,0,0,0,0
417,L84292,L,301.48,313.28,1307,42.09,217,1,1,0,0,0,0
418,L56326,L,302.97,314.0,1320,49.32,203,0,0,0,0,0,0
419,M92979,M,302.24,311.16,1229,57.61,144,0,0,0,0,0,0
420,M14123,M,301.0,311.18,1506,39.83,36,0,0,0,0,0,0
421,M26603,M,302.17,313.15,1726,54.27,219,1,0,0,1,0,0
422,M75941,M,296.57,305.11,1466,37.74,35,0,0,0,0,0,0
423,L52597,L,298.96,309.74,1598,50.71,156,0,0,0,0,0,0
424,L73238,L,298.18,309.04,1711,43.07,68,0,0,0,0,0,0
425,L94238,L,302.45,311.97,1243,24.67,101,1,0,0,1,0,0
426,L52719,L,299.23,310.2,1867,42.14,130,0,0,0,0,0,0
427,L51751,L,301.69,312.4,1743,41.69,142,0,0,0,0,0,0
428,M96978,M,301.07,310.58,1628,36.21,194,0,0,0,0,0,0
429,L27693,L,298.28,309.89,1701,36.78,76,0,0,0,0,0,0
430,L99541,L,298.83,310.36,1710,37.64,196,0,0,0,0,0,0
431,L47697,L,302.59,313.0,1588,48.5,148,0,0,0,0,0,0
432,M39992,M,298.45,308.95,1792,28.67,104,0,0,0,0,0,0
433,M73825,M,300.25,311.68,1454,55.05,22,0,0,0,0,0,0
434,L19522,L,298.43,308.93,1618,25.81,46,0,0,0,0,0,0
435,L55406,L,299.37,308.14,1773,18.1,213,1,1,0,1,0,0
436,M22121,M,299.91,311.09,1168,56.33,33,0,0,0,0,0,0
437,L24219,L,298.43,308.32,1614,46.68,40,0,0,0,0,0,0
438,M11617,M,298.08,308.39,1665,32.86,217,0,0,0,0,0,0
439,M53016,M,300.57,312.73,1227,20.26,46,1,0,0,1,0,0
440,L60672,L,298.31,308.88,1586,22.66,158,0,0,0,0,0,0
441,L34276,L,298.38,309.08,1392,45.65,34,0,0,0,0,0,0
442,H82240,H,298.12,309.33,1606,35.58,134,0,0,0,0,0,0
443,L65735,L,299.84,311.05,1518,49.87,231,1,0,0,0,1,0
444,L27959,L,301.89,311.67,1365,42.75,44,0,0,0,0,0,0
445,M38522,M,303.01,313.65,1735,26.91,56,0,0,0,0,0,0
446,H66087,H,298.55,309.28,1460,42.28,223,0,0,0,0,0,0
447,H19953,H,304.3,314.0,1584,45.37,253,0,0,0,0,0,0
448,M36567,M,297.99,308.98,1772,43.27,116,0,0,0,0,0,0
449,L70523,L,302.17,314.0,1370,40.66,149,0,0,0,0,0,0
450,L72708,L,298.56,308.08,1536,37.92,110,0,0,0,0,0,0
451,M32560,M,298.26,309.94,1446,47.35,69,0,0,0,0,0,0
452,L68390,L,298.51,310.39,1486,31.34,148,0,0,0,0,0,0
453,L78149,L,299.9,311.09,1923,35.28,236,1,1,0,0,0,0
454,H46660,H,301.16,311.21,1617,33.37,102,0,0,0,0,0,0
455,L55104,L,301.34,313.7,1591,35.32,48,0,0,0,0,0,0
456,L67805,L,298.11,306.62,1629,35.19,46,0,0,0,0,0,0
457,L34496,L,298.02,308.04,1612,36.68,100,0,0,0,0,0,0
458,L93301,L,298.17,310.04,1206,70.22,154,0,0,0,0,0,0
459,L13515,L,299.78,310.11,1948,25.96,9,0,0,0,0,0,0
460,L14454,L,299.58,311.88,1271,40.36,85,0,0,0,0,0,0
461,L32873,L,298.1,307.29,1847,42.24,171,0,0,0,0,0,0
462,M83920,M,300.54,310.13,1646,38.67,178,0,0,0,0,0,0
463,M23727,M,304.5,314.0,1568,43.57,145,0,0,0,0,0,0
464,L79070,L,298.99,310.11,1480,28.74,195,0,0,0,0,0,0
465,H59979,H,299.13,309.61,2004,30.35,236,0,0,0,0,0,0
466,L35465,L,301.12,311.33,1644,41.92,98,0,0,0,0,0,0
467,L63900,L,298.88,311.0,1538,30.97,229,0,0,0,0,0,0
468,M69799,M,301.34,313.55,1439,46.08,37,0,0,0,0,0,0
469,L31330,L,298.56,308.85,1417,38.37,35,0,0,0,0,0,0
470,H18302,H,303.66,312.65,1544,31.12,59,0,0,0,0,0,0
471,L88443,L,300.69,309.23,1367,52.51,195,1,0,1,0,0,0
472,H99966,H,298.76,309.7,1657,44.41,236,1,1,0,0,0,0
473,L82717,L,298.82,310.18,1419,41.68,73,0,0,0,0,0,0
474,M22875,M,298.97,309.74,1716,37.15,95,0,0,0,0,0,0
475,L37219,L,302.75,313.37,1712,44.55,73,0,0,0,0,0,0
476,H46182,H,297.46,307.36,1525,33.86,234,0,0,0,0,0,0
477,L90541,L,298.66,310.02,1639,37.99,172,0,0,0,0,0,0
478,L52269,L,298.88,311.25,1648,31.4,73,0,0,0,0,0,0
479,H89781,H,299.97,308.45,1272,33.58,202,1,0,1,0,0,0
480,L16457,L,299.46,310.08,1847,27.96,113,0,0,0,0,0,0
481,M16749,M,297.02,306.75,1489,27.66,230,1,1,0,0,0,0
482,M43064,M,299.2,308.41,1660,38.18,136,0,0,0,0,0,0
483,L19821,L,299.8,309.37,1665,27.76,12,0,0,0,0,0,0
484,M88655,M,298.74,309.82,1168,31.92,184,0,0,0,0,0,0
485,L17664,L,301.37,312.48,1417,47.95,233,1,0,0,0,1,0
486,H39281,H,301.84,314.0,1686,39.73,81,0,0,0,0,0,0
487,L41821,L,299.84,310.55,1546,34.0,110,0,0,0,0,0,0
488,L34647,L,300.46,309.4,1659,40.61,56,0,0,0,0,0,0
489,H79918,H,295.68,306.14,1552,29.48,164,0,0,0,0,0,0
490,M91985,M,299.16,308.47,1756,29.59,174,0,0,0,0,0,0
491,L92799,L,302.01,311.5,1556,40.58,10,0,0,0,0,0,0
492,M84944,M,299.15,310.43,1791,40.25,155,0,0,0,0,0,0
493,L99142,L,298.53,309.42,1359,38.14,5,0,0,0,0,0,0
494,L37603,L,304.5,314.0,1512,32.25,160,0,0,0,0,0,0
495,L56458,L,303.64,313.98,1428,49.97,141,0,0,0,0,0,0
496,L80605,L,300.94,312.43,1605,41.17,174,0,0,0,0,0,0
497,L29623,L,302.28,312.56,1485,40.02,28,0,0,0,0,0,0
498,L54440,L,295.55,307.36,1494,49.69,102,0,0,0,0,0,0
499,H92427,H,298.42,309.47,1408,60.49,142,0,0,0,0,0,0
500,H17704,H,299.06,309.55,1452,43.07,239,0,0,0,0,0,0
501,M37460,M,299.53,310.44,1533,31.86,183,0,0,0,0,0,0
502,L93045,L,299.02,309.7,1171,55.0,68,0,0,0,0,0,0
503,L92805,L,295.0,307.3,1168,39.0,85,0,0,0,0,0,0
504,M83511,M,300.77,311.72,1546,48.58,243,0,0,0,0,0,0
505,M16565,M,301.09,311.79,1168,40.45,158,0,0,0,0,0,0
506,L98003,L,303.2,313.67,1500,36.35,18,0,0,0,0,0,0
507,H14870,H,298.42,309.97,1467,30.87,242,0,0,0,0,0,0
508,M28909,M,298.26,309.67,1633,36.69,145,0,0,0,0,0,0
509,H19117,H,295.0,305.43,1414,42.72,185,0,0,0,0,0,0
510,M77474,M,299.41,308.96,1818,37.38,197,0,0,0,0,0,0
511,M54322,M,301.8,311.6,1688,34.97,200,0,0,0,0,0,0
512,L30128,L,298.78,309.29,1263,45.9,29,0,0,0,0,0,0
513,H79001,H,304.29,314.0,1484,33.07,222,1,1,0,0,0,0
514,M10440,M,299.49,309.94,1810,29.39,162,0,0,0,0,0,0
515,L70955,L,300.29,310.4,1409,26.5,16,0,0,0,0,0,0
516,L59613,L,297.27,306.21,1525,50.65,233,1,0,0,0,1,0
517,L80949,L,300.57,312.79,1788,31.29,143,0,0,0,0,0,0
518,M21663,M,296.04,307.31,1438,56.2,224,1,0,0,0,1,0
519,H29547,H,301.39,312.88,1737,31.98,67,0,0,0,0,0,0
520,L91662,L,301.45,313.11,1371,21.92,222,1,0,0,1,0,0
521,L10005,L,302.72,313.25,1168,43.53,253,1,0,0,0,1,0
522,L17038,L,297.96,308.74,1756,32.6,32,0,0,0,0,0,0
523,H16414,H,300.32,312.51,1614,36.08,249,0,0,0,0,0,0
524,M97659,M,301.13,312.01,1626,41.2,241,0,0,0,0,0,0
525,M79506,M,300.88,312.17,1338,44.67,243,0,0,0,0,0,0
526,L86586,L,298.27,309.84,1353,38.79,35,0,0,0,0,0,0
527,L12606,L,295.22,306.56,1742,25.37,10,0,0,0,0,0,0
528,L26482,L,300.69,311.27,1579,32.6,187,0,0,0,0,0,0
529,L81873,L,299.7,310.36,1514,43.57,119,0,0,0,0,0,0
530,M43948,M,298.87,310.34,1575,44.19,3,0,0,0,0,0,0
531,M99987,M,301.53,313.0,1807,26.37,190,0,0,0,0,0,0
532,H30875,H,299.91,311.78,1665,43.07,242,0,0,0,0,0,0
533,H23057,H,297.36,308.61,1450,45.15,99,0,0,0,0,0,0
534,L42400,L,296.14,307.43,1282,34.77,4,0,0,0,0,0,0
535,M81458,M,297.74,308.0,1641,37.07,191,0,0,0,0,0,0
536,H78607,H,304.5,314.0,1369,45.73,84,0,0,0,0,0,0
537,M97561,M,301.45,312.93,1322,31.8,204,0,0,0,0,0,0
538,L37503,L,300.38,310.5,1772,21.35,131,0,0,0,0,0,0
539,L33765,L,299.64,310.32,1692,37.87,233,0,0,0,0,0,0
540,L56612,L,299.51,311.58,1604,31.66,113,0,0,0,0,0,0
541,H94335,H,302.33,314.0,1312,60.18,34,0,0,0,0,0,0
542,M91748,M,299.02,310.02,1857,44.13,25,0,0,0,0,0,0
543,L19428,L,301.15,311.56,1720,37.24,153,0,0,0,0,0,0
544,M41419,M,299.3,309.88,1480,47.91,18,0,0,0,0,0,0
545,M75195,M,303.88,314.0,1442,29.56,36,0,0,0,0,0,0
546,L83695,L,301.48,312.15,1549,24.67,138,0,0,0,0,0,0
547,L99846,L,302.49,312.63,1449,38.15,65,0,0,0,0,0,0
548,M49142,M,298.83,310.75,1933,20.11,127,0,0,0,0,0,0
549,L81540,L,302.12,313.0,1466,42.1,30,0,0,0,0,0,0
550,M48289,M,299.37,309.5,1343,34.31,145,0,0,0,0,0,0
551,L86948,L,300.22,311.4,1821,32.96,202,0,0,0,0,0,0
552,M68951,M,303.27,314.0,1433,38.26,43,0,0,0,0,0,0
553,L21755,L,297.91,307.61,1677,39.62,15,0,0,0,0,0,0
554,L94553,L,300.41,310.91,1657,37.41,185,0,0,0,0,0,0
555,M13890,M,300.88,311.33,1524,33.79,1,0,0,0,0,0,0
556,L27175,L,301.04,312.19,1360,27.72,58,0,0,0,0,0,0
557,L84727,L,299.1,310.43,1526,39.06,245,0,0,0,0,0,0
558,L75687,L,304.17,314.0,1324,24.42,223,1,1,0,1,0,0
559,M94983,M,297.41,306.62,1531,49.09,119,0,0,0,0,0,0
560,M98287,M,302.92,314.0,1674,38.75,249,0,0,0,0,0,0
561,M34288,M,302.43,312.01,1844,37.61,175,0,0,0,0,0,0
562,L56629,L,303.8,314.0,1339,32.41,239,1,1,0,0,0,0
563,L57800,L,296.82,307.39,1490,41.88,213,1,1,0,0,0,0
564,L47367,L,298.26,309.12,1441,33.15,163,0,0,0,0,0,0
565,L87810,L,302.98,314.0,1584,37.51,7,0,0,0,0,0,0
566,L87754,L,296.25,309.98,1261,34.09,35,0,0,0,0,0,0
567,L99328,L,296.79,305.85,1368,41.01,106,0,0,0,0,0,0
568,L78513,L,299.02,310.71,1230,30.52,24,0,0,0,0,0,0
569,H92762,H,300.38,310.93,1276,43.1,167,0,0,0,0,0,0
570,L39022,L,303.18,314.0,1416,23.83,124,0,0,0,0,0,0
571,L79329,L,299.63,311.29,1836,44.84,235,0,0,0,0,0,0
572,M69414,M,298.78,310.89,1598,37.3,222,0,0,0,0,0,0
573,L11659,L,300.62,311.61,1547,37.1,3,0,0,0,0,0,0
574,M67941,M,300.94,310.75,1777,37.68,230,0,0,0,0,0,0
575,M47930,M,300.88,312.51,1604,24.12,108,0,0,0,0,0,0
576,H53473,H,299.64,310.46,1621,28.45,170,0,0,0,0,0,0
577,L65598,L,296.09,306.56,1450,44.76,201,0,0,0,0,0,0
578,H26040,H,298.16,308.39,1420,41.97,154,0,0,0,0,0,0
579,L79806,L,302.84,314.0,1299,36.17,232,1,1,0,0,0,0
580,L23286,L,300.37,312.68,1427,46.66,165,0,0,0,0,0,0
581,L79139,L,299.35,308.86,1485,41.52,208,0,0,0,0,0,0
582,H65916,H,302.24,313.56,1597,40.41,108,0,0,0,0,0,0
583,L27600,L,297.74,308.07,1528,41.14,165,0,0,0,0,0,0
584,L12291,L,299.55,308.78,1469,32.35,119,0,0,0,0,0,0
585,M23123,M,300.28,311.12,1371,41.0,191,0,0,0,0,0,0
586,L13811,L,299.12,308.98,1607,19.1,216,1,0,0,1,0,0
587,L88883,L,300.2,309.32,1445,34.58,144,0,0,0,0,0,0
588,L41276,L,299.62,309.54,1599,33.64,140,0,0,0,0,0,0
589,L64145,L,297.2,306.87,1191,55.66,84,0,0,0,0,0,0
590,L56619,L,300.36,310.42,1596,40.51,78,0,0,0,0,0,0
591,L91049,L,297.34,306.72,1669,27.87,111,0,0,0,0,0,0
592,M80678,M,300.33,310.64,1647,28.06,116,0,0,0,0,0,0
593,L98782,L,302.75,312.74,1500,50.69,23,0,0,0,0,0,0
594,L36714,L,299.44,310.51,1700,31.23,6,0,0,0,0,0,0
595,M65685,M,297.66,308.95,1306,45.13,191,0,0,0,0,0,0
596,L22194,L,299.75,310.71,1519,45.13,116,0,0,0,0,0,0
597,M83062,M,298.34,308.8,1500,37.43,236,0,0,0,0,0,0
598,L74037,L,301.19,311.63,1722,32.02,62,0,0,0,0,0,0
599,L29362,L,299.7,309.57,1171,45.06,251,1,0,0,0,1,0
600,L64499,L,303.42,313.31,1345,37.19,229,0,0,0,0,0,0
601,L56281,L,302.33,313.73,1850,32.09,231,0,0,0,0,0,0
602,L72813,L,299.69,308.63,1168,26.7,149,1,0,0,1,0,0
603,L54852,L,301.43,312.05,1682,31.0,105,0,0,0,0,0,0
604,L57836,L,299.21,309.59,1409,46.16,180,0,0,0,0,0,0
605,L14595,L,300.07,311.37,1581,40.08,73,0,0,0,0,0,0
606,L25402,L,299.28,308.55,1789,43.31,224,0,0,0,0,0,0
607,L75283,L,301.53,312.25,1588,43.64,11,0,0,0,0,0,0
608,L98131,L,302.87,313.91,1793,35.21,199,0,0,0,0,0,0
609,L52723,L,301.6,310.39,1446,39.9,103,0,0,0,0,0,0
610,M61322,M,301.84,311.47,1470,34.52,124,0,0,0,0,0,0
611,L56764,L,301.85,312.45,1677,38.47,21,0,0,0,0,0,0
612,M34911,M,301.1,312.32,1456,42.54,230,0,0,0,0,0,0
613,M29405,M,297.72,308.6,1643,31.62,166,0,0,0,0,0,0
614,L68122,L,303.4,314.0,1748,25.67,46,0,0,0,0,0,0
615,M99756,M,303.61,313.23,1691,33.43,191,0,0,0,0,0,0
616,H13447,H,299.53,308.64,1251,59.05,43,0,0,0,0,0,0
617,L63143,L,299.26,310.04,1474,39.95,15,0,0,0,0,0,0
618,L72906,L,301.22,310.7,1586,36.39,58,0,0,0,0,0,0
619,M20662,M,301.1,310.94,1491,42.49,239,1,1,0,0,0,0
620,M73001,M,299.6,311.23,1549,41.43,33,0,0,0,0,0,0
621,L68282,L,297.5,308.39,1588,38.32,173,0,0,0,0,0,0
622,L14899,L,300.61,310.74,1440,39.36,207,1,1,0,0,0,0
623,L38582,L,301.1,311.1,1500,33.34,205,1,1,0,0,0,0
624,L77471,L,301.45,312.77,1322,54.21,197,0,0,0,0,0,0
625,M52213,M,300.7,311.61,1449,35.32,54,0,0,0,0,0,0
626,L85871,L,299.46,308.94,1260,63.34,119,0,0,0,0,0,0
627,L93205,L,301.99,310.74,1556,38.24,252,0,0,0,0,0,0
628,M84081,M,300.13,312.71,1500,38.69,113,0,0,0,0,0,0
629,L93805,L,299.07,308.55,1370,49.76,73,0,0,0,0,0,0
630,L47830,L,299.64,310.87,1856,25.82,23,0,0,0,0,0,0
631,M17066,M,296.51,308.72,1491,43.95,154,0,0,0,0,0,0
632,M20712,M,299.64,310.48,1587,37.15,110,0,0,0,0,0,0
633,L91527,L,301.38,311.48,1420,44.49,241,0,0,0,0,0,0
634,L75365,L,300.68,309.95,1460,32.53,200,0,0,0,0,0,0
635,L97185,L,303.04,312.3,1593,29.73,239,1,1,0,0,0,0
636,L40806,L,299.47,310.55,1475,21.05,143,1,0,0,1,0,0
637,L22210,L,300.97,313.13,1536,33.05,129,0,0,0,0,0,0
638,L46972,L,301.59,311.89,1680,29.75,158,0,0,0,0,0,0
639,L44136,L,304.5,314.0,1442,33.11,62,0,0,0,0,0,0
640,L54297,L,300.29,311.69,1295,42.96,46,0,0,0,0,0,0
641,L25945,L,297.91,307.93,1260,46.19,254,1,0,0,0,1,0
642,L52477,L,301.7,312.67,1794,35.93,18,0,0,0,0,0,0
643,L89180,L,303.73,314.0,1703,38.41,55,0,0,0,0,0,0
644,L80453,L,299.35,309.65,1653,40.3,10,0,0,0,0,0,0
645,L95404,L,301.68,312.37,1457,46.15,85,0,0,0,0,0,0
646,M87413,M,302.46,314.0,1295,47.29,220,0,0,0,0,0,0
647,L23224,L,302.03,313.34,1484,39.14,120,0,0,0,0,0,0
648,M13052,M,300.25,312.04,1518,46.51,222,0,0,0,0,0,0
649,M37272,M,298.6,308.38,1331,50.5,135,0,0,0,0,0,0
650,L51150,L,299.84,311.63,1270,28.39,73,0,0,0,0,0,0
651,L27316,L,300.92,312.26,1224,44.8,133,0,0,0,0,0,0
652,L63389,L,301.82,311.02,1653,19.03,158,1,0,0,1,0,0
653,L73332,L,300.67,311.91,1318,23.66,242,1,0,0,1,0,0
654,M17240,M,299.24,309.43,1591,31.44,98,0,0,0,0,0,0
655,L78774,L,301.11,310.26,1463,37.9,49,0,0,0,0,0,0
656,L53175,L,301.72,312.55,1641,31.21,103,0,0,0,0,0,0
657,L10565,L,300.76,312.0,1595,19.97,249,1,0,0,1,0,0
658,L97298,L,298.33,309.18,1493,45.8,28,0,0,0,0,0,0
659,M81094,M,299.64,310.23,1558,30.27,20,0,0,0,0,0,0
660,L26375,L,301.9,312.27,1515,42.44,168,0,0,0,0,0,0
661,L35710,L,297.23,310.4,1424,33.4,68,0,0,0,0,0,0
662,H59895,H,295.81,305.33,1711,29.31,196,0,0,0,0,0,0
663,M86639,M,303.02,314.0,1459,43.53,87,0,0,0,0,0,0
664,L25174,L,301.02,311.74,1519,34.42,78,0,0,0,0,0,0
665,L97329,L,301.21,311.06,1280,46.66,183,0,0,0,0,0,0
666,L37597,L,297.85,308.5,1584,38.67,27,0,0,0,0,0,0
667,L84289,L,301.48,310.78,1425,25.86,161,0,0,0,0,0,0
668,L48397,L,300.55,310.66,1449,44.26,55,0,0,0,0,0,0
669,L81854,L,296.83,307.48,1384,31.7,204,1,1,0,0,0,0
670,L43069,L,302.85,312.0,1513,27.36,182,0,0,0,0,0,0
671,L95687,L,300.32,311.52,1174,39.94,171,0,0,0,0,0,0
672,M50274,M,299.21,308.94,1658,41.6,159,0,0,0,0,0,0
673,L84237,L,299.24,308.49,1528,22.49,123,0,0,0,0,0,0
674,L82498,L,295.97,305.59,1451,45.92,213,0,0,0,0,0,0
675,L48197,L,301.19,314.0,1256,49.48,28,0,0,0,0,0,0
676,H58634,H,300.52,309.25,1613,36.18,2,0,0,0,0,0,0
677,L40041,L,299.61,310.75,1421,42.81,68,0,0,0,0,0,0
678,L17248,L,302.56,312.51,1770,30.02,252,0,0,0,0,0,0
679,H95365,H,297.23,307.58,1623,41.34,241,0,0,0,0,0,0
680,M12203,M,298.81,310.11,1811,28.26,10,0,0,0,0,0,0
681,M61986,M,298.3,309.55,1560,21.81,253,0,0,0,0,0,0
682,L35370,L,299.44,309.46,1729,32.5,175,0,0,0,0,0,0
683,L45247,L,300.13,309.48,1618,42.5,104,0,0,0,0,0,0
684,M85922,M,300.86,312.18,1454,44.26,52,0,0,0,0,0,0
685,H10434,H,299.31,310.56,1569,53.09,55,0,0,0,0,0,0
686,L72982,L,298.25,308.66,1385,38.75,180,0,0,0,0,0,0
687,L75180,L,303.37,314.0,1907,28.83,153,0,0,0,0,0,0
688,L44474,L,304.5,314.0,1517,35.57,136,0,0,0,0,0,0
689,M34644,M,300.29,310.16,1540,29.99,107,0,0,0,0,0,0
690,L48493,L,298.49,309.19,1605,31.47,202,0,0,0,0,0,0
691,L93824,L,302.95,314.0,1339,31.67,192,0,0,0,0,0,0
692,L13959,L,297.11,308.12,1773,13.78,101,1,0,0,1,0,0
693,L57289,L,299.33,310.54,1350,36.27,236,0,0,0,0,0,0
694,L21143,L,298.61,308.55,1310,44.0,55,0,0,0,0,0,0
695,L49593,L,297.68,309.96,1505,44.07,27,0,0,0,0,0,0
696,M49115,M,299.44,309.8,1305,37.59,150,0,0,0,0,0,0
697,L32540,L,298.27,308.85,1816,27.1,158,0,0,0,0,0,0
698,L45481,L,300.03,309.41,1493,48.25,193,0,0,0,0,0,0
699,L87097,L,300.05,310.56,1168,32.73,188,0,0,0,0,0,0
700,L32578,L,298.76,309.99,1571,34.98,81,0,0,0,0,0,0
701,L22787,L,299.26,310.72,1635,43.44,15,0,0,0,0,0,0
702,L82048,L,299.54,311.8,1459,32.31,186,0,0,0,0,0,0
703,L62879,L,301.62,312.84,1291,27.37,233,0,0,0,0,0,0
704,L20596,L,299.7,310.68,1516,53.91,208,1,1,0,0,1,0
705,L70669,L,301.65,311.9,1448,47.47,175,0,0,0,0,0,0
706,H29930,H,301.17,311.21,1359,50.9,16,0,0,0,0,0,0
707,L57950,L,301.14,312.81,1344,41.69,238,0,0,0,0,0,0
708,M28687,M,302.78,314.0,1563,42.53,34,0,0,0,0,0,0
709,L62833,L,297.76,307.38,1698,12.74,94,1,0,0,1,0,0
710,M45989,M,299.05,310.48,1618,31.54,226,0,0,0,0,0,0
711,M40183,M,303.53,314.0,1224,57.9,186,0,0,0,0,0,0
712,L30758,L,299.49,309.07,1646,22.66,215,0,0,0,0,0,0
713,L11082,L,295.0,306.24,1674,31.37,168,0,0,0,0,0,0
714,L55891,L,299.59,309.24,1786,34.65,36,0,0,0,0,0,0
715,L55810,L,300.27,308.54,1364,33.77,112,1,0,1,0,0,0
716,H56901,H,295.0,305.54,1525,37.64,29,0,0,0,0,0,0
717,M93512,M,302.67,313.63,1637,38.37,81,0,0,0,0,0,0
718,H81062,H,298.57,309.16,1440,42.79,218,1,1,0,0,0,0
719,L31563,L,300.66,314.0,1634,31.55,143,0,0,0,0,0,0
720,M82008,M,299.55,310.63,1531,29.67,211,1,1,0,0,0,0
721,H12775,H,297.42,308.27,1383,45.54,104,0,0,0,0,0,0
722,L25828,L,297.86,308.99,1398,44.46,46,0,0,0,0,0,0
723,L27974,L,298.13,308.39,1760,34.92,27,0,0,0,0,0,0
724,M32388,M,302.17,313.8,1356,43.47,148,0,0,0,0,0,0
725,L90591,L,299.7,310.77,1325,46.93,40,0,0,0,0,0,0
726,M28615,M,298.96,309.97,1597,43.74,252,0,0,0,0,0,0
727,L47886,L,298.13,308.21,1529,40.36,44,0,0,0,0,0,0
728,M32838,M,302.39,311.53,1299,45.19,96,0,0,0,0,0,0
729,L50728,L,302.93,313.13,1442,34.51,111,0,0,0,0,0,0
730,L88000,L,302.37,313.35,1388,55.58,200,1,0,0,0,1,0
731,L62798,L,300.98,311.24,1419,29.03,191,0,0,0,0,0,0
732,M82776,M,300.58,311.57,1989,27.34,215,0,0,0,0,0,0
733,M80478,M,297.57,308.04,1481,33.77,140,0,0,0,0,0,0
734,L29622,L,299.51,310.64,1376,22.61,221,1,0,0,1,0,0
735,L23536,L,298.63,308.36,1899,32.84,237,1,1,0,0,0,0
736,M77136,M,296.35,307.24,1695,32.09,170,0,0,0,0,0,0
737,L15700,L,302.11,312.17,1665,34.68,224,1,1,0,0,0,0
738,M48839,M,298.61,307.77,1385,39.52,118,0,0,0,0,0,0
739,L20248,L,302.39,312.93,1749,38.92,109,0,0,0,0,0,0
740,L55291,L,301.76,314.0,1682,41.57,116,0,0,0,0,0,0
741,L92629,L,301.11,310.35,1561,26.59,57,0,0,0,0,0,0
742,L94891,L,301.23,312.05,1226,67.36,215,1,0,0,0,1,0
743,M27177,M,298.77,310.27,1531,35.17,19,0,0,0,0,0,0
744,L29483,L,303.72,314.0,1846,35.59,113,0,0,0,0,0,0
745,L53815,L,300.09,310.29,1575,38.03,190,0,0,0,0,0,0
746,M48533,M,300.6,310.67,1467,40.08,0,0,0,0,0,0,0
747,L10026,L,298.7,308.24,1494,43.69,22,0,0,0,0,0,0
748,L70611,L,298.14,309.98,1506,50.57,32,0,0,0,0,0,0
749,H97242,H,300.95,310.79,1391,49.19,184,0,0,0,0,0,0
750,M34660,M,300.44,310.76,1528,35.23,208,0,0,0,0,0,0
751,L65103,L,298.42,307.27,1795,31.25,181,0,0,0,0,0,0
752,H62253,H,297.12,308.71,1774,27.74,193,0,0,0,0,0,0
753,M52082,M,297.46,309.32,1399,48.27,94,0,0,0,0,0,0
754,L26258,L,302.39,313.94,1765,37.26,122,0,0,0,0,0,0
755,L99690,L,298.77,307.87,1672,31.34,158,0,0,0,0,0,0
756,M25389,M,299.32,310.63,1649,46.27,181,0,0,0,0,0,0
757,M37685,M,302.9,311.93,1613,45.06,245,0,0,0,0,0,0
758,L69220,L,297.76,308.51,1368,61.0,143,0,0,0,0,0,0
759,M37195,M,298.55,309.45,1462,31.45,164,0,0,0,0,0,0
760,M31797,M,298.46,309.47,1685,33.15,100,0,0,0,0,0,0
761,L81310,L,303.24,314.0,1318,41.34,247,0,0,0,0,0,0
762,L76332,L,303.99,314.0,1348,70.19,134,1,0,0,1,0,0
763,L72907,L,301.5,310.24,1590,36.12,244,0,0,0,0,0,0
764,M17188,M,301.57,312.8,1393,54.15,227,1,1,0,0,1,0
765,L33696,L,298.84,309.64,1683,42.84,0,0,0,0,0,0,0
766,L12024,L,303.89,313.69,1399,40.09,221,0,0,0,0,0,0
767,M83202,M,300.54,309.67,1579,36.79,145,0,0,0,0,0,0
768,M45985,M,301.71,313.95,1594,40.64,169,0,0,0,0,0,0
769,L16584,L,299.79,311.72,1448,52.0,38,0,0,0,0,0,0
770,M37044,M,299.46,310.87,1492,36.75,25,0,0,0,0,0,0
771,L15285,L,303.33,313.35,1413,35.4,74,0,0,0,0,0,0
772,M73115,M,301.08,309.26,1532,46.13,192,0,0,0,0,0,0
773,L17370,L,302.9,314.0,1362,30.01,124,0,0,0,0,0,0
774,L27903,L,300.51,311.58,1495,40.75,124,0,0,0,0,0,0
775,M42499,M,298.3,308.63,1670,43.41,56,0,0,0,0,0,0
776,L32995,L,298.83,310.66,1330,47.7,229,1,1,0,0,0,0
777,L45200,L,300.21,311.75,1447,33.98,196,0,0,0,0,0,0
778,M98377,M,298.75,309.62,1628,26.38,213,0,0,0,0,0,0
779,M80402,M,297.79,308.52,1168,63.61,204,1,0,0,0,1,0
780,M23566,M,302.4,313.15,1869,29.31,16,0,0,0,0,0,0
781,M47822,M,298.91,310.29,1723,25.76,241,0,0,0,0,0,0
782,L61222,L,300.28,310.12,1258,58.51,134,0,0,0,0,0,0
783,L60668,L,300.59,311.72,1168,58.88,101,0,0,0,0,0,0
784,L73853,L,298.82,308.6,1540,27.42,198,0,0,0,0,0,0
785,L64643,L,302.9,314.0,1333,69.98,11,1,0,0,1,0,0
786,H32333,H,297.77,309.0,1708,29.01,37,0,0,0,0,0,0
787,L25958,L,300.52,310.54,1606,42.67,214,0,0,0,0,0,0
788,L62442,L,300.49,311.27,1557,55.07,175,0,0,0,0,0,0
789,L30954,L,299.89,309.74,1432,48.88,182,0,0,0,0,0,0
790,H85174,H,297.41,309.61,1823,33.47,53,0,0,0,0,0,0
791,L19675,L,301.74,314.0,1671,22.02,71,0,0,0,0,0,0
792,L99590,L,301.49,312.88,1644,52.65,14,1,0,0,1,0,0
793,L41661,L,298.65,310.91,1751,39.8,29,0,0,0,0,0,0
794,M74289,M,301.41,312.27,1352,27.4,54,0,0,0,0,0,0
795,L27184,L,300.75,312.21,1766,44.97,72,0,0,0,0,0,0
796,M57963,M,297.44,309.36,1487,39.11,108,0,0,0,0,0,0
797,H35822,H,298.29,308.99,1595,33.42,148,0,0,0,0,0,0
798,L72303,L,302.28,313.05,1507,32.59,235,0,0,0,0,0,0
799,M86465,M,300.62,312.25,1197,49.92,59,0,0,0,0,0,0
800,H15267,H,298.87,310.22,1707,40.34,205,1,1,0,0,0,0
801,M62647,M,298.28,308.23,1207,41.61,135,0,0,0,0,0,0
802,L72814,L,298.97,307.48,1361,43.44,174,1,0,1,0,0,0
803,L46025,L,299.11,309.64,1453,72.73,247,1,0,0,1,1,0
804,M87605,M,298.31,306.91,1183,54.18,119,1,0,1,0,0,0
805,L10981,L,296.52,306.23,1337,53.21,163,0,0,0,0,0,0
806,M53436,M,302.28,312.11,1579,27.59,72,0,0,0,0,0,0
807,H28472,H,301.94,312.07,1473,25.7,25,0,0,0,0,0,0
808,H29336,H,297.45,308.97,1487,52.62,83,0,0,0,0,0,0
809,L35587,L,300.27,312.01,1370,54.14,229,1,0,0,0,1,0
810,L87192,L,298.2,309.4,1543,53.03,122,0,0,0,0,0,0
811,H94046,H,299.48,310.81,1476,38.03,69,0,0,0,0,0,0
812,M63013,M,299.31,310.67,1240,60.71,161,0,0,0,0,0,0
813,L94511,L,299.14,307.35,1499,13.82,59,1,0,0,1,0,0
814,H19665,H,304.01,314.0,1311,49.6,150,0,0,0,0,0,0
815,M37097,M,299.12,308.02,1697,42.49,252,0,0,0,0,0,0
816,L62474,L,298.38,309.59,1465,32.39,230,0,0,0,0,0,0
817,L81973,L,298.47,307.08,1989,36.41,224,0,0,0,0,0,0
818,L35185,L,302.09,312.61,1709,32.02,124,0,0,0,0,0,0
819,L85911,L,296.7,307.94,1512,37.15,84,0,0,0,0,0,0
820,L40484,L,298.47,308.06,1639,32.69,168,0,0,0,0,0,0
821,M55610,M,302.89,314.0,1168,68.45,89,0,0,0,0,0,0
822,L60807,L,300.49,311.69,1708,29.73,68,0,0,0,0,0,0
823,L60907,L,300.38,311.46,1387,35.34,249,0,0,0,0,0,0
824,L67389,L,304.26,314.0,1551,29.02,182,0,0,0,0,0,0
825,L35835,L,300.49,310.83,1404,37.05,72,0,0,0,0,0,0
826,H63790,H,298.58,309.44,1423,42.22,123,0,0,0,0,0,0
827,L86960,L,299.44,310.15,1502,44.22,44,0,0,0,0,0,0
828,L19643,L,297.73,308.42,1549,30.03,60,0,0,0,0,0,0
829,M85846,M,302.51,312.54,1530,40.94,160,0,0,0,0,0,0
830,L28951,L,301.15,310.61,1535,43.05,216,1,1,0,0,0,0
831,L25233,L,302.25,312.61,1242,35.36,179,0,0,0,0,0,0
832,L23200,L,302.43,312.73,1955,29.77,110,0,0,0,0,0,0
833,L62275,L,299.17,309.13,1577,35.57,80,0,0,0,0,0,0
834,L97084,L,298.11,309.66,1614,36.16,103,0,0,0,0,0,0
835,L86068,L,299.9,309.42,1474,33.73,110,0,0,0,0,0,0
836,L99001,L,298.25,308.78,1378,40.18,18,0,0,0,0,0,0
837,H31291,H,300.33,312.2,1562,36.96,202,0,0,0,0,0,0
838,L52448,L,302.26,313.87,1587,52.93,7,0,0,0,0,0,0
839,L40580,L,299.66,311.58,1769,32.75,197,0,0,0,0,0,0
840,M31346,M,300.3,310.41,1909,40.06,133,0,0,0,0,0,0
841,L20619,L,299.81,311.3,1801,43.06,199,0,0,0,0,0,0
842,M11766,M,301.61,311.24,1217,31.55,184,0,0,0,0,0,0
843,L13549,L,298.66,309.09,1452,36.58,87,0,0,0,0,0,0
844,H28693,H,295.61,306.13,1595,48.63,59,0,0,0,0,0,0
845,L72019,L,300.94,311.07,1463,40.94,118,0,0,0,0,0,0
846,L58328,L,301.98,312.31,1527,36.43,146,0,0,0,0,0,0
847,L87701,L,300.89,311.1,1168,58.25,124,0,0,0,0,0,0
848,H99100,H,298.72,308.44,1700,42.71,179,0,0,0,0,0,0
849,L35301,L,297.73,309.29,1197,47.5,168,0,0,0,0,0,0
850,L54763,L,300.99,311.51,1252,42.58,90,0,0,0,0,0,0
851,L30765,L,300.28,311.18,1352,17.33,211,1,0,0,1,0,0
852,M54787,M,299.75,310.61,1517,38.2,87,0,0,0,0,0,0
853,L17425,L,303.64,314.0,1243,41.71,165,0,0,0,0,0,0
854,M22857,M,298.11,308.9,1344,31.9,126,0,0,0,0,0,0
855,L62771,L,303.55,313.94,1742,31.21,68,0,0,0,0,0,0
856,L32444,L,300.06,312.18,1515,33.88,143,0,0,0,0,0,0
857,L51457,L,296.33,307.79,1613,37.02,38,0,0,0,0,0,0
858,L89741,L,299.64,310.36,1312,40.61,96,0,0,0,0,0,0
859,L10704,L,301.92,312.17,1525,41.76,201,0,0,0,0,0,0
860,L15452,L,299.27,309.85,1511,39.58,50,0,0,0,0,0,0
861,M48862,M,297.05,308.17,1392,54.27,132,0,0,0,0,0,0
862,L71471,L,299.67,311.87,1526,32.54,115,0,0,0,0,0,0
863,L79217,L,298.29,307.61,1194,69.31,82,0,0,0,0,0,0
864,L96058,L,300.98,312.34,1614,44.97,189,0,0,0,0,0,0
865,L28300,L,301.55,313.37,1463,53.72,114,0,0,0,0,0,0
866,L19566,L,297.89,307.1,1489,40.92,40,0,0,0,0,0,0
867,L17501,L,298.59,309.11,1688,31.55,84,0,0,0,0,0,0
868,L11845,L,301.51,311.15,1613,30.75,194,0,0,0,0,0,0
869,M49181,M,298.28,309.41,1478,55.76,58,0,0,0,0,0,0
870,H67263,H,297.84,308.18,1334,54.73,244,1,0,0,0,1,0
871,L88766,L,297.64,308.21,1774,24.16,91,0,0,0,0,0,0
872,L73038,L,300.7,310.99,1294,55.11,232,1,0,0,0,1,0
873,M93290,M,300.62,312.04,1648,27.59,146,0,0,0,0,0,0
874,L44404,L,298.63,309.56,1247,49.65,79,0,0,0,0,0,0
875,L32564,L,300.01,310.94,1700,40.66,61,0,0,0,0,0,0
876,L67435,L,303.05,313.91,1717,45.54,180,0,0,0,0,0,0
877,M28227,M,298.05,309.32,1191,50.98,193,0,0,0,0,0,0
878,M57475,M,296.1,306.53,1616,34.27,7,0,0,0,0,0,0
879,L27215,L,300.91,313.31,1601,36.18,45,0,0,0,0,0,0
880,L81074,L,299.78,309.24,1662,43.68,101,0,0,0,0,0,0
881,L31699,L,298.58,307.55,1601,42.85,139,0,0,0,0,0,0
882,M22454,M,301.3,310.2,1362,41.9,87,0,0,0,0,0,0
883,L58217,L,301.68,310.3,1496,20.46,64,1,0,0,1,0,0
884,L31711,L,295.58,306.96,1835,12.22,209,1,0,0,1,0,0
885,M25059,M,298.69,309.95,1336,45.32,22,0,0,0,0,0,0
886,L58398,L,304.5,314.0,1593,25.34,38,0,0,0,0,0,0
887,M11286,M,301.17,310.81,1742,28.54,59,0,0,0,0,0,0
888,L44297,L,301.35,312.8,1357,39.84,154,0,0,0,0,0,0
889,L36485,L,302.35,313.1,1280,68.0,184,1,0,0,1,1,0
890,L69967,L,300.03,310.9,1307,45.18,43,0,0,0,0,0,0
891,M64583,M,301.59,312.92,1606,42.1,235,0,0,0,0,0,0
892,M61630,M,301.44,311.38,1306,49.42,69,0,0,0,0,0,0
893,M37086,M,301.08,314.0,1511,14.96,155,1,0,0,1,0,0
894,L26484,L,299.36,311.39,1782,28.94,150,0,0,0,0,0,0
895,M78623,M,300.34,310.51,1526,26.1,115,0,0,0,0,0,0
896,L69263,L,298.82,308.43,1395,58.81,33,0,0,0,0,0,0
897,L28675,L,300.03,310.64,1558,20.05,24,1,0,0,1,0,0
898,M70664,M,297.66,308.55,1523,33.67,138,0,0,0,0,0,0
899,L34680,L,298.42,310.18,1616,33.13,47,0,0,0,0,0,0
900,L27077,L,299.44,308.97,1826,23.64,64,0,0,0,0,0,0
901,L48174,L,298.11,309.1,1606,36.57,101,0,0,0,0,0,0
902,L86968,L,298.99,308.16,1901,29.82,137,0,0,0,0,0,0
903,L13491,L,299.67,310.81,1617,36.88,200,0,0,0,0,0,0
904,L56126,L,300.8,311.4,1397,46.17,153,0,0,0,0,0,0
905,L13392,L,301.9,314.0,1947,31.17,137,0,0,0,0,0,0
906,M72257,M,299.07,308.23,1513,41.48,17,0,0,0,0,0,0
907,M77804,M,302.67,314.0,1345,54.44,241,1,0,0,0,1,0
908,L48400,L,301.88,310.87,1953,17.24,187,0,0,0,0,0,0
909,L46551,L,301.01,310.38,1403,47.98,72,0,0,0,0,0,0
910,L38088,L,300.31,309.33,1396,30.31,44,0,0,0,0,0,0
911,L90015,L,300.64,311.59,1436,33.5,153,0,0,0,0,0,0
912,L35465,L,302.37,311.9,1565,37.73,105,0,0,0,0,0,0
913,M58155,M,302.45,311.8,1703,37.11,136,0,0,0,0,0,0
914,L97893,L,302.67,313.57,1168,55.54,35,0,0,0,0,0,0
915,L15969,L,300.08,311.23,1702,25.71,142,0,0,0,0,0,0
916,L18981,L,301.11,311.85,1435,56.2,151,0,0,0,0,0,0
917,L31032,L,302.69,313.22,1461,35.13,167,0,0,0,0,0,0
918,H64091,H,298.75,311.28,1844,25.49,250,0,0,0,0,0,0
919,M34408,M,299.36,310.21,1573,24.84,129,0,0,0,0,0,0
920,L34241,L,300.03,311.54,1616,23.31,131,0,0,0,0,0,0
921,M57940,M,301.8,312.64,1526,24.4,229,0,0,0,0,0,0
922,L92938,L,301.83,311.43,1672,36.95,94,0,0,0,0,0,0
923,M61105,M,299.54,310.79,1826,36.11,19,0,0,0,0,0,0
924,M71050,M,296.98,307.03,1168,38.46,166,0,0,0,0,0,0
925,L13657,L,300.49,311.1,1730,23.66,44,0,0,0,0,0,0
926,L31230,L,298.16,309.17,1813,29.92,153,0,0,0,0,0,0
927,L28680,L,297.02,305.78,1625,36.11,187,0,0,0,0,0,0
928,L92694,L,297.47,306.56,1413,43.21,196,0,0,0,0,0,0
929,M94731,M,300.65,312.26,1328,32.75,67,0,0,0,0,0,0
930,L52340,L,302.72,312.76,1960,28.01,85,0,0,0,0,0,0
931,L45950,L,300.08,310.16,1372,58.12,69,0,0,0,0,0,0
932,M88515,M,300.42,311.29,1808,22.22,228,1,1,0,0,0,0
933,H17867,H,302.37,312.68,1605,35.43,117,0,0,0,0,0,0
934,L90691,L,296.91,308.03,1903,33.87,30,0,0,0,0,0,0
935,L88542,L,301.04,311.69,1478,29.39,126,0,0,0,0,0,0
936,L14329,L,299.98,310.88,1246,53.03,196,0,0,0,0,0,0
937,L98087,L,301.13,311.13,1535,24.82,134,0,0,0,0,0,0
938,H45865,H,299.03,309.93,1267,52.38,253,1,0,0,0,1,0
939,L76940,L,298.36,310.17,2017,28.72,68,0,0,0,0,0,0
940,L47869,L,300.28,310.41,1648,22.43,3,0,0,0,0,0,0
941,L76905,L,303.3,314.0,1675,40.09,218,0,0,0,0,0,0
942,L93984,L,301.72,312.37,1675,26.54,200,0,0,0,0,0,0
943,M99711,M,298.98,310.42,1410,39.07,36,0,0,0,0,0,0
944,M76252,M,297.32,308.15,1511,43.89,117,0,0,0,0,0,0
945,L89386,L,296.64,307.3,1555,27.96,1,0,0,0,0,0,0
946,L11711,L,302.63,313.68,1885,26.38,176,0,0,0,0,0,0
947,L35801,L,298.09,310.0,1327,55.34,210,1,0,0,0,1,0
948,H97287,H,299.35,310.29,1404,19.69,230,1,1,0,1,0,0
949,M63270,M,302.64,313.82,1470,52.81,16,0,0,0,0,0,0
950,L81622,L,296.77,307.1,1414,25.69,16,0,0,0,0,0,0
951,M65535,M,302.98,314.0,1272,37.16,239,0,0,0,0,0,0
952,M86759,M,299.49,310.83,1168,52.52,167,0,0,0,0,0,0
953,L26220,L,297.7,308.48,1206,54.66,50,0,0,0,0,0,0
954,H23392,H,299.51,310.08,1733,35.53,113,0,0,0,0,0,0
955,L95587,L,298.55,310.23,1534,37.8,215,0,0,0,0,0,0
956,L12246,L,300.88,310.98,1685,30.29,204,0,0,0,0,0,0
957,L30010,L,298.7,307.62,1430,55.7,27,0,0,0,0,0,0
958,L78358,L,296.18,306.95,1517,45.06,121,0,0,0,0,0,0
959,L27234,L,299.56,311.45,1825,40.61,45,0,0,0,0,0,0
960,M59451,M,297.29,309.58,1814,28.25,113,0,0,0,0,0,0
961,L85205,L,300.41,311.0,1705,14.05,108,1,0,0,1,0,0
962,M31784,M,297.63,308.37,1571,45.76,126,0,0,0,0,0,0
963,L39672,L,299.02,310.24,1628,38.32,105,0,0,0,0,0,0
964,L11082,L,300.37,310.8,1602,37.41,205,0,0,0,0,0,0
965,L21148,L,299.58,310.79,1505,32.67,214,0,0,0,0,0,0
966,L37494,L,300.5,311.12,1462,35.77,86,0,0,0,0,0,0
967,M85093,M,301.36,313.07,1737,28.05,201,1,1,0,0,0,0
968,L61952,L,297.68,309.11,1302,44.51,101,0,0,0,0,0,0
969,L46719,L,299.87,311.38,1803,22.76,48,0,0,0,0,0,0
970,L58737,L,295.0,305.49,1485,45.93,144,0,0,0,0,0,0
971,M69453,M,300.49,313.12,1298,66.59,26,1,0,0,1,0,0
972,H49536,H,299.4,310.58,1437,33.92,189,0,0,0,0,0,0
973,M60604,M,298.03,308.98,1378,25.03,10,0,0,0,0,0,0
974,L60833,L,300.63,310.57,1431,39.01,210,0,0,0,0,0,0
975,L24039,L,302.35,312.95,1428,43.28,123,0,0,0,0,0,0
976,L77839,L,299.05,309.86,1421,44.89,236,0,0,0,0,0,0
977,L57931,L,298.11,308.02,1480,54.24,171,0,0,0,0,0,0
978,L49925,L,300.33,310.74,1523,45.28,107,0,0,0,0,0,0
979,L61003,L,297.33,307.86,1672,18.74,218,1,0,0,1,0,0
980,L93817,L,298.68,309.44,1491,26.56,252,0,0,0,0,0,0
981,L58897,L,302.44,311.38,1594,39.6,35,0,0,0,0,0,0
982,M97745,M,300.12,310.69,1536,33.06,120,0,0,0,0,0,0
983,L52287,L,296.24,306.56,1632,48.4,143,0,0,0,0,0,0
984,L43012,L,296.41,307.09,1543,28.43,59,0,0,0,0,0,0
985,M51783,M,300.32,312.06,1419,50.09,214,0,0,0,0,0,0
986,L95727,L,301.72,314.0,1370,35.04,96,0,0,0,0,0,0
987,M78315,M,296.76,308.14,1573,38.82,179,0,0,0,0,0,0
988,L93766,L,300.9,310.37,1764,25.75,21,0,0,0,0,0,0
989,L56491,L,302.66,313.02,1494,43.72,205,1,1,0,0,0,0
990,M98941,M,303.78,314.0,1409,51.58,76,0,0,0,0,0,0
991,M68584,M,300.66,311.85,1489,40.92,213,0,0,0,0,0,0
992,M22803,M,301.01,312.7,1434,59.03,198,0,0,0,0,0,0
993,L59625,L,295.73,306.34,1415,33.2,120,0,0,0,0,0,0
994,L23698,L,304.2,314.0,1275,46.03,37,0,0,0,0,0,0
995,L44560,L,298.85,311.3,1491,46.55,64,0,0,0,0,0,0
996,L25376,L,298.13,308.89,1577,27.7,178,0,0,0,0,0,0
997,H93654,H,299.49,309.17,1340,43.42,224,0,0,0,0,0,0
998,L23117,L,303.02,314.0,1377,48.52,85,0,0,0,0,0,0
999,H66381,H,304.42,313.62,1364,51.75,126,0,0,0,0,0,0
1000,L47956,L,300.25,307.46,1285,57.3,150,1,0,1,0,0,0
1001,L58786,L,302.0,313.47,1363,32.9,126,0,0,0,0,0,0
1002,L97778,L,300.09,311.7,1499,40.97,14,0,0,0,0,0,0
1003,M76480,M,297.92,309.04,1293,29.74,107,0,0,0,0,0,0
1004,M41695,M,302.95,312.35,1510,31.07,78,0,0,0,0,0,0
1005,M11511,M,298.76,309.4,1408,38.91,30,0,0,0,0,0,0
1006,M63233,M,303.07,313.49,1368,53.87,155,0,0,0,0,0,0
1007,M32502,M,302.6,312.76,1603,40.46,66,0,0,0,0,0,0
1008,M60010,M,301.23,313.34,1420,40.76,169,0,0,0,0,0,0
1009,L83905,L,303.66,313.31,1450,43.93,152,0,0,0,0,0,0
1010,L56489,L,304.46,314.0,1769,36.62,32,0,0,0,0,0,0
1011,L93533,L,299.65,311.54,1369,45.7,96,0,0,0,0,0,0
1012,H91165,H,298.38,309.46,1817,27.0,150,0,0,0,0,0,0
1013,H41949,H,296.27,308.21,1472,29.61,91,0,0,0,0,0,0
1014,L78376,L,304.49,314.0,1330,40.66,52,0,0,0,0,0,0
1015,M89587,M,299.12,310.25,1435,32.0,143,0,0,0,0,0,0
1016,H77310,H,302.27,313.34,1547,42.78,164,0,0,0,0,0,0
1017,L88798,L,298.52,309.83,1761,44.98,132,0,0,0,0,0,0
1018,L79407,L,303.08,313.39,1679,38.94,234,1,1,0,0,0,0
1019,H83809,H,298.6,308.0,1547,20.28,138,1,0,0,1,0,0
1020,L27229,L,297.62,309.27,1762,27.37,11,0,0,0,0,0,0
1021,M37385,M,299.58,311.44,1196,48.11,20,0,0,0,0,0,0
1022,L52176,L,298.94,309.89,1580,23.26,145,0,0,0,0,0,0
1023,H13260,H,301.19,311.34,1591,36.3,141,0,0,0,0,0,0
1024,H13145,H,299.9,309.04,1593,40.19,32,0,0,0,0,0,0
1025,H17802,H,301.26,312.04,1245,62.22,148,0,0,0,0,0,0
1026,L12263,L,299.42,308.77,1352,61.65,153,0,0,0,0,0,0
1027,M36913,M,298.67,307.88,1505,26.73,216,0,0,0,0,0,0
1028,M67788,M,298.83,309.51,1736,32.05,231,0,0,0,0,0,0
1029,L18155,L,304.09,314.0,1880,29.69,152,0,0,0,0,0,0
1030,M10922,M,300.45,311.5,1415,33.26,34,0,0,0,0,0,0
1031,L82231,L,296.03,306.57,1299,45.19,62,0,0,0,0,0,0
1032,L30672,L,298.96,309.05,1682,33.39,113,0,0,0,0,0,0
1033,L48526,L,300.19,309.19,2006,32.95,116,0,0,0,0,0,0
1034,L55344,L,303.69,313.54,1734,44.24,118,0,0,0,0,0,0
1035,L29014,L,302.06,311.94,1400,42.27,124,0,0,0,0,0,0
1036,M83352,M,298.16,307.63,2050,24.52,147,0,0,0,0,0,0
1037,L50324,L,304.5,314.0,1659,25.69,62,0,0,0,0,0,0
1038,M48698,M,299.94,309.49,1393,62.15,193,1,0,0,1,0,0
1039,L87169,L,302.49,313.03,1883,37.32,104,0,0,0,0,0,0
1040,L33384,L,297.69,308.63,1378,45.72,117,0,0,0,0,0,0
1041,L13512,L,295.2,305.08,1423,38.59,254,0,0,0,0,0,0
1042,M16066,M,297.18,308.31,1666,48.26,254,1,0,0,0,1,0
1043,L41500,L,295.0,305.0,1531,35.94,242,0,0,0,0,0,0
1044,M88743,M,304.22,313.81,1542,21.26,139,1,0,0,1,0,0
1045,M95642,M,300.43,311.02,1542,39.62,31,0,0,0,0,0,0
1046,M89858,M,298.15,309.54,1736,22.88,106,0,0,0,0,0,0
1047,L64800,L,300.91,312.47,1168,52.35,96,0,0,0,0,0,0
1048,L73140,L,300.38,312.69,1586,48.26,47,0,0,0,0,0,0
1049,M94954,M,301.24,311.57,1483,22.48,222,1,1,0,1,0,0
1050,L12387,L,302.42,312.99,1400,31.73,224,0,0,0,0,0,0
1051,M66160,M,299.42,309.09,1399,49.81,253,1,0,0,0,1,0
1052,L69241,L,298.24,307.69,1168,42.93,119,0,0,0,0,0,0
1053,H83567,H,301.66,312.58,1391,45.46,186,0,0,0,0,0,0
1054,M11799,M,301.6,311.53,1767,35.8,19,0,0,0,0,0,0
1055,H45548,H,300.2,312.13,1685,41.57,104,0,0,0,0,0,0
1056,L43895,L,304.36,313.59,1501,32.01,100,0,0,0,0,0,0
1057,M90171,M,299.12,310.31,1281,16.19,36,1,0,0,1,0,0
1058,L50379,L,298.2,307.89,1683,37.42,39,0,0,0,0,0,0
1059,L55414,L,300.84,310.72,1771,19.66,118,0,0,0,0,0,0
1060,M83071,M,298.65,309.89,1721,41.07,188,0,0,0,0,0,0
1061,M78344,M,300.99,311.02,1361,41.66,55,0,0,0,0,0,0
1062,H88591,H,298.33,308.52,1379,38.46,13,0,0,0,0,0,0
1063,M14297,M,299.2,309.09,1833,36.65,163,0,0,0,0,0,0
1064,L96479,L,303.78,314.0,1317,24.55,203,1,0,0,1,0,0
1065,L15008,L,299.19,309.27,1621,33.58,89,0,0,0,0,0,0
1066,M96813,M,298.4,309.15,1215,52.44,33,0,0,0,0,0,0
1067,L26820,L,302.34,312.84,1481,41.13,5,0,0,0,0,0,0
1068,L81548,L,297.9,308.82,1640,30.66,45,0,0,0,0,0,0
1069,L32253,L,298.61,308.7,1530,32.97,204,0,0,0,0,0,0
1070,L39202,L,301.15,311.65,1629,48.73,118,0,0,0,0,0,0
1071,L39236,L,301.88,312.97,1314,53.54,149,0,0,0,0,0,0
1072,L77156,L,302.44,312.28,1387,34.44,98,0,0,0,0,0,0
1073,L70263,L,298.51,310.29,1622,47.24,82,0,0,0,0,0,0
1074,L84855,L,301.19,313.08,1660,41.02,228,0,0,0,0,0,0
1075,H26575,H,299.07,310.37,1575,40.83,150,0,0,0,0,0,0
1076,L22204,L,298.79,309.56,1705,38.02,113,0,0,0,0,0,0
1077,L21952,L,302.41,310.12,1237,33.05,63,1,0,1,0,0,0
1078,M93323,M,298.9,310.03,1451,54.34,95,0,0,0,0,0,0
1079,L61142,L,300.56,310.87,1863,38.07,171,0,0,0,0,0,0
1080,H43872,H,300.31,310.76,1766,34.43,10,0,0,0,0,0,0
1081,M39376,M,297.86,306.66,1649,36.86,67,0,0,0,0,0,0
1082,L76084,L,301.93,313.13,1507,37.15,60,0,0,0,0,0,0
1083,L21640,L,301.12,310.37,1721,28.55,75,0,0,0,0,0,0
1084,M36437,M,296.03,306.85,1612,40.29,55,0,0,0,0,0,0
1085,H97681,H,300.55,312.16,1262,36.38,178,0,0,0,0,0,0
1086,L17903,L,298.45,308.68,1714,34.68,62,0,0,0,0,0,0
1087,M93704,M,302.19,314.0,1379,42.56,230,0,0,0,0,0,0
1088,L36863,L,297.11,307.06,1672,37.57,29,0,0,0,0,0,0
1089,H53381,H,299.29,310.59,1244,56.89,9,0,0,0,0,0,0
1090,L38548,L,300.72,310.12,1823,34.6,242,0,0,0,0,0,0
1091,H59956,H,300.11,311.84,1486,45.26,215,1,1,0,0,0,0
1092,M84526,M,301.53,313.1,1335,22.1,150,1,0,0,1,0,0
1093,M21467,M,296.96,308.13,1411,45.28,0,0,0,0,0,0,0
1094,L67954,L,303.3,313.61,1474,39.59,47,0,0,0,0,0,0
1095,L33901,L,301.05,310.35,1534,40.82,131,0,0,0,0,0,0
1096,L65983,L,302.72,313.03,1772,28.05,118,0,0,0,0,0,0
1097,L33301,L,301.75,313.56,1548,47.67,155,0,0,0,0,0,0
1098,L95180,L,299.98,310.81,1168,52.13,171,0,0,0,0,0,0
1099,M79903,M,297.43,306.58,1314,35.49,236,0,0,0,0,0,0
1100,L26204,L,298.87,308.45,2031,24.2,116,0,0,0,0,0,0
1101,L29755,L,303.18,314.0,1559,45.04,66,0,0,0,0,0,0
1102,H69817,H,302.77,313.96,1706,32.87,239,0,0,0,0,0,0
1103,M12093,M,298.76,308.23,1479,38.68,129,0,0,0,0,0,0
1104,H79537,H,295.0,305.0,1354,40.22,104,0,0,0,0,0,0
1105,H32940,H,299.57,309.65,1448,49.56,57,0,0,0,0,0,0
1106,L83346,L,299.42,308.27,1558,41.21,5,0,0,0,0,0,0
1107,L54040,L,299.5,310.04,1452,27.75,169,0,0,0,0,0,0
1108,M47322,M,301.06,314.0,1880,23.04,16,0,0,0,0,0,0
1109,M94437,M,301.75,310.86,1424,40.28,164,0,0,0,0,0,0
1110,L97725,L,301.98,312.49,1345,35.75,171,0,0,0,0,0,0
1111,M19236,M,300.89,312.9,1681,15.68,22,1,0,0,1,0,0
1112,L82597,L,296.4,307.85,1703,27.38,39,0,0,0,0,0,0
1113,L94124,L,299.32,309.87,1540,34.61,212,0,0,0,0,0,0
1114,L13902,L,304.5,314.0,1427,36.15,171,0,0,0,0,0,0
1115,L44364,L,300.75,310.29,1193,56.69,158,0,0,0,0,0,0
1116,L30096,L,300.74,311.17,1755,14.41,75,1,0,0,1,0,0
1117,L22020,L,300.72,311.66,1691,27.33,220,0,0,0,0,0,0
1118,M68473,M,300.83,312.64,1456,47.18,233,1,1,0,0,0,0
1119,L54153,L,295.23,305.31,1546,30.88,123,0,0,0,0,0,0
1120,L51277,L,299.52,310.03,1494,26.73,140,0,0,0,0,0,0
1121,M97221,M,299.92,309.68,1828,26.01,217,0,0,0,0,0,0
1122,H48502,H,302.56,313.49,1348,47.24,224,0,0,0,0,0,0
1123,M25675,M,300.1,311.58,1423,37.7,123,0,0,0,0,0,0
1124,M34365,M,296.71,308.04,1406,33.37,97,0,0,0,0,0,0
1125,M97812,M,300.86,310.39,1591,40.35,19,0,0,0,0,0,0
1126,L88229,L,298.39,309.24,1545,40.56,174,0,0,0,0,0,0
1127,L99049,L,297.57,307.59,1571,24.95,253,0,0,0,0,0,0
1128,L62148,L,298.33,310.04,1376,42.61,9,0,0,0,0,0,0
1129,L99157,L,301.09,311.62,1802,21.46,192,0,0,0,0,0,0
1130,L99247,L,302.52,311.7,1453,50.96,51,0,0,0,0,0,0
1131,M78078,M,300.97,311.45,1749,42.85,62,0,0,0,0,0,0
1132,L92598,L,301.26,312.42,2100,25.32,156,0,0,0,0,0,0
1133,L80902,L,300.95,311.89,1378,52.66,181,0,0,0,0,0,0
1134,L36465,L,300.2,310.39,1597,29.1,125,0,0,0,0,0,0
1135,M42286,M,301.39,311.51,1511,36.59,85,0,0,0,0,0,0
1136,L64795,L,295.16,305.0,1901,25.74,49,0,0,0,0,0,0
1137,M50178,M,300.22,310.53,1484,38.36,64,0,0,0,0,0,0
1138,L89183,L,297.91,307.75,1580,36.87,43,0,0,0,0,0,0
1139,L59986,L,302.33,314.0,1576,36.33,7,0,0,0,0,0,0
1140,L53201,L,299.71,309.5,1517,36.92,248,0,0,0,0,0,0
1141,M53315,M,300.06,310.88,1671,35.38,8,0,0,0,0,0,0
1142,L85396,L,296.99,307.74,1552,48.51,22,0,0,0,0,0,0
1143,M65178,M,302.03,313.68,1622,17.57,251,1,0,0,1,0,0
1144,L20745,L,301.25,313.04,1573,53.9,211,1,0,0,0,1,0
1145,L82354,L,301.11,312.51,1426,36.65,161,0,0,0,0,0,0
1146,M89637,M,298.37,309.43,1487,37.79,15,0,0,0,0,0,0
1147,M15028,M,298.45,308.1,1635,46.69,246,0,0,0,0,0,0
1148,M58566,M,300.45,310.08,1634,40.38,213,0,0,0,0,0,0
1149,M53722,M,298.61,308.47,1759,36.93,252,0,0,0,0,0,0
1150,M96623,M,300.87,312.32,1870,40.19,237,0,0,0,0,0,0
1151,M84974,M,295.68,306.45,1441,38.12,189,0,0,0,0,0,0
1152,M93692,M,299.02,310.59,1559,45.19,214,0,0,0,0,0,0
1153,M94084,M,303.59,314.0,1500,26.16,64,0,0,0,0,0,0
1154,M49879,M,300.88,310.85,1336,47.37,205,0,0,0,0,0,0
1155,M34767,M,300.33,311.07,1637,39.93,179,0,0,0,0,0,0
1156,M78099,M,303.97,314.0,1675,44.01,112,0,0,0,0,0,0
1157,L58657,L,295.33,305.7,1341,50.28,150,0,0,0,0,0,0
1158,M18498,M,298.37,308.53,1468,41.04,37,0,0,0,0,0,0
1159,M83667,M,299.2,311.08,1450,36.38,121,0,0,0,0,0,0
1160,L35107,L,301.72,312.47,1263,41.62,167,0,0,0,0,0,0
1161,M38793,M,301.75,312.46,1528,34.48,113,0,0,0,0,0,0
1162,L12696,L,298.27,308.17,1329,29.13,7,0,0,0,0,0,0
1163,L63839,L,302.0,313.37,1564,52.61,31,0,0,0,0,0,0
1164,M99241,M,299.19,308.89,1583,45.22,39,0,0,0,0,0,0
1165,L33397,L,302.42,313.58,1606,37.95,193,0,0,0,0,0,0
1166,M17704,M,297.93,309.12,1614,42.72,175,0,0,0,0,0,0
1167,M26442,M,299.75,310.04,1811,37.6,12,0,0,0,0,0,0
1168,L73788,L,299.02,310.04,1389,31.0,122,0,0,0,0,0,0
1169,L19765,L,302.11,313.0,1398,47.49,26,0,0,0,0,0,0
1170,L20002,L,298.95,309.62,1653,45.67,173,0,0,0,0,0,0
1171,M21390,M,299.92,310.63,1511,31.49,70,0,0,0,0,0,0
1172,H54436,H,301.01,311.78,1738,20.33,2,0,0,0,0,0,0
1173,M94482,M,301.09,311.92,1636,24.85,84,0,0,0,0,0,0
1174,L16641,L,301.77,312.53,1880,29.74,60,0,0,0,0,0,0
1175,M43709,M,300.42,310.02,1519,26.22,71,0,0,0,0,0,0
1176,L49309,L,299.16,309.71,1268,43.23,192,0,0,0,0,0,0
1177,M25624,M,299.3,310.27,1596,30.02,144,0,0,0,0,0,0
1178,L19966,L,300.05,310.85,1522,37.64,153,0,0,0,0,0,0
1179,M99350,M,300.5,312.15,1631,30.65,28,0,0,0,0,0,0
1180,L44189,L,299.71,311.03,1654,34.32,71,0,0,0,0,0,0
1181,H81301,H,300.04,309.87,1439,45.82,165,0,0,0,0,0,0
1182,L27223,L,296.97,307.5,1353,32.2,178,0,0,0,0,0,0
1183,M88183,M,301.33,311.72,1509,40.65,42,0,0,0,0,0,0
1184,H14959,H,300.36,311.06,1168,38.6,199,0,0,0,0,0,0
1185,L37257,L,302.0,312.7,1550,36.92,7,0,0,0,0,0,0
1186,H60802,H,300.0,311.31,1462,38.4,152,0,0,0,0,0,0
1187,M97748,M,296.52,307.4,1690,36.91,233,0,0,0,0,0,0
1188,L37215,L,299.28,311.21,1178,50.9,105,0,0,0,0,0,0
1189,L65046,L,299.6,310.54,1536,48.85,245,1,0,0,0,1,0
1190,M44094,M,301.49,311.36,1819,31.3,123,0,0,0,0,0,0
1191,L48669,L,295.86,306.09,1657,29.16,54,0,0,0,0,0,0
1192,L46126,L,300.08,311.39,1712,41.26,172,0,0,0,0,0,0
1193,L89036,L,301.03,310.11,1596,38.87,218,0,0,0,0,0,0
1194,M26772,M,298.68,308.03,1236,56.61,213,1,0,0,0,1,0
1195,L58586,L,300.15,310.86,1565,35.51,66,0,0,0,0,0,0
1196,M61943,M,298.75,310.4,1609,23.97,56,0,0,0,0,0,0
1197,H78868,H,298.54,310.55,1341,66.7,48,1,0,0,1,0,0
1198,H59855,H,299.18,309.67,1512,32.18,244,0,0,0,0,0,0
1199,M32218,M,298.58,310.34,1168,34.82,53,0,0,0,0,0,0
1200,L91008,L,301.37,312.14,1475,45.81,174,0,0,0,0,0,0
1201,M67205,M,298.53,307.7,1456,30.04,191,0,0,0,0,0,0
1202,L14959,L,298.19,308.89,1787,28.91,101,0,0,0,0,0,0
1203,L92979,L,303.54,313.62,1426,41.42,240,1,1,0,0,0,0
1204,L55134,L,301.92,313.54,1487,37.15,23,0,0,0,0,0,0
1205,L35874,L,296.28,306.95,1521,34.25,61,0,0,0,0,0,0
1206,M11301,M,298.47,307.89,1429,56.04,32,0,0,0,0,0,0
1207,M68017,M,300.48,309.69,1665,33.46,98,0,0,0,0,0,0
1208,L53319,L,300.65,311.33,1176,37.75,39,0,0,0,0,0,0
1209,L99616,L,297.02,305.3,1740,40.98,156,0,0,0,0,0,0
1210,H96219,H,302.32,312.5,1533,30.63,7,0,0,0,0,0,0
1211,L32455,L,301.65,312.58,1769,31.5,202,0,0,0,0,0,0
1212,L14112,L,300.96,310.61,1168,37.96,15,0,0,0,0,0,0
1213,L67033,L,302.71,314.0,1168,51.65,122,0,0,0,0,0,0
1214,M68360,M,300.9,312.8,1482,39.03,160,0,0,0,0,0,0
1215,M92418,M,300.9,310.58,1626,34.98,63,0,0,0,0,0,0
1216,L42145,L,303.12,313.52,1435,41.42,254,0,0,0,0,0,0
1217,L42735,L,302.2,313.9,1640,42.08,138,0,0,0,0,0,0
1218,M82781,M,298.32,309.02,1712,39.36,156,0,0,0,0,0,0
1219,M77641,M,301.27,310.57,1655,25.63,48,0,0,0,0,0,0
1220,L31711,L,298.67,309.23,1554,30.66,108,0,0,0,0,0,0
1221,H15630,H,301.01,310.86,1552,45.44,87,0,0,0,0,0,0
1222,L75488,L,300.95,312.76,1424,32.35,193,0,0,0,0,0,0
1223,L13206,L,297.23,308.54,1525,42.19,4,0,0,0,0,0,0
1224,H66289,H,299.76,310.14,1351,51.32,215,1,1,0,0,0,0
1225,L28953,L,300.53,311.37,1394,24.24,180,0,0,0,0,0,0
1226,M20068,M,299.13,308.52,1628,31.63,43,0,0,0,0,0,0
1227,L88930,L,300.63,310.58,1452,47.51,238,1,1,0,0,1,0
1228,L65916,L,301.61,313.87,1402,39.36,134,0,0,0,0,0,0
1229,H11067,H,299.94,310.69,1616,31.88,222,0,0,0,0,0,0
1230,L60658,L,300.45,312.08,1603,43.16,221,1,1,0,0,0,0
1231,M62165,M,302.77,313.7,1496,48.86,69,0,0,0,0,0,0
1232,L90781,L,300.95,312.96,1508,31.55,68,0,0,0,0,0,0
1233,L19859,L,300.4,309.1,1610,51.31,78,0,0,0,0,0,0
1234,L39164,L,298.08,308.6,1709,18.57,154,1,0,0,1,0,0
1235,M90913,M,301.34,313.69,1571,22.73,98,0,0,0,0,0,0
1236,L30773,L,300.66,312.32,1320,38.46,53,0,0,0,0,0,0
1237,M67295,M,302.57,314.0,1495,35.12,200,0,0,0,0,0,0
1238,L43939,L,300.09,310.79,1462,36.37,125,0,0,0,0,0,0
1239,H58599,H,296.37,306.53,1345,36.89,22,0,0,0,0,0,0
1240,L16114,L,296.6,306.27,1625,28.87,185,0,0,0,0,0,0
1241,M22818,M,301.47,311.07,1638,33.04,144,0,0,0,0,0,0
1242,M19335,M,298.86,310.37,1666,29.32,116,0,0,0,0,0,0
1243,M65008,M,300.87,312.09,1357,49.43,86,0,0,0,0,0,0
1244,M81745,M,300.23,310.86,1563,36.93,45,0,0,0,0,0,0
1245,M53148,M,299.67,310.87,1534,35.29,102,0,0,0,0,0,0
1246,M13577,M,299.81,310.65,1590,35.38,46,0,0,0,0,0,0
1247,L83916,L,298.27,309.93,1558,47.01,220,0,0,0,0,0,0
1248,L14076,L,299.97,311.62,1533,32.86,58,0,0,0,0,0,0
1249,H42925,H,298.83,308.47,1511,25.85,102,0,0,0,0,0,0
1250,M61869,M,299.26,310.23,1734,24.97,172,0,0,0,0,0,0
1251,M69314,M,299.35,308.38,1380,39.1,109,0,0,0,0,0,0
1252,L51205,L,299.55,310.38,1504,42.69,61,0,0,0,0,0,0
1253,L21095,L,301.84,313.15,1730,40.41,53,0,0,0,0,0,0
1254,L94715,L,299.74,309.13,1389,58.25,124,0,0,0,0,0,0
1255,M66680,M,302.05,312.33,1398,48.55,202,1,1,0,0,0,0
1256,L38400,L,303.08,313.79,1667,26.78,113,0,0,0,0,0,0
1257,L94297,L,301.71,312.64,1279,42.53,140,0,0,0,0,0,0
1258,L77346,L,301.07,311.49,1654,15.9,11,1,0,0,1,0,0
1259,L97110,L,300.65,310.18,1447,36.52,1,0,0,0,0,0,0
1260,L38562,L,301.73,312.38,1609,30.23,41,0,0,0,0,0,0
1261,L50663,L,300.18,309.23,1315,18.37,181,1,0,0,1,0,0
1262,M28510,M,301.97,312.44,1748,50.04,10,1,0,0,1,0,0
1263,L71608,L,301.23,311.49,1316,39.43,239,0,0,0,0,0,0
1264,L82489,L,299.28,309.85,1665,16.28,112,1,0,0,1,0,0
1265,L62182,L,301.79,311.93,1323,40.33,77,0,0,0,0,0,0
1266,L97667,L,300.18,309.38,1860,43.51,149,0,0,0,0,0,0
1267,L36883,L,299.79,310.12,1522,55.59,212,1,0,0,0,1,0
1268,L81427,L,299.05,310.68,1886,30.82,108,0,0,0,0,0,0
1269,M45844,M,300.33,312.29,1388,42.29,176,0,0,0,0,0,0
1270,L28728,L,301.99,314.0,1455,51.43,36,0,0,0,0,0,0
1271,M21094,M,301.78,314.0,1753,31.46,35,0,0,0,0,0,0
1272,M12407,M,300.71,310.21,1278,49.98,216,1,1,0,0,0,0
1273,M65412,M,301.2,311.49,1409,49.19,234,0,0,0,0,0,0
1274,L22644,L,302.54,313.22,1624,25.79,176,0,0,0,0,0,0
1275,L95834,L,299.7,310.31,1352,58.68,57,0,0,0,0,0,0
1276,L70746,L,297.77,308.54,1629,27.44,2,0,0,0,0,0,0
1277,L62748,L,302.6,314.0,1566,30.8,193,0,0,0,0,0,0
1278,H69021,H,298.94,308.56,1263,46.51,218,0,0,0,0,0,0
1279,L72651,L,298.62,308.61,1709,41.4,160,0,0,0,0,0,0
1280,L46807,L,296.41,308.75,1308,51.23,254,1,0,0,0,1,0
1281,M44072,M,301.14,311.23,1674,33.81,145,0,0,0,0,0,0
1282,M48398,M,296.76,307.85,1558,39.38,175,0,0,0,0,0,0
1283,L38669,L,298.5,310.23,1453,50.01,74,0,0,0,0,0,0
1284,L40161,L,301.18,312.36,1336,42.98,198,0,0,0,0,0,0
1285,L17282,L,301.44,312.34,1594,28.64,36,0,0,0,0,0,0
1286,L36539,L,298.7,310.34,1378,35.31,177,0,0,0,0,0,0
1287,L13307,L,299.73,309.54,1752,40.13,35,0,0,0,0,0,0
1288,L27745,L,298.25,308.46,1759,25.97,26,0,0,0,0,0,0
1289,L49433,L,298.9,310.14,1831,19.03,149,0,0,0,0,0,0
1290,L44555,L,300.53,309.16,1586,33.39,30,0,0,0,0,0,0
1291,L11073,L,299.0,311.11,1462,38.45,167,0,0,0,0,0,0
1292,L42683,L,299.51,310.51,1482,46.99,181,0,0,0,0,0,0
1293,L35741,L,297.07,307.92,1468,24.8,63,0,0,0,0,0,0
1294,M32286,M,302.27,311.34,1580,39.41,197,0,0,0,0,0,0
1295,M13599,M,301.02,310.43,1614,45.73,245,0,0,0,0,0,0
1296,L37293,L,301.59,311.89,1757,25.95,116,0,0,0,0,0,0
1297,L25389,L,302.58,314.0,1539,38.0,52,0,0,0,0,0,0
1298,L22318,L,298.35,306.97,1282,20.66,53,1,0,1,1,0,0
1299,M58875,M,299.28,310.77,1462,47.76,181,0,0,0,0,0,0
1300,M13055,M,296.21,306.55,1815,37.85,224,1,1,0,0,0,0
1301,L92579,L,304.5,314.0,1255,45.43,198,0,0,0,0,0,0
1302,H16320,H,299.7,310.65,1668,22.95,133,0,0,0,0,0,0
1303,L14642,L,302.08,313.05,1465,45.64,63,0,0,0,0,0,0
1304,L19321,L,297.52,307.51,1376,39.09,181,0,0,0,0,0,0
1305,M89968,M,301.99,313.32,1606,10.88,64,1,0,0,1,0,0
1306,M98293,M,303.72,312.1,1816,37.69,102,0,0,0,0,0,0
1307,M69618,M,299.88,310.13,1596,46.33,173,0,0,0,0,0,0
1308,M36044,M,297.98,308.83,1488,51.41,229,0,0,0,0,0,0
1309,L31971,L,299.72,310.08,1302,29.96,169,0,0,0,0,0,0
1310,M35727,M,295.55,305.0,1517,19.67,113,1,0,0,1,0,0
1311,L32559,L,299.92,311.38,1295,39.7,111,0,0,0,0,0,0
1312,M83820,M,301.64,311.09,1479,43.75,235,0,0,0,0,0,0
1313,L93201,L,299.93,310.56,1524,28.74,92,0,0,0,0,0,0
1314,M37476,M,299.43,310.28,1168,29.54,74,0,0,0,0,0,0
1315,L72683,L,301.06,311.77,1785,37.92,219,1,1,0,0,0,0
1316,M20991,M,301.21,313.08,1312,39.9,55,0,0,0,0,0,0
1317,L95097,L,296.68,307.33,1502,44.1,167,0,0,0,0,0,0
1318,M80047,M,300.18,311.31,1631,35.27,14,0,0,0,0,0,0
1319,L20796,L,304.5,314.0,1771,31.02,29,0,0,0,0,0,0
1320,L13881,L,297.33,308.64,1392,40.49,22,0,0,0,0,0,0
1321,L25668,L,299.83,311.92,1168,44.66,11,0,0,0,0,0,0
1322,L44312,L,303.88,314.0,1729,29.34,246,0,0,0,0,0,0
1323,M38106,M,302.21,313.69,1310,31.69,91,0,0,0,0,0,0
1324,L25729,L,298.97,311.13,1600,40.14,94,0,0,0,0,0,0
1325,H80320,H,300.41,312.47,1611,46.66,157,0,0,0,0,0,0
1326,L64913,L,300.0,310.31,1168,42.92,122,0,0,0,0,0,0
1327,L67026,L,298.5,310.24,1244,67.53,102,0,0,0,0,0,0
1328,M69402,M,299.85,310.8,1452,43.17,15,0,0,0,0,0,0
1329,M47282,M,299.44,311.26,1168,52.22,157,0,0,0,0,0,0
1330,L84638,L,300.23,311.49,1294,51.52,67,0,0,0,0,0,0
1331,L48218,L,298.5,309.48,1557,45.77,32,0,0,0,0,0,0
1332,M27950,M,297.45,308.58,1519,33.43,184,0,0,0,0,0,0
1333,L69739,L,299.92,310.87,1589,41.05,96,0,0,0,0,0,0
1334,H14507,H,303.43,314.0,1616,44.74,251,0,0,0,0,0,0
1335,H56303,H,300.16,310.71,1232,42.09,155,0,0,0,0,0,0
1336,M89059,M,299.34,309.79,1304,44.0,212,0,0,0,0,0,0
1337,L34667,L,301.51,313.97,1672,27.69,206,1,1,0,0,0,0
1338,M13992,M,299.68,310.86,1809,27.76,25,0,0,0,0,0,0
1339,L83563,L,303.74,313.86,1361,38.42,124,0,0,0,0,0,0
1340,L97680,L,299.99,310.41,1582,28.04,13,0,0,0,0,0,0
1341,L35530,L,301.4,313.16,1680,33.56,184,0,0,0,0,0,0
1342,L25305,L,298.49,308.45,1578,39.32,142,0,0,0,0,0,0
1343,M62129,M,301.01,310.22,1490,42.56,193,0,0,0,0,0,0
1344,M97267,M,300.55,309.84,1420,32.2,15,0,0,0,0,0,0
1345,M96209,M,299.89,308.86,1892,25.69,36,0,0,0,0,0,0
1346,L62044,L,299.0,308.4,1552,44.76,250,1,0,0,0,1,0
1347,L99363,L,298.72,308.24,1605,30.27,10,0,0,0,0,0,0
1348,L68817,L,300.56,312.65,1593,43.37,10,0,0,0,0,0,0
1349,H56666,H,301.26,311.91,1389,33.7,160,0,0,0,0,0,0
1350,L36173,L,299.75,310.08,1544,40.6,1,0,0,0,0,0,0
1351,M28909,M,300.57,309.83,1477,46.09,32,0,0,0,0,0,0
1352,L73967,L,299.92,310.48,1474,13.12,62,1,0,0,1,0,0
1353,L41007,L,300.2,309.16,1592,43.8,130,0,0,0,0,0,0
1354,M22985,M,299.6,309.93,1370,55.45,83,0,0,0,0,0,0
1355,L32525,L,300.04,312.8,1318,40.11,32,0,0,0,0,0,0
1356,M47403,M,304.5,314.0,1625,38.29,25,0,0,0,0,0,0
1357,H47193,H,300.62,311.11,1439,31.46,240,0,0,0,0,0,0
1358,L13830,L,301.29,312.69,1473,42.43,33,0,0,0,0,0,0
1359,L66144,L,300.88,311.05,1188,76.6,77,1,0,0,1,0,0
1360,L10533,L,299.47,309.37,1708,15.12,179,1,0,0,1,0,0
1361,H30946,H,302.59,314.0,1629,30.76,92,0,0,0,0,0,0
1362,L33504,L,299.42,308.98,1662,41.33,193,0,0,0,0,0,0
1363,M65715,M,302.11,312.46,1605,46.97,241,0,0,0,0,0,0
1364,M38255,M,299.33,310.34,1262,29.71,199,0,0,0,0,0,0
1365,M66441,M,298.08,307.84,1576,30.55,154,0,0,0,0,0,0
1366,L46855,L,300.73,312.08,1425,34.37,199,0,0,0,0,0,0
1367,M51721,M,297.79,308.18,1362,35.21,70,0,0,0,0,0,0
1368,H51850,H,301.07,312.44,1625,34.23,202,0,0,0,0,0,0
1369,L44723,L,297.61,308.9,1834,20.09,115,0,0,0,0,0,0
1370,L45739,L,299.36,309.82,1804,29.74,230,0,0,0,0,0,0
1371,H15539,H,297.14,309.55,1647,26.65,93,0,0,0,0,0,0
1372,L83029,L,304.5,314.0,1530,36.81,245,0,0,0,0,0,0
1373,M74509,M,296.69,308.74,1496,31.54,230,0,0,0,0,0,0
1374,L31311,L,300.02,311.89,1372,39.99,176,0,0,0,0,0,0
1375,L79180,L,302.29,314.0,1486,28.56,46,0,0,0,0,0,0
1376,M95981,M,302.07,312.95,1699,41.77,148,0,0,0,0,0,0
1377,L45934,L,301.7,311.61,1863,28.25,148,0,0,0,0,0,0
1378,L19511,L,299.37,312.14,1388,41.42,198,0,0,0,0,0,0
1379,L10183,L,302.7,313.07,1176,46.95,211,0,0,0,0,0,0
1380,L19475,L,301.83,311.71,1439,39.88,60,0,0,0,0,0,0
1381,L94766,L,300.42,310.93,1698,33.77,112,0,0,0,0,0,0
1382,L73130,L,300.48,310.2,1908,36.07,242,0,0,0,0,0,0
1383,H69577,H,299.39,310.62,1771,30.04,141,0,0,0,0,0,0
1384,L36008,L,298.18,308.28,1766,26.6,147,0,0,0,0,0,0
1385,M86868,M,302.47,312.89,1382,41.89,4,0,0,0,0,0,0
1386,L57941,L,302.62,314.0,1387,34.98,158,0,0,0,0,0,0
1387,M52756,M,298.23,309.56,1297,43.36,189,0,0,0,0,0,0
1388,L80258,L,299.69,310.41,1415,29.84,139,0,0,0,0,0,0
1389,H90730,H,299.71,310.58,1700,42.56,55,0,0,0,0,0,0
1390,L37912,L,299.93,310.65,1827,25.24,183,0,0,0,0,0,0
1391,L92702,L,300.13,310.4,1597,46.63,139,0,0,0,0,0,0
1392,L60659,L,301.89,312.59,1489,37.89,193,0,0,0,0,0,0
1393,L56840,L,298.51,309.7,1343,51.79,25,0,0,0,0,0,0
1394,L91512,L,298.31,308.88,1515,30.57,67,0,0,0,0,0,0
1395,L48623,L,302.47,313.59,1572,18.53,29,1,0,0,1,0,0
1396,M73303,M,299.07,308.94,1272,26.48,225,1,1,0,0,0,0
1397,L56062,L,297.47,307.57,1701,54.76,228,1,0,0,1,1,0
1398,L66690,L,299.03,309.0,1459,33.41,19,0,0,0,0,0,0
1399,M87582,M,299.34,309.47,1690,43.19,193,0,0,0,0,0,0
1400,M33634,M,303.11,314.0,1533,25.25,108,0,0,0,0,0,0
1401,L14090,L,301.85,313.28,1588,37.68,162,0,0,0,0,0,0
1402,L55266,L,302.3,311.92,1409,44.22,78,0,0,0,0,0,0
1403,L40008,L,301.64,312.78,1473,66.48,50,1,0,0,1,0,0
1404,M97643,M,301.89,312.2,1651,31.95,239,0,0,0,0,0,0
1405,M68704,M,298.62,308.64,1511,31.17,13,0,0,0,0,0,0
1406,L72866,L,299.6,308.82,1336,46.64,54,0,0,0,0,0,0
1407,M18382,M,298.02,309.69,1555,28.33,163,0,0,0,0,0,0
1408,M57774,M,299.58,308.92,1604,39.37,112,0,0,0,0,0,0
1409,L84570,L,301.37,312.02,1782,31.72,52,0,0,0,0,0,0
1410,M84062,M,300.27,310.02,1742,26.69,181,0,0,0,0,0,0
1411,L99609,L,302.62,314.0,1523,42.26,245,0,0,0,0,0,0
1412,L56698,L,297.72,308.08,1436,40.97,190,0,0,0,0,0,0
1413,L11110,L,301.0,311.57,1494,45.64,221,0,0,0,0,0,0
1414,L91981,L,297.5,308.1,1441,56.2,235,1,0,0,0,1,0
1415,L10386,L,300.19,311.19,1626,30.82,185,0,0,0,0,0,0
1416,H68513,H,301.48,312.19,1722,29.84,154,0,0,0,0,0,0
1417,L94120,L,299.57,310.23,1758,21.63,1,0,0,0,0,0,0
1418,L57801,L,301.1,311.28,1461,44.33,212,0,0,0,0,0,0
1419,L81857,L,298.08,307.21,1443,33.31,115,0,0,0,0,0,0
1420,H99976,H,296.67,306.25,1459,42.65,77,0,0,0,0,0,0
1421,L41566,L,301.11,312.53,1187,62.32,90,0,0,0,0,0,0
1422,L42521,L,303.49,313.88,1318,36.02,212,1,1,0,0,0,0
1423,L33798,L,298.01,308.04,1529,33.03,22,0,0,0,0,0,0
1424,L23565,L,302.44,311.74,1603,44.8,162,0,0,0,0,0,0
1425,H33027,H,300.09,309.07,1623,41.54,61,0,0,0,0,0,0
1426,H15631,H,297.33,307.33,1395,47.26,111,0,0,0,0,0,0
1427,L99865,L,297.74,309.33,1447,35.73,71,0,0,0,0,0,0
1428,H66878,H,300.03,310.17,1486,24.71,58,0,0,0,0,0,0
1429,M55206,M,299.19,310.29,1466,32.12,203,0,0,0,0,0,0
1430,M68582,M,297.37,307.47,1659,25.82,191,0,0,0,0,0,0
1431,L68334,L,296.61,307.95,1300,50.5,91,0,0,0,0,0,0
1432,L82323,L,298.31,308.65,1328,46.21,168,0,0,0,0,0,0
1433,L63619,L,300.39,309.86,1481,32.89,160,0,0,0,0,0,0
1434,M36875,M,299.99,310.42,1289,39.69,224,0,0,0,0,0,0
1435,L34514,L,299.0,311.53,1193,53.74,136,0,0,0,0,0,0
1436,L32580,L,300.4,312.89,1266,41.64,125,0,0,0,0,0,0
1437,L95827,L,302.08,313.27,1491,32.84,78,0,0,0,0,0,0
1438,M14288,M,300.79,311.35,1648,51.95,73,0,0,0,0,0,0
1439,L16734,L,299.76,310.76,1652,29.91,48,0,0,0,0,0,0
1440,M93000,M,301.86,312.87,1821,36.73,1,0,0,0,0,0,0
1441,H49008,H,298.08,308.74,1553,40.51,130,0,0,0,0,0,0
1442,L59349,L,299.55,310.69,1578,22.49,150,0,0,0,0,0,0
1443,M17814,M,299.6,310.51,1490,31.93,201,0,0,0,0,0,0
1444,L53154,L,297.53,307.91,1499,46.06,18,0,0,0,0,0,0
1445,M17851,M,299.16,308.66,1909,29.02,232,1,1,0,0,0,0
1446,L11600,L,295.85,306.09,1582,22.95,17,0,0,0,0,0,0
1447,M66614,M,303.82,314.0,1598,39.4,162,0,0,0,0,0,0
1448,M82402,M,298.13,308.79,1329,36.84,232,1,1,0,0,0,0
1449,H13692,H,303.17,314.0,1609,39.49,181,0,0,0,0,0,0
1450,M68027,M,300.08,310.49,1653,57.93,250,1,0,0,1,1,0
1451,L30373,L,301.13,310.77,1735,36.18,187,0,0,0,0,0,0
1452,M72805,M,299.02,309.48,1648,40.08,234,0,0,0,0,0,0
1453,M90383,M,300.42,310.09,1512,35.48,136,0,0,0,0,0,0
1454,L24507,L,301.3,310.91,1505,27.42,222,0,0,0,0,0,0
1455,L72931,L,301.33,313.23,1522,47.28,93,0,0,0,0,0,0
1456,H85499,H,301.55,311.83,1554,31.28,228,0,0,0,0,0,0
1457,M81642,M,299.26,309.22,1763,30.63,179,0,0,0,0,0,0
1458,M82869,M,299.04,311.36,1728,48.02,177,0,0,0,0,0,0
1459,L49423,L,296.81,308.33,1671,31.4,11,0,0,0,0,0,0
1460,M96120,M,301.05,311.37,1900,39.31,16,0,0,0,0,0,0
1461,L76600,L,302.16,313.29,1168,53.81,218,1,0,0,0,1,0
1462,M51848,M,303.23,313.7,1452,34.0,84,0,0,0,0,0,0
1463,L16820,L,300.61,310.62,1533,40.57,48,0,0,0,0,0,0
1464,M18512,M,298.47,309.64,1414,33.26,175,0,0,0,0,0,0
1465,H46725,H,296.61,306.98,1368,51.37,245,0,0,0,0,0,0
1466,L61534,L,302.08,312.86,1226,61.31,26,0,0,0,0,0,0
1467,H95151,H,296.41,308.13,1479,39.22,245,0,0,0,0,0,0
1468,L49776,L,299.32,310.93,1696,45.12,141,0,0,0,0,0,0
1469,M70945,M,299.55,309.7,1674,35.59,182,0,0,0,0,0,0
1470,M93420,M,299.86,311.05,1400,50.3,232,0,0,0,0,0,0
1471,L57455,L,300.07,309.64,1575,63.23,117,1,0,0,1,0,0
1472,M93488,M,300.28,311.43,1779,52.12,140,1,0,0,1,0,0
1473,M62433,M,295.17,306.02,1261,43.35,2,0,0,0,0,0,0
1474,L19711,L,300.03,311.11,1506,40.83,191,0,0,0,0,0,0
1475,L69262,L,295.54,305.94,1587,26.6,215,1,1,0,0,0,0
1476,M96009,M,301.46,314.0,1537,44.73,223,0,0,0,0,0,0
1477,M93785,M,298.89,308.69,1688,37.24,100,0,0,0,0,0,0
1478,M19597,M,295.69,307.36,1265,36.52,119,0,0,0,0,0,0
1479,M70067,M,298.37,308.04,1354,54.87,71,0,0,0,0,0,0
1480,L97520,L,298.86,310.06,1658,32.27,98,0,0,0,0,0,0
1481,M58022,M,302.38,313.66,1229,40.56,150,0,0,0,0,0,0
1482,L91924,L,300.39,311.15,1681,37.49,207,0,0,0,0,0,0
1483,L28782,L,300.69,310.89,1616,31.33,99,0,0,0,0,0,0
1484,L61782,L,302.36,313.2,1669,34.07,200,0,0,0,0,0,0
1485,L82144,L,299.81,310.77,1451,56.74,38,0,0,0,0,0,0
1486,L65013,L,301.51,314.0,1627,29.81,57,0,0,0,0,0,0
1487,L82036,L,301.37,311.2,1324,50.58,17,0,0,0,0,0,0
1488,M45342,M,297.43,307.57,1460,33.51,112,0,0,0,0,0,0
1489,L95745,L,302.95,313.93,1542,28.12,181,0,0,0,0,0,0
1490,L30977,L,297.16,307.6,1373,40.87,30,0,0,0,0,0,0
1491,L67396,L,301.83,312.43,1574,60.82,229,1,1,0,1,1,0
1492,L60021,L,296.97,308.74,1329,51.53,63,0,0,0,0,0,0
1493,L79057,L,301.2,309.08,1583,40.37,41,0,0,0,0,0,0
1494,L76836,L,303.72,313.83,1849,26.93,36,0,0,0,0,0,0
1495,M37075,M,299.57,308.53,1309,39.57,110,0,0,0,0,0,0
1496,M99515,M,299.49,308.99,1531,23.55,225,0,0,0,0,0,0
1497,M40802,M,301.22,314.0,1244,66.74,238,1,0,0,0,1,0
1498,L87761,L,299.34,310.64,1385,44.15,104,0,0,0,0,0,0
1499,L87017,L,303.64,314.0,1661,36.06,69,0,0,0,0,0,0
1500,M96753,M,300.38,311.0,1457,41.31,99,0,0,0,0,0,0
1501,L65822,L,299.36,310.82,1669,52.28,246,1,0,0,1,1,0
1502,L61603,L,298.92,307.85,1599,38.51,205,0,0,0,0,0,0
1503,L90291,L,298.13,309.87,1523,35.8,104,0,0,0,0,0,0
1504,L45592,L,298.74,308.62,1350,61.54,87,0,0,0,0,0,0
1505,L66006,L,299.3,309.47,1658,33.43,96,0,0,0,0,0,0
1506,L36269,L,299.02,310.23,1590,20.8,114,1,0,0,1,0,0
1507,L60138,L,298.68,309.7,1260,28.11,41,0,0,0,0,0,0
1508,L72398,L,304.2,314.0,1361,40.07,113,0,0,0,0,0,0
1509,M29874,M,297.94,307.28,1168,52.63,210,0,0,0,0,0,0
1510,M67228,M,300.29,311.09,1289,53.58,28,0,0,0,0,0,0
1511,M72670,M,301.19,312.85,1479,29.85,116,0,0,0,0,0,0
1512,M17925,M,301.26,311.43,1345,40.2,197,0,0,0,0,0,0
1513,H13107,H,299.88,311.9,1385,32.99,130,0,0,0,0,0,0
1514,L96388,L,299.52,309.35,1785,41.03,145,0,0,0,0,0,0
1515,L37617,L,300.9,311.61,1720,43.99,84,0,0,0,0,0,0
1516,L84258,L,300.53,312.77,1410,60.53,156,0,0,0,0,0,0
1517,M60075,M,299.48,309.5,1678,37.15,51,0,0,0,0,0,0
1518,M32631,M,296.88,308.63,1754,47.91,116,0,0,0,0,0,0
1519,L72444,L,299.06,311.74,1646,28.77,41,0,0,0,0,0,0
1520,H17883,H,297.71,308.58,1589,38.01,51,0,0,0,0,0,0
1521,L29708,L,298.67,308.84,1733,24.3,163,0,0,0,0,0,0
1522,H56221,H,300.07,309.99,1674,39.14,222,0,0,0,0,0,0
1523,L27197,L,300.72,312.72,1317,46.61,135,0,0,0,0,0,0
1524,L31134,L,303.56,314.0,1501,14.75,223,1,0,0,1,0,0
1525,L43550,L,298.93,311.07,1436,50.98,207,0,0,0,0,0,0
1526,L24642,L,301.55,312.22,1742,39.91,213,0,0,0,0,0,0
1527,L30439,L,300.61,312.35,1431,34.49,126,0,0,0,0,0,0
1528,L34583,L,302.59,313.24,1400,43.82,1,0,0,0,0,0,0
1529,M89538,M,301.15,310.97,1720,20.87,50,0,0,0,0,0,0
1530,L72014,L,297.98,309.81,1582,29.25,142,0,0,0,0,0,0
1531,L29523,L,296.55,308.89,1915,42.4,103,0,0,0,0,0,0
1532,M80543,M,300.62,310.3,1380,29.54,16,0,0,0,0,0,0
1533,M95971,M,298.94,308.6,1442,39.84,140,0,0,0,0,0,0
1534,L86830,L,298.04,308.78,1737,21.47,181,0,0,0,0,0,0
1535,L55538,L,297.46,309.12,1305,47.62,127,0,0,0,0,0,0
1536,L57310,L,300.32,309.89,1773,36.87,226,0,0,0,0,0,0
1537,L20908,L,303.02,313.94,1318,51.35,152,0,0,0,0,0,0
1538,M67290,M,299.18,309.29,1645,38.91,201,0,0,0,0,0,0
1539,L63634,L,301.18,312.58,1203,64.6,108,0,0,0,0,0,0
1540,L22699,L,299.8,309.7,1543,31.99,74,0,0,0,0,0,0
1541,M76912,M,297.42,308.89,1288,32.7,160,0,0,0,0,0,0
1542,L24255,L,301.47,312.01,1882,25.98,77,0,0,0,0,0,0
1543,L89183,L,297.81,307.57,1342,28.32,97,0,0,0,0,0,0
1544,L70282,L,300.04,310.81,1386,42.16,149,0,0,0,0,0,0
1545,H68249,H,299.32,308.08,1631,33.9,171,0,0,0,0,0,0
1546,L48176,L,301.79,311.93,1427,44.95,131,0,0,0,0,0,0
1547,M18163,M,297.88,308.92,1661,20.56,107,0,0,0,0,0,0
1548,L64210,L,300.78,309.71,1407,40.59,153,0,0,0,0,0,0
1549,L81979,L,298.32,306.45,1393,53.61,128,0,0,0,0,0,0
1550,M88860,M,298.98,307.34,1530,42.8,9,0,0,0,0,0,0
1551,H31143,H,295.0,307.03,1316,22.91,99,1,0,0,1,0,0
1552,M14920,M,304.18,314.0,1606,35.56,1,0,0,0,0,0,0
1553,M92911,M,301.1,311.27,1693,27.64,28,0,0,0,0,0,0
1554,M47996,M,298.47,310.11,1635,35.17,152,0,0,0,0,0,0
1555,L21748,L,297.75,308.05,1651,31.41,214,0,0,0,0,0,0
1556,L91251,L,299.01,309.98,1189,69.17,245,1,0,0,0,1,0
1557,M57252,M,301.43,312.16,1452,40.31,124,0,0,0,0,0,0
1558,L73179,L,296.22,306.44,1494,41.38,221,0,0,0,0,0,0
1559,M16450,M,299.72,310.71,1797,31.54,59,0,0,0,0,0,0
1560,H62756,H,303.54,314.0,1430,44.81,88,0,0,0,0,0,0
1561,L60235,L,297.73,308.25,1168,46.39,12,0,0,0,0,0,0
1562,L10020,L,300.16,310.4,1354,50.49,167,0,0,0,0,0,0
1563,M90253,M,304.41,314.0,1416,36.5,161,0,0,0,0,0,0
1564,L19664,L,301.26,309.67,1168,65.93,34,1,0,1,0,0,0
1565,M76635,M,300.25,311.23,1709,37.68,253,0,0,0,0,0,0
1566,L33225,L,301.01,310.5,1252,44.0,78,0,0,0,0,0,0
1567,M78173,M,299.2,310.53,1615,42.94,38,0,0,0,0,0,0
1568,L95333,L,302.6,313.21,1338,48.09,41,0,0,0,0,0,0
1569,M50225,M,299.2,310.01,1806,38.28,211,0,0,0,0,0,0
1570,L20807,L,296.08,307.48,1485,39.4,234,1,1,0,0,0,0
1571,L93274,L,299.22,308.99,1449,37.16,213,0,0,0,0,0,0
1572,L16402,L,298.07,309.14,1630,36.34,24,0,0,0,0,0,0
1573,M14521,M,299.44,310.41,1354,37.03,246,0,0,0,0,0,0
1574,M73165,M,299.48,310.0,1639,43.53,141,0,0,0,0,0,0
1575,L18382,L,302.39,312.17,1448,54.09,82,0,0,0,0,0,0
1576,L25065,L,301.39,312.69,1428,45.93,109,0,0,0,0,0,0
1577,L95470,L,300.53,311.93,1519,51.08,85,0,0,0,0,0,0
1578,M24425,M,299.99,310.81,1339,54.85,214,0,0,0,0,0,0
1579,M23111,M,297.88,307.51,1501,35.62,0,0,0,0,0,0,0
1580,L50799,L,295.64,305.81,1596,43.4,252,0,0,0,0,0,0
1581,L63257,L,300.23,310.87,1168,33.32,166,0,0,0,0,0,0
1582,L71177,L,301.59,312.98,1731,34.63,29,0,0,0,0,0,0
1583,L91046,L,299.78,308.9,1682,24.0,132,0,0,0,0,0,0
1584,L47851,L,298.93,309.07,1201,46.39,221,1,1,0,0,0,0
1585,H18816,H,300.93,311.23,1173,31.26,198,0,0,0,0,0,0
1586,L87853,L,299.83,310.45,1687,43.27,189,0,0,0,0,0,0
1587,M12175,M,303.37,312.77,1673,30.87,252,0,0,0,0,0,0
1588,L21341,L,302.47,312.95,1647,42.67,204,1,1,0,0,0,0
1589,L73908,L,301.92,312.31,1278,43.98,158,0,0,0,0,0,0
1590,M35654,M,301.52,311.18,1864,16.56,134,1,0,0,1,0,0
1591,M70895,M,297.42,308.0,1399,36.0,126,0,0,0,0,0,0
1592,H69696,H,301.33,311.48,1578,31.49,245,0,0,0,0,0,0
1593,L67889,L,300.75,311.95,1580,36.12,28,0,0,0,0,0,0
1594,L97144,L,301.21,311.03,1822,43.31,50,0,0,0,0,0,0
1595,M93115,M,300.99,311.78,1558,52.18,216,1,1,0,0,0,0
1596,L40194,L,300.91,310.8,1610,33.53,204,1,1,0,0,0,0
1597,L44837,L,304.5,314.0,1521,25.8,239,0,0,0,0,0,0
1598,L78894,L,299.85,310.84,1320,35.34,116,0,0,0,0,0,0
1599,L94358,L,301.87,312.81,1168,54.94,248,1,0,0,0,1,0
1600,M51576,M,299.06,309.34,1541,36.18,78,0,0,0,0,0,0
1601,L29727,L,301.58,312.01,1281,27.12,178,0,0,0,0,0,0
1602,L44579,L,301.88,311.13,1598,31.34,93,0,0,0,0,0,0
1603,L26555,L,300.73,312.83,1562,48.72,198,0,0,0,0,0,0
1604,L63294,L,303.34,314.0,1557,39.48,68,0,0,0,0,0,0
1605,L59777,L,298.23,309.58,1345,43.09,13,0,0,0,0,0,0
1606,L15906,L,299.03,308.13,1722,30.05,93,0,0,0,0,0,0
1607,L50751,L,300.42,310.53,1620,31.29,22,0,0,0,0,0,0
1608,M79599,M,301.76,312.13,1322,49.22,79,0,0,0,0,0,0
1609,L84180,L,300.36,309.13,1907,31.11,87,0,0,0,0,0,0
1610,L83678,L,302.57,314.0,1497,45.65,42,0,0,0,0,0,0
1611,M41644,M,298.68,310.83,1295,50.3,55,0,0,0,0,0,0
1612,M43521,M,297.72,310.48,1398,41.17,148,0,0,0,0,0,0
1613,L21564,L,300.62,310.27,1263,49.71,106,0,0,0,0,0,0
1614,L80640,L,299.85,310.66,1780,27.43,157,0,0,0,0,0,0
1615,L37299,L,301.09,313.11,1729,32.73,203,0,0,0,0,0,0
1616,M57958,M,299.95,310.39,1668,45.86,244,0,0,0,0,0,0
1617,H66078,H,299.32,309.45,1634,35.15,108,0,0,0,0,0,0
1618,M23421,M,299.85,308.68,1760,30.79,167,0,0,0,0,0,0
1619,L98747,L,300.06,311.89,1491,40.44,93,0,0,0,0,0,0
1620,M21202,M,299.39,310.07,1611,25.2,101,0,0,0,0,0,0
1621,L52185,L,299.59,309.56,1389,43.53,21,0,0,0,0,0,0
1622,L13685,L,299.19,310.18,1507,54.13,129,0,0,0,0,0,0
1623,L52637,L,301.71,312.57,1616,28.29,150,0,0,0,0,0,0
1624,H28366,H,300.39,311.26,1168,52.33,105,0,0,0,0,0,0
1625,L34276,L,304.5,314.0,1423,40.01,214,0,0,0,0,0,0
1626,M90946,M,300.32,312.64,1565,36.17,213,0,0,0,0,0,0
1627,L58239,L,298.9,309.46,1521,37.04,189,0,0,0,0,0,0
1628,L85214,L,304.5,314.0,1454,46.46,29,0,0,0,0,0,0
1629,L34575,L,300.83,312.09,1641,25.33,154,0,0,0,0,0,0
1630,L51401,L,301.98,313.03,1408,47.71,225,0,0,0,0,0,0
1631,M51230,M,301.18,311.77,1315,44.32,202,0,0,0,0,0,0
1632,L89424,L,301.25,312.92,1748,18.33,220,1,0,0,1,0,0
1633,M92263,M,301.07,311.88,1723,36.42,36,0,0,0,0,0,0
1634,M78617,M,297.8,307.56,1427,41.29,69,0,0,0,0,0,0
1635,H33021,H,300.74,310.47,1523,29.43,15,0,0,0,0,0,0
1636,L19449,L,297.35,308.47,1687,35.32,123,0,0,0,0,0,0
1637,L25657,L,299.65,309.44,1543,24.91,19,0,0,0,0,0,0
1638,L45059,L,298.55,309.19,1630,29.13,73,0,0,0,0,0,0
1639,H11532,H,300.71,312.47,1621,35.68,173,0,0,0,0,0,0
1640,H60805,H,300.67,311.67,1478,22.44,101,1,0,0,1,0,0
1641,L91551,L,300.96,310.94,1628,25.07,228,0,0,0,0,0,0
1642,M47756,M,300.57,312.68,1361,31.55,122,0,0,0,0,0,0
1643,L81880,L,298.79,310.03,1606,36.38,73,0,0,0,0,0,0
1644,M84642,M,299.48,311.2,1522,41.81,235,0,0,0,0,0,0
1645,L44206,L,301.84,310.27,1470,30.28,152,0,0,0,0,0,0
1646,M62168,M,302.14,313.17,1311,33.35,58,0,0,0,0,0,0
1647,L85188,L,297.71,309.25,1559,38.03,213,0,0,0,0,0,0
1648,M34550,M,296.94,309.34,1542,38.19,159,0,0,0,0,0,0
1649,M16389,M,298.55,307.78,1384,34.15,144,0,0,0,0,0,0
1650,M97897,M,302.09,314.0,1248,66.92,217,1,1,0,0,1,0
1651,L45847,L,302.43,314.0,1239,48.38,207,0,0,0,0,0,0
1652,L89239,L,298.15,306.83,1489,36.84,137,0,0,0,0,0,0
1653,L28642,L,300.61,311.79,1590,32.55,144,0,0,0,0,0,0
1654,L46509,L,303.67,314.0,1868,38.41,129,0,0,0,0,0,0
1655,L89417,L,300.83,311.2,1527,42.64,65,0,0,0,0,0,0
1656,H59237,H,302.84,313.05,1242,26.08,28,1,0,0,1,0,0
1657,L25414,L,302.0,313.37,1498,31.6,237,0,0,0,0,0,0
1658,L73176,L,298.18,308.26,1760,28.91,122,0,0,0,0,0,0
1659,L89865,L,299.62,310.1,1412,40.45,131,0,0,0,0,0,0
1660,L72059,L,300.07,311.58,1736,38.17,29,0,0,0,0,0,0
1661,M59150,M,300.21,312.66,1567,26.79,188,0,0,0,0,0,0
1662,L98367,L,301.83,313.07,1651,34.01,185,0,0,0,0,0,0
1663,H51091,H,300.82,311.65,1870,43.67,203,0,0,0,0,0,0
1664,L83124,L,295.0,305.18,1204,47.92,161,0,0,0,0,0,0
1665,H10903,H,297.37,307.06,1696,27.91,77,0,0,0,0,0,0
1666,M64235,M,295.63,307.43,1518,25.16,151,0,0,0,0,0,0
1667,L68565,L,300.35,310.9,1364,36.89,87,0,0,0,0,0,0
1668,H65342,H,300.48,312.33,1517,27.59,250,0,0,0,0,0,0
1669,L52723,L,300.57,310.94,1839,28.08,81,0,0,0,0,0,0
1670,M45572,M,298.08,308.13,1775,36.65,24,0,0,0,0,0,0
1671,L27610,L,301.35,312.47,1175,49.22,88,0,0,0,0,0,0
1672,M44052,M,301.43,312.06,1396,36.11,104,0,0,0,0,0,0
1673,M97063,M,297.49,306.98,1705,18.56,24,1,0,0,1,0,0
1674,M47550,M,297.07,309.59,1531,45.21,219,1,1,0,0,0,0
1675,M64033,M,300.0,310.07,1532,34.11,157,0,0,0,0,0,0
1676,L39011,L,303.58,314.0,1253,46.97,182,0,0,0,0,0,0
1677,L44764,L,303.4,314.0,1401,31.58,88,0,0,0,0,0,0
1678,L63533,L,301.13,310.57,1291,39.86,151,0,0,0,0,0,0
1679,L34064,L,298.54,308.24,1237,39.59,249,0,0,0,0,0,0
1680,M59581,M,301.77,312.17,1309,29.18,231,0,0,0,0,0,0
1681,L38702,L,299.1,308.93,1368,32.38,126,0,0,0,0,0,0
1682,H95701,H,298.46,310.89,1398,40.83,166,0,0,0,0,0,0
1683,M18631,M,295.71,306.21,1383,44.51,204,1,1,0,0,0,0
1684,M97388,M,300.2,311.79,1719,27.64,1,0,0,0,0,0,0
1685,L80043,L,298.74,309.95,1372,29.21,161,0,0,0,0,0,0
1686,M76063,M,300.19,311.16,1792,29.13,15,0,0,0,0,0,0
1687,H38981,H,295.4,306.14,1448,47.28,175,0,0,0,0,0,0
1688,L45764,L,300.34,312.28,1614,27.16,151,0,0,0,0,0,0
1689,M60513,M,295.14,305.01,1620,35.49,177,0,0,0,0,0,0
1690,M76198,M,302.18,314.0,1373,34.83,129,0,0,0,0,0,0
1691,L34940,L,301.04,310.46,1476,49.77,220,0,0,0,0,0,0
1692,L81792,L,299.44,310.92,1444,34.64,38,0,0,0,0,0,0
1693,L38432,L,301.13,310.42,1602,41.68,102,0,0,0,0,0,0
1694,L18367,L,298.04,308.43,1512,47.52,208,0,0,0,0,0,0
1695,L35511,L,300.14,310.94,1400,56.69,186,0,0,0,0,0,0
1696,L18573,L,301.59,311.8,1556,24.36,150,0,0,0,0,0,0
1697,L25582,L,295.0,305.52,1596,23.35,11,0,0,0,0,0,0
1698,L15378,L,299.11,308.42,1868,39.61,76,0,0,0,0,0,0
1699,H75296,H,299.95,309.67,1547,46.3,68,0,0,0,0,0,0
1700,L23500,L,299.61,310.81,1537,31.53,142,0,0,0,0,0,0
1701,H75841,H,302.91,313.64,1612,6.78,244,1,0,0,1,0,0
1702,L31881,L,297.75,307.76,1364,42.85,59,0,0,0,0,0,0
1703,L80233,L,298.76,310.78,1224,29.04,63,0,0,0,0,0,0
1704,L61542,L,296.17,305.65,1479,30.73,129,0,0,0,0,0,0
1705,L75285,L,303.02,313.36,1728,34.66,197,0,0,0,0,0,0
1706,L69547,L,299.51,309.7,1757,35.18,63,0,0,0,0,0,0
1707,M72151,M,299.12,310.44,1197,66.81,163,0,0,0,0,0,0
1708,L17222,L,299.9,310.64,1655,31.4,214,0,0,0,0,0,0
1709,M17933,M,301.27,311.86,1168,37.08,12,0,0,0,0,0,0
1710,M93385,M,300.69,309.55,1618,43.54,1,0,0,0,0,0,0
1711,L99772,L,304.5,314.0,1607,39.02,119,0,0,0,0,0,0
1712,L88437,L,300.91,311.39,1225,42.54,4,0,0,0,0,0,0
1713,M16940,M,299.07,309.89,1715,33.67,39,0,0,0,0,0,0
1714,L94590,L,298.88,308.83,1849,28.06,207,0,0,0,0,0,0
1715,L69145,L,299.21,309.01,1524,44.11,191,0,0,0,0,0,0
1716,H53610,H,297.0,309.2,1560,52.21,38,0,0,0,0,0,0
1717,L67520,L,300.08,309.01,1801,26.04,162,0,0,0,0,0,0
1718,M14544,M,301.57,311.21,1332,47.53,184,0,0,0,0,0,0
1719,H64812,H,298.77,310.95,1337,26.47,40,0,0,0,0,0,0
1720,L81610,L,298.39,309.73,1384,30.3,172,0,0,0,0,0,0
1721,L61500,L,303.03,313.41,1542,42.39,161,0,0,0,0,0,0
1722,L49618,L,297.15,309.09,1541,36.52,146,0,0,0,0,0,0
1723,L35444,L,295.86,307.01,1435,28.85,234,1,1,0,0,0,0
1724,L95982,L,297.69,308.63,1481,38.77,125,0,0,0,0,0,0
1725,M66586,M,296.92,307.84,1438,48.6,217,0,0,0,0,0,0
1726,L34789,L,300.77,311.94,1446,25.28,41,0,0,0,0,0,0
1727,L11617,L,299.28,310.48,1397,58.94,106,0,0,0,0,0,0
1728,H13333,H,299.56,312.46,1398,46.85,16,0,0,0,0,0,0
1729,M50002,M,302.31,312.81,1175,56.0,112,0,0,0,0,0,0
1730,M73620,M,298.62,309.15,1495,38.32,34,0,0,0,0,0,0
1731,L97688,L,301.55,311.01,1183,69.59,203,1,0,0,0,1,0
1732,M99627,M,303.02,313.67,1670,42.56,162,0,0,0,0,0,0
1733,L10511,L,299.09,311.65,1434,36.28,100,0,0,0,0,0,0
1734,L47850,L,301.47,313.16,1514,45.02,5,0,0,0,0,0,0
1735,L92172,L,299.52,309.67,1468,31.88,179,0,0,0,0,0,0
1736,M96053,M,301.85,312.58,1491,35.73,73,0,0,0,0,0,0
1737,L41786,L,296.86,306.26,1762,44.43,42,0,0,0,0,0,0
1738,L84356,L,296.71,306.44,1292,48.65,150,0,0,0,0,0,0
1739,L46244,L,299.22,310.07,1243,53.73,210,1,0,0,0,1,0
1740,L84714,L,298.22,308.43,1556,47.57,115,0,0,0,0,0,0
1741,M77261,M,298.97,308.62,1446,45.06,170,0,0,0,0,0,0
1742,M28477,M,299.56,310.75,1600,28.55,180,0,0,0,0,0,0
1743,M56533,M,301.44,312.06,1664,48.73,71,0,0,0,0,0,0
1744,L44469,L,299.18,308.32,1336,48.43,72,0,0,0,0,0,0
1745,L18496,L,298.35,306.98,1644,39.97,194,0,0,0,0,0,0
1746,L22270,L,299.3,309.43,1351,43.0,96,0,0,0,0,0,0
1747,L86008,L,298.46,307.57,1548,47.28,193,0,0,0,0,0,0
1748,L30724,L,298.13,306.96,1312,64.56,161,0,0,0,0,0,0
1749,M40416,M,296.77,308.6,1559,33.31,162,0,0,0,0,0,0
1750,L45575,L,300.14,310.74,1531,47.38,209,1,1,0,0,0,0
1751,L91190,L,298.86,309.3,1336,43.24,154,0,0,0,0,0,0
1752,L86614,L,301.93,312.44,1290,22.22,240,1,0,0,1,0,0
1753,L83108,L,297.11,306.67,1670,22.26,235,1,1,0,0,0,0
1754,L27408,L,298.92,310.03,1453,43.6,154,0,0,0,0,0,0
1755,H29359,H,303.63,314.0,1717,41.79,229,1,1,0,0,0,0
1756,M18698,M,298.12,308.06,1437,45.94,191,0,0,0,0,0,0
1757,H80392,H,299.53,309.62,1769,38.61,38,0,0,0,0,0,0
1758,L49492,L,297.57,307.04,1364,69.19,187,1,0,0,1,1,0
1759,L84781,L,297.3,307.6,1800,36.03,208,1,1,0,0,0,0
1760,L53634,L,303.09,313.55,1566,34.16,72,0,0,0,0,0,0
1761,L52864,L,300.34,310.61,1607,34.53,95,0,0,0,0,0,0
1762,M47355,M,300.27,311.02,1354,59.6,150,0,0,0,0,0,0
1763,L47690,L,296.61,307.23,1666,23.48,235,1,1,0,0,0,0
1764,L47814,L,300.72,311.65,1673,44.86,77,0,0,0,0,0,0
1765,L41645,L,302.31,313.96,1477,38.96,10,0,0,0,0,0,0
1766,L94814,L,302.3,313.59,1168,38.86,3,0,0,0,0,0,0
1767,M82739,M,301.34,312.99,1335,27.37,50,0,0,0,0,0,0
1768,L66630,L,297.74,307.59,1335,58.82,37,0,0,0,0,0,0
1769,L58171,L,300.63,310.82,1616,27.86,50,0,0,0,0,0,0
1770,L31658,L,301.34,312.69,1451,40.09,47,0,0,0,0,0,0
1771,L25797,L,296.41,307.78,1455,29.79,207,0,0,0,0,0,0
1772,M68799,M,297.76,307.78,1433,59.63,35,0,0,0,0,0,0
1773,M62236,M,301.78,313.09,1799,32.62,24,0,0,0,0,0,0
1774,H16265,H,301.75,311.51,1543,24.63,132,0,0,0,0,0,0
1775,M82134,M,296.9,308.08,1571,32.57,73,0,0,0,0,0,0
1776,L92678,L,301.59,312.26,1424,54.27,68,0,0,0,0,0,0
1777,M63494,M,300.19,309.51,1530,28.31,104,0,0,0,0,0,0
1778,L62268,L,301.56,311.83,1359,38.34,81,0,0,0,0,0,0
1779,L36998,L,298.73,311.61,1597,46.53,118,0,0,0,0,0,0
1780,M71339,M,301.29,312.19,1329,46.81,22,0,0,0,0,0,0
1781,L24306,L,301.69,314.0,1669,23.86,229,0,0,0,0,0,0
1782,H74006,H,299.3,308.55,1403,43.13,13,0,0,0,0,0,0
1783,L57345,L,300.04,311.49,1706,32.31,179,0,0,0,0,0,0
1784,M21885,M,298.7,306.87,1878,30.9,86,0,0,0,0,0,0
1785,M53826,M,303.3,314.0,1535,46.15,124,0,0,0,0,0,0
1786,M65597,M,299.76,311.09,1771,34.3,47,0,0,0,0,0,0
1787,M17443,M,298.16,309.69,1670,33.51,98,0,0,0,0,0,0
1788,M27084,M,298.57,308.47,1277,43.27,56,0,0,0,0,0,0
1789,L99447,L,300.25,311.99,1555,46.77,160,0,0,0,0,0,0
1790,L14383,L,301.51,311.67,1625,28.91,37,0,0,0,0,0,0
1791,L44361,L,297.33,307.86,1643,15.98,192,1,0,0,1,0,0
1792,M90294,M,303.7,313.96,1567,34.5,5,0,0,0,0,0,0
1793,L71331,L,300.62,310.18,1565,40.08,148,0,0,0,0,0,0
1794,M30529,M,300.93,313.2,1536,33.42,26,0,0,0,0,0,0
1795,L68574,L,299.81,310.55,1559,31.93,68,0,0,0,0,0,0
1796,L98627,L,300.04,311.83,1315,39.61,218,0,0,0,0,0,0
1797,M40932,M,299.7,311.45,1492,38.15,249,0,0,0,0,0,0
1798,L11908,L,302.04,311.77,1273,30.39,235,0,0,0,0,0,0
1799,L40358,L,299.98,311.9,1445,46.19,133,0,0,0,0,0,0
1800,L40412,L,301.53,312.74,1429,13.41,39,1,0,0,1,0,0
1801,H93710,H,299.13,308.79,1417,45.89,152,0,0,0,0,0,0
1802,M91032,M,300.39,311.54,1346,45.91,242,0,0,0,0,0,0
1803,L12928,L,298.39,308.07,1583,40.68,68,0,0,0,0,0,0
1804,L75158,L,302.43,314.0,1478,20.08,189,1,0,0,1,0,0
1805,L40632,L,298.33,309.85,1459,42.14,78,0,0,0,0,0,0
1806,M42309,M,299.35,309.98,1282,38.64,45,0,0,0,0,0,0
1807,M19280,M,299.37,311.33,1481,54.17,175,0,0,0,0,0,0
1808,L50449,L,299.29,308.41,1741,35.88,165,0,0,0,0,0,0
1809,L97171,L,301.44,311.4,1744,23.19,60,0,0,0,0,0,0
1810,L36957,L,299.37,309.81,1602,20.65,80,1,0,0,1,0,0
1811,M46895,M,302.79,314.0,1482,32.72,16,0,0,0,0,0,0
1812,M80499,M,298.36,307.99,1636,42.14,47,0,0,0,0,0,0
1813,L31695,L,300.34,309.33,1415,52.16,32,0,0,0,0,0,0
1814,L84893,L,298.45,307.7,1481,40.44,17,0,0,0,0,0,0
1815,L73123,L,300.84,312.45,1401,41.7,35,0,0,0,0,0,0
1816,H35176,H,299.97,310.07,1699,30.93,53,0,0,0,0,0,0
1817,L28409,L,299.69,310.23,1675,34.02,130,0,0,0,0,0,0
1818,M66967,M,302.38,313.84,1529,48.87,88,0,0,0,0,0,0
1819,M10987,M,298.69,309.23,1847,28.34,98,0,0,0,0,0,0
1820,L64462,L,301.17,312.08,1609,41.47,108,0,0,0,0,0,0
1821,L77501,L,298.46,309.7,1599,31.1,147,0,0,0,0,0,0
1822,L36015,L,300.23,310.49,1580,45.45,99,0,0,0,0,0,0
1823,M76404,M,297.61,308.14,1308,50.15,106,0,0,0,0,0,0
1824,M60281,M,298.67,309.62,1374,51.83,30,0,0,0,0,0,0
1825,M47146,M,299.84,311.4,1525,55.24,20,0,0,0,0,0,0
1826,L58231,L,303.63,313.54,1527,13.3,127,1,0,0,1,0,0
1827,L39032,L,300.2,307.88,1641,41.49,100,0,0,0,0,0,0
1828,H38305,H,303.31,314.0,1415,45.25,33,0,0,0,0,0,0
1829,M64306,M,300.44,312.07,1548,41.16,229,0,0,0,0,0,0
1830,L98176,L,299.23,310.13,1551,39.16,184,0,0,0,0,0,0
1831,H28318,H,303.08,314.0,1558,38.98,164,0,0,0,0,0,0
1832,M23246,M,300.87,311.01,1538,40.39,0,0,0,0,0,0,0
1833,L43844,L,298.71,309.91,1282,54.8,56,0,0,0,0,0,0
1834,M42602,M,300.94,312.49,1168,59.19,54,0,0,0,0,0,0
1835,M31584,M,299.41,310.17,1365,41.7,158,0,0,0,0,0,0
1836,M25169,M,296.02,309.21,1439,37.94,22,0,0,0,0,0,0
1837,L35968,L,301.87,311.01,1323,43.53,106,0,0,0,0,0,0
1838,L16385,L,302.19,313.05,1525,33.69,101,0,0,0,0,0,0
1839,H83758,H,303.68,313.2,1731,47.83,112,0,0,0,0,0,0
1840,L35444,L,300.84,312.42,1666,23.47,74,0,0,0,0,0,0
1841,L72497,L,299.5,308.62,1619,42.02,230,0,0,0,0,0,0
1842,L15362,L,301.67,311.04,1712,39.68,47,0,0,0,0,0,0
1843,L18250,L,301.7,311.77,1369,36.31,147,0,0,0,0,0,0
1844,M78354,M,303.28,314.0,1453,42.36,100,0,0,0,0,0,0
1845,H46368,H,299.91,310.02,1646,45.81,134,0,0,0,0,0,0
1846,L54109,L,299.67,309.78,1450,36.26,98,0,0,0,0,0,0
1847,L90589,L,298.57,309.09,1459,52.14,129,0,0,0,0,0,0
1848,L67645,L,301.07,311.53,1870,39.2,250,0,0,0,0,0,0
1849,M66997,M,296.9,309.09,1552,30.36,224,0,0,0,0,0,0
1850,M37426,M,301.55,312.94,1852,22.36,39,0,0,0,0,0,0
1851,L49023,L,301.18,311.55,1207,49.44,151,0,0,0,0,0,0
1852,M69267,M,301.17,313.97,1421,27.81,102,0,0,0,0,0,0
1853,M34892,M,300.28,311.47,1609,9.75,201,1,0,0,1,0,0
1854,M69232,M,303.07,312.8,1552,32.4,109,0,0,0,0,0,0
1855,H69225,H,301.74,312.7,1168,75.72,8,1,0,0,1,0,0
1856,L26007,L,298.79,310.02,1494,34.07,121,0,0,0,0,0,0
1857,M89777,M,298.82,308.83,1980,31.68,42,0,0,0,0,0,0
1858,L54858,L,298.24,307.89,1579,42.62,96,0,0,0,0,0,0
1859,M55073,M,301.1,311.89,1644,34.5,50,0,0,0,0,0,0
1860,M99438,M,298.0,308.34,1419,37.01,212,0,0,0,0,0,0
1861,M93098,M,302.17,314.0,1579,47.44,205,0,0,0,0,0,0
1862,M30239,M,302.65,314.0,1533,37.75,49,0,0,0,0,0,0
1863,L72969,L,298.24,308.3,1736,32.24,86,0,0,0,0,0,0
1864,L23065,L,299.63,310.75,1731,39.71,203,0,0,0,0,0,0
1865,H51291,H,300.03,312.0,1608,26.45,149,0,0,0,0,0,0
1866,H48805,H,301.77,311.07,1548,25.33,91,0,0,0,0,0,0
1867,L28443,L,303.22,312.9,1233,27.6,90,0,0,0,0,0,0
1868,L19290,L,296.63,307.32,1226,53.35,9,0,0,0,0,0,0
1869,L10211,L,299.36,310.1,1550,35.46,209,0,0,0,0,0,0
1870,M93634,M,299.47,310.12,1692,40.85,215,0,0,0,0,0,0
1871,M29072,M,297.2,307.59,1775,32.7,194,0,0,0,0,0,0
1872,L53290,L,299.03,309.4,1375,27.39,131,0,0,0,0,0,0
1873,L95186,L,300.86,311.94,1263,41.32,29,0,0,0,0,0,0
1874,M25115,M,299.44,311.28,1703,41.19,212,1,1,0,0,0,0
1875,M15149,M,296.91,307.13,1388,38.56,149,0,0,0,0,0,0
1876,L51992,L,304.5,314.0,1251,59.38,91,0,0,0,0,0,0
1877,L27716,L,300.53,313.19,1446,35.13,200,0,0,0,0,0,0
1878,L23621,L,300.22,312.25,1443,46.85,107,1,0,0,0,0,1
1879,L16820,L,297.8,309.13,1773,17.92,40,1,0,0,1,0,0
1880,L52800,L,300.52,313.23,1691,31.97,232,1,1,0,0,0,0
1881,M65043,M,299.67,310.08,1402,36.91,143,0,0,0,0,0,0
1882,M40399,M,296.22,306.09,1787,20.86,183,0,0,0,0,0,0
1883,M24002,M,297.86,308.03,1558,47.01,228,0,0,0,0,0,0
1884,M53098,M,301.59,311.29,1726,27.88,68,0,0,0,0,0,0
1885,L55511,L,303.89,314.0,1774,26.3,141,0,0,0,0,0,0
1886,L63243,L,300.73,311.73,1488,51.04,179,0,0,0,0,0,0
1887,L38750,L,302.21,313.11,1638,36.39,13,0,0,0,0,0,0
1888,L27310,L,299.69,310.38,1462,46.84,174,0,0,0,0,0,0
1889,M65398,M,299.83,310.66,1702,19.33,15,1,0,0,1,0,0
1890,H92542,H,302.18,314.0,1551,29.56,102,0,0,0,0,0,0
1891,L85207,L,303.33,314.0,1708,51.05,42,1,0,0,1,0,0
1892,L54345,L,302.6,314.0,1809,38.43,67,0,0,0,0,0,0
1893,M61843,M,297.87,308.76,1634,25.66,254,0,0,0,0,0,0
1894,L20222,L,299.87,308.95,1518,39.86,164,0,0,0,0,0,0
1895,L99322,L,300.56,309.44,1521,28.29,141,0,0,0,0,0,0
1896,M41509,M,299.48,312.26,1168,66.15,40,0,0,0,0,0,0
1897,M10386,M,300.78,310.94,1407,17.62,86,1,0,0,1,0,0
1898,L74334,L,301.64,311.72,1703,35.96,72,0,0,0,0,0,0
1899,L77170,L,302.01,312.95,1710,35.7,151,0,0,0,0,0,0
1900,M50878,M,303.37,314.0,1403,29.48,74,0,0,0,0,0,0
1901,L79669,L,299.34,310.72,1565,34.12,219,1,1,0,0,0,0
1902,L48349,L,297.27,309.75,1501,41.76,18,0,0,0,0,0,0
1903,M31952,M,300.72,312.92,1659,19.18,210,1,0,0,1,0,0
1904,L31529,L,303.77,313.66,1933,20.16,11,0,0,0,0,0,0
1905,M81303,M,299.05,310.71,1663,33.13,46,0,0,0,0,0,0
1906,L51521,L,301.37,311.69,1414,32.07,97,0,0,0,0,0,0
1907,H28383,H,301.39,311.95,1521,33.31,139,0,0,0,0,0,0
1908,L14901,L,300.38,309.99,1787,31.9,130,0,0,0,0,0,0
1909,L52889,L,300.01,309.02,1281,34.53,157,0,0,0,0,0,0
1910,L24633,L,298.15,308.82,1424,39.96,185,0,0,0,0,0,0
1911,L72244,L,295.44,305.18,1663,37.02,110,0,0,0,0,0,0
1912,M29163,M,297.78,309.4,1768,38.72,173,0,0,0,0,0,0
1913,H69019,H,299.22,309.64,1645,23.99,178,0,0,0,0,0,0
1914,L20707,L,302.19,313.2,1426,33.87,98,0,0,0,0,0,0
1915,L98112,L,299.79,311.86,1632,40.28,14,0,0,0,0,0,0
1916,M93597,M,298.96,308.18,1610,22.41,42,0,0,0,0,0,0
1917,M55101,M,298.22,308.19,1598,36.8,149,0,0,0,0,0,0
1918,L54706,L,301.31,312.19,1518,38.02,8,0,0,0,0,0,0
1919,L87084,L,302.72,313.73,1545,13.11,91,1,0,0,1,0,0
1920,L25115,L,302.13,313.93,1372,36.61,92,0,0,0,0,0,0
1921,M85379,M,301.21,312.78,1981,31.31,38,1,0,0,0,0,1
1922,L49979,L,297.05,307.85,1563,34.71,230,0,0,0,0,0,0
1923,M50641,M,299.3,310.3,1634,30.91,230,0,0,0,0,0,0
1924,L79377,L,303.89,314.0,1496,39.8,208,1,1,0,0,0,0
1925,M16416,M,302.24,311.47,1687,42.36,67,0,0,0,0,0,0
1926,L20633,L,296.92,307.47,1301,49.95,56,0,0,0,0,0,0
1927,L10594,L,299.89,310.84,1221,38.06,195,0,0,0,0,0,0
1928,L24393,L,300.73,311.88,1530,23.8,6,0,0,0,0,0,0
1929,M45380,M,298.48,308.25,1905,33.99,1,0,0,0,0,0,0
1930,L55056,L,295.38,305.0,1752,23.07,53,0,0,0,0,0,0
1931,L98279,L,300.2,310.66,1389,35.79,164,0,0,0,0,0,0
1932,L14861,L,298.42,311.09,1628,36.96,201,1,1,0,0,0,0
1933,L46126,L,298.43,308.31,1421,51.9,209,0,0,0,0,0,0
1934,M90382,M,299.29,311.16,1612,46.98,155,0,0,0,0,0,0
1935,M43682,M,299.73,312.02,1626,35.78,58,0,0,0,0,0,0
1936,M28228,M,299.98,310.73,1702,29.38,173,0,0,0,0,0,0
1937,L34009,L,298.23,308.25,1253,32.0,190,0,0,0,0,0,0
1938,M10094,M,299.56,310.77,1307,65.29,162,0,0,0,0,0,0
1939,L90636,L,296.49,307.38,1521,34.93,98,0,0,0,0,0,0
1940,L62221,L,300.62,310.46,1349,49.66,114,0,0,0,0,0,0
1941,L27430,L,295.0,305.04,1335,45.02,93,0,0,0,0,0,0
1942,L45571,L,299.42,310.57,1584,31.69,212,1,1,0,0,0,0
1943,M64486,M,301.84,313.47,1370,36.19,57,0,0,0,0,0,0
1944,M72294,M,297.88,308.26,1941,19.31,216,0,0,0,0,0,0
1945,M30860,M,301.43,312.06,1439,50.99,140,0,0,0,0,0,0
1946,L82812,L,302.31,313.68,1486,37.39,70,0,0,0,0,0,0
1947,L76087,L,295.0,305.53,1589,48.96,133,0,0,0,0,0,0
1948,L18486,L,299.7,310.1,1264,40.26,211,1,1,0,0,0,0
1949,L93063,L,295.0,305.0,1627,32.6,44,0,0,0,0,0,0
1950,L59607,L,299.76,309.69,1596,25.72,132,0,0,0,0,0,0
1951,L19745,L,299.99,313.35,1472,35.89,165,0,0,0,0,0,0
1952,L88533,L,295.03,305.54,1584,24.95,171,0,0,0,0,0,0
1953,L28330,L,303.85,314.0,1612,39.12,231,0,0,0,0,0,0
1954,M50078,M,300.57,312.96,1793,32.81,24,0,0,0,0,0,0
1955,H65332,H,298.3,308.82,1985,39.51,81,0,0,0,0,0,0
1956,H64532,H,302.93,314.0,1344,27.1,215,0,0,0,0,0,0
1957,M53336,M,296.41,307.21,1301,57.41,142,0,0,0,0,0,0
1958,L18070,L,297.54,306.63,1553,27.86,199,0,0,0,0,0,0
1959,M11320,M,295.4,305.0,1168,53.28,76,0,0,0,0,0,0
1960,M99043,M,303.6,314.0,1652,24.75,166,0,0,0,0,0,0
1961,L48921,L,300.66,310.94,1555,38.71,47,0,0,0,0,0,0
1962,L16589,L,301.32,313.91,1601,13.32,51,1,0,0,1,0,0
1963,M74409,M,300.6,311.07,1480,32.22,59,0,0,0,0,0,0
1964,L25589,L,301.15,313.8,1581,37.2,216,0,0,0,0,0,0
1965,L46375,L,300.16,310.38,1620,50.89,22,0,0,0,0,0,0
1966,L53085,L,300.54,313.15,1571,17.07,196,1,0,0,1,0,0
1967,L70840,L,300.22,311.42,1293,44.29,51,0,0,0,0,0,0
1968,L53200,L,298.78,310.05,1566,31.84,85,0,0,0,0,0,0
1969,L36732,L,299.91,310.09,1869,15.97,238,1,1,0,1,0,0
1970,L32426,L,300.55,311.82,1578,26.09,21,0,0,0,0,0,0
1971,L40982,L,300.22,312.61,1560,32.41,24,0,0,0,0,0,0
1972,M69720,M,297.04,307.6,1816,35.24,182,0,0,0,0,0,0
1973,L26746,L,297.31,307.67,1401,41.8,238,0,0,0,0,0,0
1974,L38514,L,302.17,312.62,1695,22.71,63,0,0,0,0,0,0
1975,L74889,L,299.39,311.71,1440,21.55,64,1,0,0,1,0,0
1976,H13851,H,301.17,312.72,1731,36.56,3,0,0,0,0,0,0
1977,L29796,L,297.82,309.96,1679,32.47,51,0,0,0,0,0,0
1978,L86034,L,297.05,308.07,1461,55.02,116,0,0,0,0,0,0
1979,M72798,M,298.31,309.05,1487,35.13,159,0,0,0,0,0,0
1980,M72985,M,299.55,310.68,1711,43.06,52,0,0,0,0,0,0
1981,L44592,L,298.67,310.44,1201,54.19,25,0,0,0,0,0,0
1982,M54845,M,302.59,313.04,1455,47.45,99,0,0,0,0,0,0
1983,L25930,L,300.36,312.43,1647,38.56,206,1,1,0,0,0,0
1984,L31159,L,303.7,314.0,1480,43.12,162,0,0,0,0,0,0
1985,L99788,L,300.81,309.1,1559,15.69,229,1,0,0,1,0,0
1986,L34003,L,295.17,306.76,1168,46.15,218,0,0,0,0,0,0
1987,M45139,M,302.11,311.54,1381,34.6,13,0,0,0,0,0,0
1988,L62452,L,296.98,308.54,1657,45.55,161,0,0,0,0,0,0
1989,L32205,L,300.46,312.06,1400,30.68,59,0,0,0,0,0,0
1990,M66955,M,298.45,309.48,1301,40.97,152,0,0,0,0,0,0
1991,M17464,M,304.29,314.0,1726,39.84,53,0,0,0,0,0,0
1992,L92646,L,302.88,314.0,1628,37.85,254,0,0,0,0,0,0
1993,M82657,M,298.52,308.72,1339,44.58,154,0,0,0,0,0,0
1994,L19840,L,299.75,311.24,1560,46.91,20,0,0,0,0,0,0
1995,M50768,M,300.49,312.35,1345,45.37,175,0,0,0,0,0,0
1996,M19461,M,301.73,314.0,1508,32.83,34,0,0,0,0,0,0
1997,H30927,H,300.06,309.65,1567,24.72,179,0,0,0,0,0,0
1998,L99934,L,297.95,309.06,1389,46.25,197,0,0,0,0,0,0
1999,L25329,L,298.56,308.3,1669,27.73,226,1,1,0,0,0,0
2000,L25791,L,299.99,309.69,1697,31.74,153,0,0,0,0,0,0
2001,L62627,L,302.47,313.53,1582,45.97,246,1,0,0,0,1,0
2002,L24372,L,300.86,311.63,1610,33.63,142,0,0,0,0,0,0
2003,H58469,H,298.45,310.3,1273,39.99,4,0,0,0,0,0,0
2004,L97073,L,301.3,311.65,1780,29.94,217,0,0,0,0,0,0
2005,L44370,L,299.23,309.79,1519,35.35,160,0,0,0,0,0,0
2006,M61408,M,301.78,312.69,1367,31.54,152,0,0,0,0,0,0
2007,L33703,L,304.5,314.0,1561,52.09,120,0,0,0,0,0,0
2008,M25234,M,299.28,309.26,1669,29.61,208,0,0,0,0,0,0
2009,L17532,L,301.6,313.42,1627,42.12,179,0,0,0,0,0,0
2010,L45416,L,298.51,308.66,1340,31.88,171,0,0,0,0,0,0
2011,L82439,L,299.78,311.66,1671,38.99,19,0,0,0,0,0,0
2012,L28242,L,300.06,311.37,1524,39.19,233,1,1,0,0,0,0
2013,H60254,H,299.61,308.77,1625,35.47,55,0,0,0,0,0,0
2014,L89324,L,304.5,314.0,1391,43.0,65,0,0,0,0,0,0
2015,L45249,L,299.39,310.61,1723,36.71,118,0,0,0,0,0,0
2016,L95078,L,301.17,312.3,1568,34.47,7,0,0,0,0,0,0
2017,L42294,L,296.14,306.7,1749,31.31,82,0,0,0,0,0,0
2018,M69784,M,300.86,310.62,1259,52.09,63,0,0,0,0,0,0
2019,L13684,L,302.28,314.0,1283,31.91,156,0,0,0,0,0,0
2020,M33795,M,298.94,309.54,1492,25.96,175,0,0,0,0,0,0
2021,H70301,H,295.0,305.0,1799,33.27,121,0,0,0,0,0,0
2022,L79187,L,299.92,311.08,1888,15.1,146,1,0,0,1,0,0
2023,H20431,H,300.03,309.99,1375,24.14,136,1,0,0,1,0,0
2024,L85667,L,301.45,311.2,1545,53.84,71,0,0,0,0,0,0
2025,L99627,L,304.02,314.0,1563,50.86,112,0,0,0,0,0,0
2026,L65372,L,299.24,309.27,1664,29.51,14,0,0,0,0,0,0
2027,M80366,M,298.29,308.08,1694,42.26,225,0,0,0,0,0,0
2028,H82870,H,297.67,309.17,1334,54.03,67,0,0,0,0,0,0
2029,L57387,L,300.4,310.98,1547,41.41,62,0,0,0,0,0,0
2030,M62927,M,300.96,312.91,1173,47.86,90,0,0,0,0,0,0
2031,L19304,L,298.91,308.75,1681,39.42,165,0,0,0,0,0,0
2032,L27032,L,301.56,310.53,1474,46.62,46,0,0,0,0,0,0
2033,L69486,L,300.93,311.78,1318,50.45,12,0,0,0,0,0,0
2034,H75552,H,300.09,312.64,1595,22.01,223,0,0,0,0,0,0
2035,M83844,M,298.2,309.43,1468,58.85,98,1,0,0,1,0,0
2036,L39654,L,299.04,312.95,1762,52.05,243,1,0,0,1,1,0
2037,L49244,L,295.14,306.17,1374,21.79,111,1,0,0,1,0,0
2038,L15942,L,300.47,311.41,1935,33.39,45,0,0,0,0,0,0
2039,L60697,L,300.05,308.6,1689,51.28,35,1,0,0,1,0,0
2040,L12693,L,300.38,311.5,1767,40.56,9,0,0,0,0,0,0
2041,M66751,M,301.01,311.88,1350,53.2,182,0,0,0,0,0,0
2042,L91098,L,300.77,311.06,1857,19.76,22,0,0,0,0,0,0
2043,L16259,L,299.78,310.34,1317,52.12,22,0,0,0,0,0,0
2044,L14942,L,300.1,310.73,1497,40.56,67,0,0,0,0,0,0
2045,M57419,M,297.19,307.71,1770,38.69,171,0,0,0,0,0,0
2046,M66105,M,298.83,311.62,1626,26.11,132,0,0,0,0,0,0
2047,L75907,L,300.1,310.43,1312,31.97,3,0,0,0,0,0,0
2048,M37383,M,298.53,309.4,1739,31.77,157,0,0,0,0,0,0
2049,L33404,L,301.72,312.02,1596,32.49,104,0,0,0,0,0,0
2050,L82656,L,298.68,310.17,1460,37.7,179,0,0,0,0,0,0
2051,L15702,L,300.43,311.31,1257,40.1,224,1,1,0,0,0,0
2052,L83883,L,300.23,310.65,1613,33.73,239,0,0,0,0,0,0
2053,L66332,L,301.49,310.27,1506,31.72,231,1,1,0,0,0,0
2054,H49419,H,301.8,312.74,1563,36.21,140,0,0,0,0,0,0
2055,M98078,M,301.39,311.78,1250,29.53,117,0,0,0,0,0,0
2056,M83844,M,295.79,306.43,1460,44.3,17,0,0,0,0,0,0
2057,L49242,L,302.39,311.91,1621,37.64,159,0,0,0,0,0,0
2058,L44142,L,303.05,314.0,1873,20.94,160,0,0,0,0,0,0
2059,M17393,M,299.04,310.59,1498,50.93,57,0,0,0,0,0,0
2060,L79939,L,300.47,312.6,1795,25.32,125,0,0,0,0,0,0
2061,L79082,L,298.22,310.07,1677,44.33,61,0,0,0,0,0,0
2062,L38893,L,296.1,307.4,1577,39.32,198,0,0,0,0,0,0
2063,M19388,M,298.52,308.08,1353,52.95,141,0,0,0,0,0,0
2064,L72969,L,298.92,311.46,1360,43.97,103,0,0,0,0,0,0
2065,L46660,L,299.29,309.06,1646,39.74,111,0,0,0,0,0,0
2066,M99244,M,298.08,308.51,1440,49.62,13,0,0,0,0,0,0
2067,L34726,L,298.53,309.94,1424,59.41,9,0,0,0,0,0,0
2068,L89544,L,299.98,311.43,1502,48.38,104,0,0,0,0,0,0
2069,L72996,L,298.46,309.73,1506,42.32,186,0,0,0,0,0,0
2070,L10111,L,301.09,311.39,1697,22.38,243,0,0,0,0,0,0
2071,M27545,M,301.36,311.46,1444,15.71,38,1,0,0,1,0,0
2072,L50168,L,304.5,314.0,1679,33.01,228,0,0,0,0,0,0
2073,L12379,L,302.25,312.91,1614,29.16,173,0,0,0,0,0,0
2074,M97346,M,300.49,311.02,1234,38.57,145,0,0,0,0,0,0
2075,M51120,M,298.76,308.75,1588,35.34,146,0,0,0,0,0,0
2076,M27809,M,300.59,311.53,1168,57.18,231,1,0,0,0,1,0
2077,L62813,L,300.65,311.55,1374,35.23,233,1,1,0,0,0,0
2078,L84005,L,298.97,309.66,1618,43.33,106,0,0,0,0,0,0
2079,H37967,H,301.57,312.65,1533,37.69,36,0,0,0,0,0,0
2080,M19748,M,297.2,309.67,1217,47.53,238,0,0,0,0,0,0
2081,L33424,L,299.51,309.62,1334,63.1,2,0,0,0,0,0,0
2082,L96512,L,301.11,311.85,1168,51.24,247,1,0,0,0,1,0
2083,L33914,L,299.42,309.48,1293,43.7,182,0,0,0,0,0,0
2084,H88478,H,299.59,310.58,1639,39.53,134,0,0,0,0,0,0
2085,L29491,L,299.72,309.86,1435,57.88,70,0,0,0,0,0,0
2086,L59454,L,298.33,308.5,1566,36.17,244,0,0,0,0,0,0
2087,L80069,L,302.35,311.59,1537,41.36,51,0,0,0,0,0,0
2088,M61925,M,297.96,308.76,1541,36.18,181,0,0,0,0,0,0
2089,M99119,M,300.64,311.77,1719,32.47,37,0,0,0,0,0,0
2090,L47049,L,300.83,313.39,1498,33.55,62,0,0,0,0,0,0
2091,M37821,M,298.1,309.27,1699,29.0,245,0,0,0,0,0,0
2092,H39945,H,300.15,310.4,1168,69.85,63,0,0,0,0,0,0
2093,L27384,L,298.18,307.52,1735,28.45,250,0,0,0,0,0,0
2094,L38410,L,302.78,312.26,1303,27.04,119,0,0,0,0,0,0
2095,L87734,L,297.72,307.13,1342,44.04,5,0,0,0,0,0,0
2096,M73766,M,298.69,311.27,1408,51.04,201,0,0,0,0,0,0
2097,L17169,L,297.55,308.54,1730,43.4,127,0,0,0,0,0,0
2098,M50129,M,297.28,307.4,1375,29.23,51,0,0,0,0,0,0
2099,M13830,M,303.18,312.92,1417,51.69,121,0,0,0,0,0,0
2100,L66306,L,301.09,310.93,1362,63.73,121,1,0,0,1,0,0
2101,H96940,H,300.28,310.37,1581,30.04,171,0,0,0,0,0,0
2102,L75267,L,298.69,310.7,1669,32.84,163,0,0,0,0,0,0
2103,L37757,L,301.82,312.49,1842,21.53,164,0,0,0,0,0,0
2104,M73867,M,298.35,307.6,1967,42.63,63,0,0,0,0,0,0
2105,M45650,M,301.59,314.0,1652,21.74,246,0,0,0,0,0,0
2106,L43766,L,298.25,307.81,1601,32.21,175,0,0,0,0,0,0
2107,M91478,M,298.71,308.82,1316,52.08,26,0,0,0,0,0,0
2108,H42419,H,301.52,313.53,1879,25.28,108,0,0,0,0,0,0
2109,L26668,L,301.73,312.84,1574,27.4,192,0,0,0,0,0,0
2110,H26246,H,301.19,311.43,1483,38.13,128,0,0,0,0,0,0
2111,L34996,L,297.9,307.37,1605,57.04,175,1,0,0,1,0,0
2112,L61312,L,299.11,308.84,1420,37.75,84,0,0,0,0,0,0
2113,L13065,L,300.31,310.11,1168,46.52,164,0,0,0,0,0,0
2114,M20467,M,298.3,309.01,1638,25.22,250,0,0,0,0,0,0
2115,M60646,M,302.74,313.63,1777,35.35,91,0,0,0,0,0,0
2116,L31007,L,295.2,305.75,1635,42.78,48,0,0,0,0,0,0
2117,L78079,L,298.44,309.1,1534,31.69,54,0,0,0,0,0,0
2118,M38702,M,298.98,308.63,1537,42.26,38,0,0,0,0,0,0
2119,L85569,L,295.0,305.99,1566,31.11,163,0,0,0,0,0,0
2120,M63952,M,297.21,309.19,1560,19.33,193,1,0,0,1,0,0
2121,M68065,M,301.25,311.79,1524,41.89,193,0,0,0,0,0,0
2122,L44169,L,300.06,310.58,1540,56.52,67,1,0,0,1,0,0
2123,H26829,H,303.15,313.93,1815,22.13,1,0,0,0,0,0,0
2124,L70135,L,303.09,314.0,1620,36.95,64,0,0,0,0,0,0
2125,H14522,H,300.87,310.67,1554,48.94,240,1,1,0,0,0,0
2126,M95687,M,300.63,312.78,1654,33.76,103,0,0,0,0,0,0
2127,M45319,M,300.13,311.25,1654,22.29,17,0,0,0,0,0,0
2128,L36543,L,295.0,305.73,1705,33.98,168,0,0,0,0,0,0
2129,M40473,M,297.21,309.12,1399,56.22,97,0,0,0,0,0,0
2130,L17699,L,300.2,309.72,1449,34.55,218,1,1,0,0,0,0
2131,L78165,L,301.23,312.45,1389,43.66,122,0,0,0,0,0,0
2132,L50455,L,300.58,311.71,1673,25.23,227,0,0,0,0,0,0
2133,L85692,L,298.22,307.98,1664,33.57,246,0,0,0,0,0,0
2134,L27441,L,301.87,313.04,1306,48.12,166,0,0,0,0,0,0
2135,M40716,M,302.96,313.95,1605,36.81,153,0,0,0,0,0,0
2136,M72175,M,301.88,312.4,1782,28.68,202,1,1,0,0,0,0
2137,L16834,L,301.98,313.54,1493,42.64,103,0,0,0,0,0,0
2138,M28179,M,298.88,309.01,1592,42.03,2,0,0,0,0,0,0
2139,L36219,L,302.15,313.12,1666,40.7,176,0,0,0,0,0,0
2140,M25782,M,300.29,310.86,1297,40.93,27,0,0,0,0,0,0
2141,M91363,M,301.02,311.11,1562,30.98,227,0,0,0,0,0,0
2142,L84967,L,300.73,311.93,1764,48.42,143,0,0,0,0,0,0
2143,M19496,M,299.76,310.25,1428,41.5,226,0,0,0,0,0,0
2144,L98867,L,298.28,307.51,1685,31.82,122,0,0,0,0,0,0
2145,L49238,L,299.84,308.73,1540,23.47,115,0,0,0,0,0,0
2146,M56025,M,301.97,313.46,1414,31.08,21,0,0,0,0,0,0
2147,L69886,L,299.12,308.6,1518,31.69,79,0,0,0,0,0,0
2148,L33563,L,301.79,312.77,1440,44.15,96,0,0,0,0,0,0
2149,L13712,L,301.47,312.23,1375,37.96,76,0,0,0,0,0,0
2150,M55489,M,299.4,309.73,1489,38.62,48,0,0,0,0,0,0
2151,L42664,L,302.78,314.0,1547,23.76,252,0,0,0,0,0,0
2152,L22420,L,299.29,310.17,1505,51.43,27,0,0,0,0,0,0
2153,M64610,M,303.02,314.0,1487,31.42,235,0,0,0,0,0,0
2154,M15315,M,300.87,311.85,1576,38.5,143,0,0,0,0,0,0
2155,L80917,L,299.97,310.44,1631,30.48,63,0,0,0,0,0,0
2156,L85033,L,298.22,308.91,1329,39.68,187,0,0,0,0,0,0
2157,L89030,L,299.82,311.98,1490,30.83,193,0,0,0,0,0,0
2158,L73910,L,299.59,311.38,1180,52.16,25,0,0,0,0,0,0
2159,L70972,L,297.48,310.14,1506,28.72,169,0,0,0,0,0,0
2160,M65919,M,299.56,310.49,1562,39.56,219,0,0,0,0,0,0
2161,M92486,M,298.39,308.22,1638,33.95,130,0,0,0,0,0,0
2162,M91288,M,301.17,311.43,1563,42.44,107,0,0,0,0,0,0
2163,L14132,L,302.61,312.12,1634,41.46,20,0,0,0,0,0,0
2164,M51598,M,297.55,309.01,1547,34.1,31,0,0,0,0,0,0
2165,L30551,L,303.42,313.54,1413,44.25,248,0,0,0,0,0,0
2166,H78206,H,299.74,307.39,1334,38.13,197,1,0,1,0,0,0
2167,M84900,M,298.05,311.21,1488,51.19,196,0,0,0,0,0,0
2168,L36296,L,301.52,311.64,1397,37.33,23,0,0,0,0,0,0
2169,M28066,M,299.11,309.23,1513,35.95,254,0,0,0,0,0,0
2170,L38892,L,299.84,312.21,1446,34.97,64,0,0,0,0,0,0
2171,M85577,M,299.19,308.68,1610,29.06,22,0,0,0,0,0,0
2172,L84590,L,298.37,310.2,1544,55.98,79,1,0,0,1,0,0
2173,L87173,L,301.45,311.56,1616,39.78,7,0,0,0,0,0,0
2174,M86293,M,299.43,308.8,1615,36.09,44,0,0,0,0,0,0
2175,L74771,L,297.13,309.53,1503,33.59,216,1,1,0,0,0,0
2176,M37484,M,301.1,312.73,1514,48.38,109,0,0,0,0,0,0
2177,L87865,L,297.59,309.21,1625,30.44,138,0,0,0,0,0,0
2178,M37115,M,297.69,308.76,1975,29.88,56,0,0,0,0,0,0
2179,M36038,M,302.39,313.68,1357,65.48,11,1,0,0,1,0,0
2180,L46622,L,297.61,307.08,1543,28.26,236,1,1,0,0,0,0
2181,L45886,L,295.37,306.18,1320,49.27,71,0,0,0,0,0,0
2182,L61284,L,301.25,311.02,1531,40.12,137,0,0,0,0,0,0
2183,L19901,L,299.39,308.7,1414,45.88,62,0,0,0,0,0,0
2184,L66377,L,299.56,310.68,1513,35.16,162,0,0,0,0,0,0
2185,M92910,M,299.37,311.23,1563,31.23,37,0,0,0,0,0,0
2186,H59862,H,300.46,310.78,1447,41.84,20,0,0,0,0,0,0
2187,M42806,M,298.49,308.98,1214,41.82,50,0,0,0,0,0,0
2188,M27659,M,302.95,312.51,1792,13.34,145,1,0,0,1,0,0
2189,M33453,M,297.05,307.75,1686,26.98,145,0,0,0,0,0,0
2190,M40498,M,300.89,312.35,1511,34.91,249,0,0,0,0,0,0
2191,L80393,L,301.28,312.78,1374,30.46,121,0,0,0,0,0,0
2192,H26312,H,298.48,309.73,1550,38.35,153,0,0,0,0,0,0
2193,M11436,M,297.95,308.03,1600,29.03,19,0,0,0,0,0,0
2194,L37569,L,302.03,312.08,1674,33.86,24,0,0,0,0,0,0
2195,L68813,L,298.02,309.51,1690,52.27,222,1,0,0,1,1,0
2196,L83229,L,298.79,310.3,1724,43.43,209,1,1,0,0,0,0
2197,L55986,L,301.77,312.3,1222,53.84,207,1,0,0,0,1,0
2198,M63177,M,300.07,310.34,1480,56.22,244,1,0,0,0,1,0
2199,L19305,L,296.41,308.27,1714,32.83,172,0,0,0,0,0,0
2200,L42646,L,303.49,313.83,1369,41.21,247,0,0,0,0,0,0
2201,H86126,H,298.94,310.39,1754,24.04,185,0,0,0,0,0,0
2202,L50430,L,299.19,309.76,1861,40.63,234,0,0,0,0,0,0
2203,L78659,L,300.51,310.16,1749,48.77,17,0,0,0,0,0,0
2204,L14158,L,301.25,313.56,1654,42.5,47,0,0,0,0,0,0
2205,M84236,M,303.92,314.0,1454,53.41,13,0,0,0,0,0,0
2206,H86067,H,296.68,306.67,1586,11.41,134,1,0,0,1,0,0
2207,L37738,L,301.65,310.96,1293,70.25,251,1,0,0,1,1,0
2208,M19879,M,301.49,310.9,1394,40.02,165,0,0,0,0,0,0
2209,L15543,L,299.73,310.05,1407,64.7,112,1,0,0,1,0,0
2210,H57924,H,301.57,314.0,1546,53.1,63,0,0,0,0,0,0
2211,M52348,M,301.87,311.98,1464,46.68,28,0,0,0,0,0,0
2212,M94117,M,297.24,309.38,1582,33.11,86,0,0,0,0,0,0
2213,L46679,L,303.5,314.0,1693,35.18,238,0,0,0,0,0,0
2214,H89118,H,296.88,306.4,1407,21.27,233,1,0,0,1,0,0
2215,M53888,M,297.73,307.96,1562,45.22,248,0,0,0,0,0,0
2216,L40276,L,299.48,308.9,1460,14.18,112,1,0,0,1,0,0
2217,M14799,M,303.85,313.69,1569,33.79,225,1,1,0,0,0,0
2218,L70558,L,299.38,309.2,1659,47.87,182,0,0,0,0,0,0
2219,M46534,M,299.94,308.73,1701,39.76,80,0,0,0,0,0,0
2220,L41668,L,302.86,314.0,1656,21.37,172,0,0,0,0,0,0
2221,M14111,M,299.4,310.31,1610,23.67,209,0,0,0,0,0,0
2222,L34686,L,297.64,307.66,1279,38.1,18,0,0,0,0,0,0
2223,L82551,L,299.17,310.09,1340,43.58,129,0,0,0,0,0,0
2224,L82392,L,302.74,312.61,1387,50.37,92,0,0,0,0,0,0
2225,L26490,L,300.14,308.17,1600,41.23,193,0,0,0,0,0,0
2226,L45194,L,303.86,314.0,1303,32.34,209,0,0,0,0,0,0
2227,L24497,L,301.48,312.37,1596,41.46,230,1,1,0,0,0,0
2228,L63516,L,298.71,308.82,1583,42.77,105,0,0,0,0,0,0
2229,L98730,L,300.1,308.87,1187,54.18,99,1,0,1,0,0,0
2230,L54104,L,298.29,307.5,1339,69.29,35,1,0,0,1,0,0
2231,M15316,M,298.66,311.02,1723,39.29,183,0,0,0,0,0,0
2232,L48130,L,304.5,314.0,1661,42.85,148,0,0,0,0,0,0
2233,H80229,H,302.04,313.49,1382,60.9,224,1,0,0,0,1,0
2234,M39954,M,301.72,311.31,1349,51.51,62,0,0,0,0,0,0
2235,M31652,M,298.75,310.96,1168,42.3,129,0,0,0,0,0,0
2236,L24178,L,303.14,314.0,1800,41.72,126,0,0,0,0,0,0
2237,M61163,M,302.2,313.55,1542,33.42,201,0,0,0,0,0,0
2238,L24751,L,303.76,314.0,1874,23.06,142,0,0,0,0,0,0
2239,L75961,L,303.67,312.86,1500,29.62,189,0,0,0,0,0,0
2240,L13044,L,297.04,306.54,1586,47.25,11,0,0,0,0,0,0
2241,M73165,M,297.78,307.97,1695,39.03,2,0,0,0,0,0,0
2242,L21480,L,297.99,309.34,1830,39.61,253,0,0,0,0,0,0
2243,L75439,L,298.11,307.43,1625,40.76,131,0,0,0,0,0,0
2244,H53874,H,300.65,311.17,1535,39.08,8,0,0,0,0,0,0
2245,M76775,M,298.87,309.39,1540,40.16,173,0,0,0,0,0,0
2246,L16566,L,304.15,314.0,1347,48.83,41,0,0,0,0,0,0
2247,L95311,L,303.81,314.0,1466,33.19,201,0,0,0,0,0,0
2248,M63149,M,299.99,309.68,1544,25.13,30,0,0,0,0,0,0
2249,L13006,L,303.91,314.0,1784,28.23,164,0,0,0,0,0,0
2250,L82561,L,302.98,312.51,1458,44.66,10,0,0,0,0,0,0
2251,L29423,L,299.1,310.89,1726,27.81,188,0,0,0,0,0,0
2252,H43952,H,295.98,306.13,1520,57.75,26,1,0,0,1,0,0
2253,M37326,M,299.56,310.43,1759,36.17,173,0,0,0,0,0,0
2254,M41139,M,298.71,309.64,1657,35.62,69,0,0,0,0,0,0
2255,M72103,M,300.41,311.31,1645,29.56,234,0,0,0,0,0,0
2256,L70857,L,300.18,311.55,1711,41.15,93,0,0,0,0,0,0
2257,L83638,L,300.13,311.22,1685,23.7,42,0,0,0,0,0,0
2258,L82652,L,301.05,312.53,1726,35.81,226,1,1,0,0,0,0
2259,L22937,L,297.57,308.74,1919,26.61,44,0,0,0,0,0,0
2260,L40161,L,300.82,310.26,1826,32.33,145,0,0,0,0,0,0
2261,M14383,M,299.12,310.09,1619,39.69,49,0,0,0,0,0,0
2262,M95856,M,300.4,310.54,1455,28.09,5,0,0,0,0,0,0
2263,M80043,M,301.91,311.51,1601,20.84,254,1,0,0,1,0,0
2264,L24735,L,297.55,307.96,1188,36.99,140,0,0,0,0,0,0
2265,M69919,M,299.44,310.32,1684,41.5,229,0,0,0,0,0,0
2266,M92055,M,299.76,310.71,1344,46.6,11,0,0,0,0,0,0
2267,L77561,L,298.97,310.73,1737,29.66,6,0,0,0,0,0,0
2268,M95455,M,301.8,313.81,1891,45.2,141,0,0,0,0,0,0
2269,L47622,L,298.56,309.6,1274,59.43,200,1,0,0,0,1,0
2270,L48135,L,298.89,310.11,1526,47.34,98,0,0,0,0,0,0
2271,L45658,L,298.58,309.38,1343,34.93,46,0,0,0,0,0,0
2272,L94677,L,302.18,313.65,1224,58.9,6,0,0,0,0,0,0
2273,L39696,L,299.02,310.2,1516,41.02,38,0,0,0,0,0,0
2274,M13773,M,300.92,311.57,1649,28.47,183,0,0,0,0,0,0
2275,H34956,H,303.95,314.0,1671,33.4,212,0,0,0,0,0,0
2276,M25819,M,299.85,310.0,1563,27.15,146,0,0,0,0,0,0
2277,M11528,M,302.22,314.0,1235,38.1,122,0,0,0,0,0,0
2278,L96491,L,303.34,312.69,1557,26.27,26,0,0,0,0,0,0
2279,M54588,M,302.05,313.57,1266,56.06,60,0,0,0,0,0,0
2280,L80585,L,299.97,312.1,1278,44.03,65,0,0,0,0,0,0
2281,L30511,L,301.28,310.08,1356,32.32,51,1,0,1,0,0,0
2282,L20119,L,297.43,308.26,1724,37.53,251,0,0,0,0,0,0
2283,L85893,L,298.44,309.86,1633,35.1,183,0,0,0,0,0,0
2284,L26167,L,298.79,309.74,1593,45.41,141,0,0,0,0,0,0
2285,L66503,L,304.48,314.0,1380,42.91,100,0,0,0,0,0,0
2286,L97789,L,298.37,309.21,1465,25.05,32,0,0,0,0,0,0
2287,H44889,H,298.35,307.95,1288,38.95,107,0,0,0,0,0,0
2288,L55678,L,297.91,310.98,1781,22.87,139,0,0,0,0,0,0
2289,L70262,L,301.12,311.32,1931,33.86,242,0,0,0,0,0,0
2290,L14681,L,300.29,311.42,1635,44.54,84,0,0,0,0,0,0
2291,M90291,M,302.17,312.23,1667,21.11,93,0,0,0,0,0,0
2292,L76008,L,301.34,309.77,1506,36.85,85,0,0,0,0,0,0
2293,L23690,L,297.24,307.01,1243,59.35,65,0,0,0,0,0,0
2294,L35912,L,298.39,307.64,1383,25.28,220,0,0,0,0,0,0
2295,L16473,L,302.73,314.0,1451,35.19,151,0,0,0,0,0,0
2296,L51298,L,299.59,309.69,1466,39.09,223,0,0,0,0,0,0
2297,L28669,L,302.38,312.56,1424,50.96,172,0,0,0,0,0,0
2298,L91998,L,299.7,309.34,1544,42.17,203,0,0,0,0,0,0
2299,L30943,L,298.06,308.86,1382,49.22,246,1,0,0,0,1,0
2300,L48785,L,299.39,309.38,1925,34.24,182,0,0,0,0,0,0
2301,M73427,M,298.06,309.76,1289,40.3,254,0,0,0,0,0,0
2302,L72001,L,298.87,309.87,1695,47.7,122,0,0,0,0,0,0
2303,L71724,L,300.4,310.53,1488,32.05,198,0,0,0,0,0,0
2304,L20832,L,301.02,312.57,1618,10.81,52,1,0,0,1,0,0
2305,H15385,H,296.82,307.53,1626,19.37,193,1,0,0,1,0,0
2306,L24708,L,299.97,310.69,1563,35.58,103,0,0,0,0,0,0
2307,L68600,L,298.83,308.06,1331,39.48,18,0,0,0,0,0,0
2308,M33438,M,298.7,309.33,1475,33.63,178,0,0,0,0,0,0
2309,L92747,L,300.27,311.29,1565,37.97,81,0,0,0,0,0,0
2310,L90107,L,298.9,310.93,1554,47.93,97,0,0,0,0,0,0
2311,L70062,L,302.76,312.71,1351,47.23,125,0,0,0,0,0,0
2312,M75428,M,302.38,314.0,1767,37.67,193,0,0,0,0,0,0
2313,L96843,L,302.36,313.62,1168,35.81,44,0,0,0,0,0,0
2314,M21002,M,299.01,308.19,1490,33.46,127,0,0,0,0,0,0
2315,H46153,H,298.08,307.93,1369,49.17,101,0,0,0,0,0,0
2316,L32440,L,300.16,312.29,1568,37.53,167,0,0,0,0,0,0
2317,L77501,L,299.7,311.64,1718,37.33,210,0,0,0,0,0,0
2318,L42556,L,298.78,309.5,1282,51.56,133,0,0,0,0,0,0
2319,L77963,L,297.65,308.5,1959,30.47,178,0,0,0,0,0,0
2320,L16563,L,299.92,309.45,1571,50.88,168,0,0,0,0,0,0
2321,H89923,H,299.19,311.21,1604,30.98,174,0,0,0,0,0,0
2322,M15840,M,301.38,311.09,1276,35.71,144,0,0,0,0,0,0
2323,M25154,M,301.33,312.87,1527,20.97,150,1,0,0,1,0,0
2324,L34194,L,302.2,314.0,1710,39.78,39,0,0,0,0,0,0
2325,M75020,M,297.48,308.23,1573,31.24,72,0,0,0,0,0,0
2326,H56861,H,300.8,312.47,1560,48.35,253,0,0,0,0,0,0
2327,M32448,M,298.55,311.09,1526,39.88,164,0,0,0,0,0,0
2328,L33528,L,297.56,308.53,1287,40.75,101,0,0,0,0,0,0
2329,M39402,M,299.14,309.67,1286,32.81,84,0,0,0,0,0,0
2330,L14352,L,302.14,312.77,1745,39.77,185,0,0,0,0,0,0
2331,L10184,L,299.26,309.21,1694,33.37,148,0,0,0,0,0,0
2332,L20384,L,303.13,313.07,1720,35.53,154,0,0,0,0,0,0
2333,M24319,M,301.1,312.24,1387,47.56,138,0,0,0,0,0,0
2334,M30449,M,299.21,309.75,1507,40.56,38,0,0,0,0,0,0
2335,L66333,L,302.32,313.35,1757,25.69,221,0,0,0,0,0,0
2336,L51205,L,300.89,310.1,1314,49.29,190,0,0,0,0,0,0
2337,L20426,L,298.13,308.74,1738,39.72,27,0,0,0,0,0,0
2338,L17504,L,303.72,314.0,1429,43.69,83,0,0,0,0,0,0
2339,L66578,L,300.52,310.1,1381,48.05,174,0,0,0,0,0,0
2340,L68209,L,300.04,310.75,1529,44.26,236,1,1,0,0,0,0
2341,M43368,M,298.29,307.13,1334,38.7,46,0,0,0,0,0,0
2342,L62185,L,302.36,311.75,1194,42.8,109,0,0,0,0,0,0
2343,L90221,L,301.03,312.54,1549,57.59,229,1,0,0,1,1,0
2344,L18724,L,301.26,311.65,1631,46.77,131,0,0,0,0,0,0
2345,H15084,H,298.98,311.51,1754,32.28,188,0,0,0,0,0,0
2346,M44810,M,301.67,312.8,1644,40.79,17,0,0,0,0,0,0
2347,M92277,M,301.82,313.05,1889,23.22,177,0,0,0,0,0,0
2348,L92297,L,298.66,308.29,1780,27.37,251,0,0,0,0,0,0
2349,L88872,L,297.17,307.48,1668,23.64,92,0,0,0,0,0,0
2350,L30872,L,301.16,311.13,1619,37.91,163,0,0,0,0,0,0
2351,M88950,M,296.85,306.49,1756,35.05,90,0,0,0,0,0,0
2352,H80333,H,300.3,311.67,1168,62.35,244,1,0,0,0,1,0
2353,M78843,M,299.11,310.67,1449,37.46,0,0,0,0,0,0,0
2354,M12596,M,302.44,313.54,1200,60.45,34,0,0,0,0,0,0
2355,M27167,M,299.21,309.09,1654,40.29,4,0,0,0,0,0,0
2356,L97844,L,302.21,313.25,1401,66.03,247,1,0,0,1,1,0
2357,H99751,H,298.97,307.76,2079,39.05,115,0,0,0,0,0,0
2358,L87331,L,302.0,314.0,1442,54.56,5,0,0,0,0,0,0
2359,L90520,L,304.12,313.52,1554,44.57,59,0,0,0,0,0,0
2360,L68326,L,297.86,307.44,1463,30.42,99,0,0,0,0,0,0
2361,L87670,L,300.58,311.4,1447,42.49,132,0,0,0,0,0,0
2362,L20782,L,304.5,314.0,1311,68.28,235,1,0,0,1,1,0
2363,L52002,L,300.13,310.76,1305,49.49,159,0,0,0,0,0,0
2364,L97187,L,300.12,309.71,1168,38.98,166,0,0,0,0,0,0
2365,L34022,L,301.58,313.41,1633,38.03,254,0,0,0,0,0,0
2366,L94458,L,300.08,309.1,1459,29.56,236,0,0,0,0,0,0
2367,L24618,L,296.59,305.8,1883,23.91,94,0,0,0,0,0,0
2368,L27245,L,302.26,312.86,1311,48.21,39,0,0,0,0,0,0
2369,L93796,L,295.99,305.43,1801,37.7,236,0,0,0,0,0,0
2370,M20027,M,299.17,311.09,1818,25.23,235,1,0,0,0,0,1
2371,M23986,M,302.41,311.94,1765,27.92,41,0,0,0,0,0,0
2372,M13526,M,299.29,311.54,1577,23.37,73,0,0,0,0,0,0
2373,M54361,M,298.61,310.35,1474,37.61,222,0,0,0,0,0,0
2374,L77158,L,301.76,313.69,1765,16.67,135,1,0,0,1,0,0
2375,M48286,M,298.3,310.88,1393,38.07,90,0,0,0,0,0,0
2376,L39533,L,297.56,308.34,1584,36.9,28,0,0,0,0,0,0
2377,L28316,L,300.55,310.24,1527,21.05,187,1,0,0,1,0,0
2378,M18699,M,299.63,310.23,1375,31.19,77,0,0,0,0,0,0
2379,L89491,L,297.51,307.65,1585,35.6,22,0,0,0,0,0,0
2380,M68465,M,301.27,311.26,1669,32.65,3,0,0,0,0,0,0
2381,M26673,M,300.93,311.78,1367,40.32,243,0,0,0,0,0,0
2382,M33395,M,299.28,309.67,1618,37.97,33,0,0,0,0,0,0
2383,H33707,H,299.42,309.37,1168,28.55,104,1,0,0,1,0,0
2384,L94749,L,300.94,311.4,1346,50.1,165,0,0,0,0,0,0
2385,L85937,L,302.38,313.63,1453,36.3,60,0,0,0,0,0,0
2386,L96732,L,299.43,311.09,1599,30.49,26,0,0,0,0,0,0
2387,L66416,L,301.31,310.41,1691,18.08,82,1,0,0,1,0,0
2388,M18758,M,301.13,311.53,1550,34.49,158,0,0,0,0,0,0
2389,M77009,M,301.76,312.32,1637,39.48,130,0,0,0,0,0,0
2390,M23281,M,300.08,309.6,1506,39.39,220,0,0,0,0,0,0
2391,L42548,L,298.18,308.76,1608,37.16,76,0,0,0,0,0,0
2392,L28371,L,299.08,309.92,1598,32.81,154,0,0,0,0,0,0
2393,L87593,L,300.69,311.9,1443,39.09,170,0,0,0,0,0,0
2394,L29644,L,303.64,314.0,1471,28.17,187,0,0,0,0,0,0
2395,M33874,M,299.03,308.85,1643,34.83,95,0,0,0,0,0,0
2396,L98659,L,301.61,314.0,1861,27.01,45,0,0,0,0,0,0
2397,L24281,L,299.34,310.87,1752,23.5,240,1,1,0,0,0,0
2398,L78787,L,300.22,311.47,1332,51.14,241,1,0,0,0,1,0
2399,M32289,M,303.03,314.0,1332,26.07,36,0,0,0,0,0,0
2400,M15054,M,301.53,312.47,1439,45.05,120,0,0,0,0,0,0
2401,L76846,L,297.52,309.5,1553,42.31,194,0,0,0,0,0,0
2402,L59769,L,298.86,309.61,1544,32.22,230,1,1,0,0,0,0
2403,L39312,L,302.51,313.21,1758,40.98,133,0,0,0,0,0,0
2404,L14257,L,300.28,311.62,1768,27.96,58,0,0,0,0,0,0
2405,M25846,M,297.7,309.98,1536,31.6,130,0,0,0,0,0,0
2406,M32483,M,298.36,310.57,1494,26.84,250,0,0,0,0,0,0
2407,L36558,L,301.41,312.7,1628,35.12,243,0,0,0,0,0,0
2408,L53188,L,301.99,313.21,1726,25.23,204,0,0,0,0,0,0
2409,H23012,H,300.04,311.43,1634,28.12,138,0,0,0,0,0,0
2410,L43236,L,304.5,314.0,1457,38.67,26,0,0,0,0,0,0
2411,M55076,M,301.65,313.65,1425,39.98,244,0,0,0,0,0,0
2412,L58402,L,299.51,309.98,1335,56.39,129,0,0,0,0,0,0
2413,L42076,L,298.37,310.39,1570,44.99,63,0,0,0,0,0,0
2414,L90337,L,298.05,309.09,1647,39.58,231,0,0,0,0,0,0
2415,L85164,L,300.67,312.02,1667,33.11,171,0,0,0,0,0,0
2416,H84264,H,299.02,311.1,1742,29.56,75,0,0,0,0,0,0
2417,L27335,L,303.35,314.0,1801,31.59,54,0,0,0,0,0,0
2418,L53773,L,302.93,314.0,1288,38.31,238,0,0,0,0,0,0
2419,L62158,L,301.27,311.58,1608,29.39,120,0,0,0,0,0,0
2420,L38570,L,297.64,309.84,1614,34.8,167,0,0,0,0,0,0
2421,L97995,L,298.66,310.05,1522,29.38,75,0,0,0,0,0,0
2422,L50658,L,302.51,313.34,1386,32.9,150,0,0,0,0,0,0
2423,M69184,M,298.87,310.67,1795,39.54,191,0,0,0,0,0,0
2424,L82613,L,302.24,314.0,1429,26.26,222,1,1,0,0,0,0
2425,L68194,L,300.95,310.48,1168,36.3,184,0,0,0,0,0,0
2426,H77507,H,300.1,310.0,1539,49.09,9,0,0,0,0,0,0
2427,L43959,L,298.59,311.98,1492,34.63,244,0,0,0,0,0,0
2428,H63072,H,299.81,310.94,1869,41.19,34,0,0,0,0,0,0
2429,L55588,L,300.38,311.27,1623,25.0,133,0,0,0,0,0,0
2430,M50533,M,302.07,312.65,1480,39.43,88,0,0,0,0,0,0
2431,M78582,M,298.23,310.14,1500,45.58,222,0,0,0,0,0,0
2432,M71743,M,299.47,312.79,1497,29.6,254,0,0,0,0,0,0
2433,H54518,H,300.09,310.12,1934,42.02,181,0,0,0,0,0,0
2434,L22703,L,301.33,311.93,1657,31.21,221,0,0,0,0,0,0
2435,H59456,H,298.18,308.53,1282,50.39,123,0,0,0,0,0,0
2436,L65491,L,297.37,308.8,1491,31.91,206,0,0,0,0,0,0
2437,L18043,L,301.35,313.27,1531,51.39,237,1,0,0,0,1,0
2438,L78340,L,296.96,309.29,1336,46.15,66,0,0,0,0,0,0
2439,L20176,L,302.57,314.0,1214,71.94,81,1,0,0,1,0,0
2440,L13936,L,299.69,312.91,1642,45.17,244,1,0,0,0,1,0
2441,L41174,L,296.9,307.03,1390,49.84,119,0,0,0,0,0,0
2442,L92632,L,299.04,308.9,1760,24.78,55,0,0,0,0,0,0
2443,M98768,M,300.76,312.93,1536,38.07,80,0,0,0,0,0,0
2444,M35909,M,298.93,309.76,1450,36.4,59,0,0,0,0,0,0
2445,L54158,L,300.04,309.36,1168,49.38,13,0,0,0,0,0,0
2446,L18366,L,301.48,311.86,1755,33.85,173,0,0,0,0,0,0
2447,L95125,L,299.6,310.55,1588,27.96,15,0,0,0,0,0,0
2448,L64337,L,298.13,308.18,1454,37.85,114,0,0,0,0,0,0
2449,L69331,L,299.4,309.09,1375,40.67,26,0,0,0,0,0,0
2450,L72197,L,302.83,313.32,1823,23.49,234,0,0,0,0,0,0
2451,L82042,L,303.37,313.01,1343,51.18,164,0,0,0,0,0,0
2452,H60924,H,295.96,307.3,1469,41.18,224,0,0,0,0,0,0
2453,L38842,L,302.18,310.94,1638,42.1,60,0,0,0,0,0,0
2454,L27458,L,300.5,311.29,1796,35.78,117,0,0,0,0,0,0
2455,L97367,L,301.85,313.07,1496,21.89,147,1,0,0,1,0,0
2456,L75382,L,298.9,309.51,1403,32.34,24,0,0,0,0,0,0
2457,L84319,L,296.46,308.26,1516,53.42,177,0,0,0,0,0,0
2458,M21170,M,301.17,310.5,1698,40.37,57,0,0,0,0,0,0
2459,L90145,L,298.12,308.12,1738,19.6,77,0,0,0,0,0,0
2460,L54942,L,297.22,307.59,1287,49.73,164,0,0,0,0,0,0
2461,H98571,H,297.36,308.78,1556,29.17,132,0,0,0,0,0,0
2462,M26208,M,301.2,312.12,1277,21.35,53,1,0,0,1,0,0
2463,M45178,M,300.28,313.12,1694,47.83,36,0,0,0,0,0,0
2464,L89172,L,301.56,311.46,1611,36.23,73,0,0,0,0,0,0
2465,M19039,M,301.34,310.64,1369,44.12,9,0,0,0,0,0,0
2466,L24990,L,299.16,311.65,1811,21.7,8,0,0,0,0,0,0
2467,L16441,L,299.86,309.13,1595,25.56,77,0,0,0,0,0,0
2468,L84221,L,298.98,310.36,1576,21.9,32,0,0,0,0,0,0
2469,L89314,L,299.58,309.3,1503,51.63,220,1,0,0,0,1,0
2470,L55959,L,298.07,306.7,1534,22.01,151,0,0,0,0,0,0
2471,L36862,L,300.78,311.11,1466,54.87,69,0,0,0,0,0,0
2472,H37273,H,302.15,313.75,1402,30.79,250,0,0,0,0,0,0
2473,H52500,H,298.37,307.85,1756,22.61,56,0,0,0,0,0,0
2474,M13956,M,302.56,313.84,1446,39.07,25,0,0,0,0,0,0
2475,L82089,L,300.23,311.69,1440,32.98,166,0,0,0,0,0,0
2476,M98789,M,300.48,309.91,1512,38.82,171,0,0,0,0,0,0
2477,L99451,L,296.6,307.07,1791,24.97,63,0,0,0,0,0,0
2478,M12365,M,296.39,308.66,1739,30.37,238,0,0,0,0,0,0
2479,L82204,L,300.29,311.64,1464,31.72,175,0,0,0,0,0,0
2480,M15000,M,301.58,312.02,1756,39.66,194,0,0,0,0,0,0
2481,L67072,L,298.66,309.77,1554,41.58,47,0,0,0,0,0,0
2482,M62499,M,303.34,313.35,1383,43.99,39,0,0,0,0,0,0
2483,H79211,H,301.47,313.28,1449,49.95,173,0,0,0,0,0,0
2484,L22907,L,298.18,310.0,1782,34.26,95,0,0,0,0,0,0
2485,L27336,L,300.06,310.88,1910,31.34,217,1,1,0,0,0,0
2486,H95220,H,304.5,314.0,1593,34.9,2,0,0,0,0,0,0
2487,L62331,L,297.51,307.22,1433,32.82,203,0,0,0,0,0,0
2488,M90672,M,301.06,310.4,1513,31.12,141,0,0,0,0,0,0
2489,L87755,L,299.35,309.68,1398,42.5,252,0,0,0,0,0,0
2490,L78783,L,301.41,312.03,1424,50.48,210,0,0,0,0,0,0
2491,L79951,L,302.53,314.0,1406,46.55,3,0,0,0,0,0,0
2492,L62509,L,299.23,310.85,1521,43.0,254,0,0,0,0,0,0
2493,M16472,M,302.24,313.12,1557,26.63,139,0,0,0,0,0,0
2494,L32380,L,304.44,314.0,1508,42.95,226,1,1,0,0,0,0
2495,L37280,L,300.13,309.89,1495,34.5,254,0,0,0,0,0,0
2496,L31859,L,301.57,313.35,1672,35.78,117,0,0,0,0,0,0
2497,L58402,L,298.82,308.73,1494,43.65,250,0,0,0,0,0,0
2498,M18262,M,300.04,311.98,1505,27.06,150,0,0,0,0,0,0
2499,H21066,H,299.65,310.33,1503,39.62,239,0,0,0,0,0,0
2500,L25554,L,301.59,310.3,1813,33.47,130,0,0,0,0,0,0
2501,M17008,M,302.41,313.84,1447,49.5,2,0,0,0,0,0,0
2502,M97851,M,299.78,311.29,1642,30.38,124,0,0,0,0,0,0
2503,L90799,L,303.07,313.31,1400,40.29,230,0,0,0,0,0,0
2504,H26238,H,303.06,313.39,1598,37.38,41,0,0,0,0,0,0
2505,L92025,L,301.69,312.23,1633,30.55,248,0,0,0,0,0,0
2506,L27153,L,298.97,307.74,1730,28.69,207,0,0,0,0,0,0
2507,M69353,M,298.78,307.11,1466,33.48,204,1,1,0,0,0,0
2508,L62092,L,298.38,310.38,1334,41.56,146,0,0,0,0,0,0
2509,M53152,M,301.9,311.77,1394,59.06,155,0,0,0,0,0,0
2510,M59104,M,297.58,310.13,1709,32.76,37,0,0,0,0,0,0
2511,L34283,L,301.35,313.42,1910,33.66,116,0,0,0,0,0,0
2512,M56429,M,297.84,310.1,1685,34.27,247,0,0,0,0,0,0
2513,L87223,L,301.65,311.7,1308,40.44,136,0,0,0,0,0,0
2514,L98534,L,300.03,309.13,1679,33.92,183,0,0,0,0,0,0
2515,M64957,M,302.67,312.28,1365,50.04,109,0,0,0,0,0,0
2516,H38887,H,302.28,312.54,1472,38.4,144,0,0,0,0,0,0
2517,L56172,L,302.87,311.2,1569,35.05,134,0,0,0,0,0,0
2518,L14355,L,302.92,313.15,1599,33.73,199,0,0,0,0,0,0
2519,M43701,M,300.29,310.79,1547,27.84,100,0,0,0,0,0,0
2520,M51534,M,297.68,307.09,1427,50.6,115,0,0,0,0,0,0
2521,M81442,M,297.89,307.55,1726,29.49,118,0,0,0,0,0,0
2522,L71274,L,295.83,306.31,1440,54.4,203,1,0,0,0,1,0
2523,L88108,L,297.83,308.89,1761,34.53,53,0,0,0,0,0,0
2524,L22279,L,300.14,309.95,1290,60.01,27,0,0,0,0,0,0
2525,M53491,M,298.88,309.87,1574,34.59,127,0,0,0,0,0,0
2526,L86147,L,299.64,310.48,1314,35.6,193,0,0,0,0,0,0
2527,L18261,L,300.99,311.73,1385,52.16,239,1,0,0,0,1,0
2528,H14474,H,299.39,309.44,1443,34.15,155,0,0,0,0,0,0
2529,L38390,L,297.76,307.12,1809,41.86,24,0,0,0,0,0,0
2530,H36925,H,299.89,312.29,1770,37.04,253,0,0,0,0,0,0
2531,M92174,M,298.2,309.53,1692,46.25,90,0,0,0,0,0,0
2532,M69051,M,299.46,311.16,1541,28.1,98,0,0,0,0,0,0
2533,L99007,L,302.69,313.3,1569,45.25,206,1,1,0,0,0,0
2534,L14787,L,299.46,309.99,1763,26.46,176,0,0,0,0,0,0
2535,M83398,M,303.54,314.0,1661,13.83,175,1,0,0,1,0,0
2536,M68177,M,302.86,311.73,1538,45.59,123,0,0,0,0,0,0
2537,M53724,M,298.84,308.43,1803,31.73,226,0,0,0,0,0,0
2538,L20663,L,297.78,307.68,1682,42.27,174,0,0,0,0,0,0
2539,M26120,M,299.89,310.14,1579,37.13,61,0,0,0,0,0,0
2540,M32740,M,302.31,312.13,1452,39.66,160,0,0,0,0,0,0
2541,M12035,M,299.02,310.05,1436,54.83,235,1,0,0,0,1,0
2542,M67443,M,301.82,312.6,1474,40.01,169,0,0,0,0,0,0
2543,M77388,M,302.42,314.0,1617,31.22,86,0,0,0,0,0,0
2544,M62335,M,298.45,311.63,1685,33.24,26,0,0,0,0,0,0
2545,L53315,L,298.65,308.09,1275,46.71,229,1,1,0,0,0,0
2546,L74165,L,301.43,312.27,1185,13.97,123,1,0,0,1,0,0
2547,L56627,L,300.3,311.15,1364,47.17,7,0,0,0,0,0,0
2548,L18303,L,298.63,309.31,1462,52.52,189,0,0,0,0,0,0
2549,L59334,L,299.3,308.91,1750,32.33,115,0,0,0,0,0,0
2550,L65892,L,299.86,309.64,1485,34.54,165,0,0,0,0,0,0
2551,L71196,L,296.87,307.81,1581,39.76,114,0,0,0,0,0,0
2552,L75700,L,301.53,311.29,1610,51.09,3,0,0,0,0,0,0
2553,M49726,M,299.04,309.9,1351,47.39,53,0,0,0,0,0,0
2554,H85751,H,295.0,305.45,1798,33.58,175,0,0,0,0,0,0
2555,L59606,L,299.95,310.79,1415,36.53,196,0,0,0,0,0,0
2556,H40694,H,298.52,308.26,1816,23.12,143,0,0,0,0,0,0
2557,L41253,L,303.38,314.0,1512,38.11,60,0,0,0,0,0,0
2558,L34230,L,298.83,308.65,1474,39.27,145,0,0,0,0,0,0
2559,L63974,L,297.8,308.67,1335,22.19,248,1,0,0,1,0,0
2560,L73545,L,301.02,313.06,1571,29.85,108,0,0,0,0,0,0
2561,M26925,M,298.68,309.64,1941,38.07,172,0,0,0,0,0,0
2562,M16033,M,298.44,309.46,1609,33.3,17,0,0,0,0,0,0
2563,L72461,L,301.02,312.54,1584,13.97,135,1,0,0,1,0,0
2564,L12665,L,297.92,307.22,1415,56.7,28,0,0,0,0,0,0
2565,L37025,L,297.09,309.5,1642,27.12,148,0,0,0,0,0,0
2566,L33533,L,303.45,313.1,1563,32.34,230,0,0,0,0,0,0
2567,L55897,L,301.16,312.74,1524,47.59,53,0,0,0,0,0,0
2568,L87661,L,299.47,310.92,1624,28.73,90,0,0,0,0,0,0
2569,M30998,M,299.99,309.79,1208,24.07,46,1,0,0,1,0,0
2570,H71248,H,301.01,312.72,1517,39.83,193,0,0,0,0,0,0
2571,L33057,L,301.95,313.14,1320,52.07,67,0,0,0,0,0,0
2572,H89244,H,298.49,311.08,1540,32.84,175,0,0,0,0,0,0
2573,L93608,L,300.73,311.63,1405,39.54,203,0,0,0,0,0,0
2574,L80631,L,298.99,309.58,1417,28.51,79,0,0,0,0,0,0
2575,L77173,L,299.62,309.81,1295,33.23,88,0,0,0,0,0,0
2576,M90206,M,300.32,309.28,1736,30.35,150,0,0,0,0,0,0
2577,H48734,H,299.99,310.37,1413,47.12,16,0,0,0,0,0,0
2578,M72072,M,301.47,311.9,1423,41.26,252,0,0,0,0,0,0
2579,L74175,L,300.97,311.94,1811,39.72,60,0,0,0,0,0,0
2580,M73783,M,296.98,306.26,1637,49.46,179,0,0,0,0,0,0
2581,L80739,L,297.28,307.75,1169,59.89,41,0,0,0,0,0,0
2582,M97054,M,299.26,310.54,1784,19.35,110,0,0,0,0,0,0
2583,L61042,L,303.66,314.0,1832,29.06,50,0,0,0,0,0,0
2584,L62357,L,298.3,307.14,1815,38.49,237,0,0,0,0,0,0
2585,L18669,L,299.58,310.99,1655,33.58,128,0,0,0,0,0,0
2586,M77902,M,298.93,309.38,1337,25.51,148,0,0,0,0,0,0
2587,L28910,L,298.89,309.41,1526,32.36,184,0,0,0,0,0,0
2588,M66959,M,300.36,308.69,1274,19.42,35,1,0,1,1,0,0
2589,L10366,L,302.8,314.0,1379,38.66,1,0,0,0,0,0,0
2590,M58415,M,300.91,311.79,1335,35.57,22,0,0,0,0,0,0
2591,M19907,M,298.39,307.56,1422,36.66,187,0,0,0,0,0,0
2592,M42780,M,304.5,314.0,1565,47.44,231,0,0,0,0,0,0
2593,L67879,L,300.16,311.2,1455,26.27,186,0,0,0,0,0,0
2594,L95159,L,298.85,310.77,1447,32.48,193,0,0,0,0,0,0
2595,L45085,L,302.82,313.21,1483,27.61,42,0,0,0,0,0,0
2596,M75499,M,299.06,309.77,1805,40.25,186,0,0,0,0,0,0
2597,L30426,L,303.33,313.38,1924,38.19,201,0,0,0,0,0,0
2598,L58197,L,298.26,309.56,1454,42.96,106,0,0,0,0,0,0
2599,L17485,L,302.86,312.78,1595,38.68,72,0,0,0,0,0,0
2600,L59527,L,300.4,310.21,1384,28.98,220,0,0,0,0,0,0
2601,M74600,M,302.58,313.21,1673,35.95,89,0,0,0,0,0,0
2602,L91439,L,303.8,313.28,1449,28.45,119,0,0,0,0,0,0
2603,M78748,M,297.73,310.04,1407,41.14,163,0,0,0,0,0,0
2604,L68528,L,302.55,314.0,1895,27.64,59,0,0,0,0,0,0
2605,L37799,L,297.18,307.43,1291,37.79,220,1,1,0,0,0,0
2606,L56339,L,297.91,307.22,1168,49.4,131,0,0,0,0,0,0
2607,L26087,L,298.39,309.43,1667,40.18,20,0,0,0,0,0,0
2608,L17446,L,301.01,311.23,1469,56.32,96,0,0,0,0,0,0
2609,M60460,M,300.07,311.94,1419,45.95,222,0,0,0,0,0,0
2610,L68260,L,299.67,309.58,2027,44.37,118,1,0,0,1,0,0
2611,M24877,M,300.29,311.54,1666,36.11,219,1,1,0,0,0,0
2612,L34723,L,301.18,312.0,1524,54.35,99,0,0,0,0,0,0
2613,L22943,L,301.34,311.36,1408,45.14,96,0,0,0,0,0,0
2614,M20306,M,302.19,313.13,1615,37.6,3,0,0,0,0,0,0
2615,L46784,L,303.64,314.0,1223,44.88,131,0,0,0,0,0,0
2616,L30455,L,299.96,310.74,1442,42.7,160,0,0,0,0,0,0
2617,L81448,L,298.96,309.76,1528,41.53,141,0,0,0,0,0,0
2618,L39974,L,301.23,311.05,1573,23.51,239,1,1,0,0,0,0
2619,M37371,M,297.71,309.56,1509,44.6,136,0,0,0,0,0,0
2620,L13936,L,298.64,310.39,1410,25.56,87,0,0,0,0,0,0
2621,M43166,M,302.0,312.29,1701,39.59,63,0,0,0,0,0,0
2622,M35727,M,299.75,310.33,1238,53.22,189,0,0,0,0,0,0
2623,L73969,L,297.58,309.7,1485,52.29,88,0,0,0,0,0,0
2624,H38368,H,297.02,306.59,1442,31.17,134,0,0,0,0,0,0
2625,L78531,L,300.1,311.4,1717,25.13,237,0,0,0,0,0,0
2626,H49097,H,302.28,312.43,1452,50.37,219,0,0,0,0,0,0
2627,L44984,L,302.26,314.0,1614,25.96,4,0,0,0,0,0,0
2628,M60859,M,300.22,310.99,1595,25.39,109,0,0,0,0,0,0
2629,L54291,L,304.02,314.0,1205,50.04,12,0,0,0,0,0,0
2630,L75228,L,299.79,309.73,1523,37.18,246,0,0,0,0,0,0
2631,M32150,M,299.72,309.17,1221,48.74,129,0,0,0,0,0,0
2632,M32061,M,295.0,305.47,1598,40.67,249,0,0,0,0,0,0
2633,L39178,L,299.11,310.07,1404,46.37,246,1,0,0,0,1,0
2634,L66790,L,301.7,311.89,1749,32.13,83,0,0,0,0,0,0
2635,M75696,M,303.13,314.0,1502,38.59,139,0,0,0,0,0,0
2636,M25648,M,298.34,308.83,1396,40.34,116,0,0,0,0,0,0
2637,H71779,H,300.92,309.54,1751,33.01,90,0,0,0,0,0,0
2638,M46672,M,302.09,313.35,1378,27.16,6,0,0,0,0,0,0
2639,H79109,H,300.02,309.84,1696,40.17,161,0,0,0,0,0,0
2640,M70521,M,295.43,305.77,1619,44.67,148,0,0,0,0,0,0
2641,L44593,L,300.49,312.75,1469,45.21,187,0,0,0,0,0,0
2642,L23786,L,301.52,314.0,1295,50.46,81,0,0,0,0,0,0
2643,M19815,M,298.11,308.23,1758,24.51,137,0,0,0,0,0,0
2644,M31966,M,299.49,310.77,1625,22.78,165,0,0,0,0,0,0
2645,L23794,L,297.69,307.84,1396,49.57,185,0,0,0,0,0,0
2646,L41423,L,295.0,305.41,1579,36.54,55,0,0,0,0,0,0
2647,H31302,H,302.05,312.15,1716,34.8,230,0,0,0,0,0,0
2648,L71064,L,299.99,308.97,1555,38.82,171,0,0,0,0,0,0
2649,L96800,L,303.2,313.99,1578,38.64,212,0,0,0,0,0,0
2650,L95140,L,301.71,312.7,1721,38.68,207,1,1,0,0,0,0
2651,L37835,L,299.29,309.32,1812,30.87,114,0,0,0,0,0,0
2652,L83356,L,299.83,311.62,1513,19.83,191,1,0,0,1,0,0
2653,L59282,L,301.13,311.4,1294,51.89,147,0,0,0,0,0,0
2654,L62714,L,301.93,312.0,1301,50.42,49,0,0,0,0,0,0
2655,M77035,M,300.65,311.87,1411,27.47,53,0,0,0,0,0,0
2656,L33814,L,302.21,311.37,1367,29.7,173,0,0,0,0,0,0
2657,M34089,M,299.41,311.01,1232,56.77,238,1,0,0,0,1,0
2658,M83162,M,298.01,308.3,1868,39.26,39,0,0,0,0,0,0
2659,L65831,L,299.87,311.56,1630,11.74,151,1,0,0,1,0,0
2660,M42746,M,300.41,312.4,1441,44.15,238,0,0,0,0,0,0
2661,L91673,L,297.6,308.94,1529,35.4,248,0,0,0,0,0,0
2662,M61940,M,297.33,307.21,1213,48.09,84,0,0,0,0,0,0
2663,L96796,L,300.89,310.34,1743,33.94,107,0,0,0,0,0,0
2664,M46476,M,299.19,308.45,1184,39.17,57,0,0,0,0,0,0
2665,M36283,M,299.67,311.47,1627,40.97,30,0,0,0,0,0,0
2666,L11769,L,299.28,309.85,1204,39.4,250,0,0,0,0,0,0
2667,L52278,L,303.04,313.14,1460,46.56,117,0,0,0,0,0,0
2668,M56994,M,302.52,313.09,1759,40.47,177,0,0,0,0,0,0
2669,M72898,M,297.53,309.31,1241,36.11,137,0,0,0,0,0,0
2670,L25634,L,298.93,310.41,1508,29.94,83,0,0,0,0,0,0
2671,M20965,M,301.7,312.84,1648,35.75,13,0,0,0,0,0,0
2672,L37566,L,301.2,312.54,1619,48.71,18,0,0,0,0,0,0
2673,M62196,M,299.92,310.8,1548,31.54,29,0,0,0,0,0,0
2674,L58285,L,297.72,308.73,1624,31.72,56,0,0,0,0,0,0
2675,M65499,M,298.63,309.56,1425,43.43,15,0,0,0,0,0,0
2676,L29420,L,298.97,309.67,1883,35.43,21,0,0,0,0,0,0
2677,L35236,L,300.55,312.01,1245,52.08,53,0,0,0,0,0,0
2678,L16218,L,303.41,314.0,1744,33.12,83,0,0,0,0,0,0
2679,L59892,L,298.63,308.45,1569,33.73,69,0,0,0,0,0,0
2680,L84031,L,297.95,309.18,1646,37.69,108,0,0,0,0,0,0
2681,L74057,L,299.78,310.73,1678,6.82,170,1,0,0,1,0,0
2682,M88609,M,302.06,313.37,1635,51.42,224,0,0,0,0,0,0
2683,L86907,L,297.11,307.7,1389,39.33,232,0,0,0,0,0,0
2684,L93130,L,302.91,314.0,1483,40.38,146,0,0,0,0,0,0
2685,L21226,L,299.66,310.29,1274,68.59,4,1,0,0,1,0,0
2686,L62271,L,298.53,309.96,1481,31.51,70,0,0,0,0,0,0
2687,L20046,L,296.8,307.04,1593,56.94,225,1,0,0,1,1,0
2688,L47117,L,301.41,311.73,1644,41.29,19,0,0,0,0,0,0
2689,L14965,L,299.66,310.96,1605,39.67,142,0,0,0,0,0,0
2690,L69478,L,300.34,310.71,1219,54.56,252,1,0,0,0,1,0
2691,L88872,L,298.2,311.1,1434,31.55,37,0,0,0,0,0,0
2692,L67277,L,299.36,310.63,1416,23.79,128,0,0,0,0,0,0
2693,L95379,L,299.03,309.75,1299,31.09,117,0,0,0,0,0,0
2694,L69613,L,299.8,311.32,1385,52.63,4,0,0,0,0,0,0
2695,H27373,H,298.66,308.88,1535,28.59,225,0,0,0,0,0,0
2696,L55452,L,296.93,308.55,1789,18.78,181,0,0,0,0,0,0
2697,M60089,M,304.5,314.0,1363,41.19,84,0,0,0,0,0,0
2698,L16654,L,297.27,309.23,1332,49.2,60,0,0,0,0,0,0
2699,M41280,M,300.36,310.62,1427,40.54,77,0,0,0,0,0,0
2700,M66141,M,296.46,305.93,1596,41.35,144,0,0,0,0,0,0
2701,L97943,L,296.01,306.1,1755,42.07,124,0,0,0,0,0,0
2702,H77894,H,300.2,310.61,1519,43.09,125,0,0,0,0,0,0
2703,L36583,L,300.35,312.72,1275,43.22,75,0,0,0,0,0,0
2704,L16360,L,302.52,314.0,1313,37.7,26,0,0,0,0,0,0
2705,M63968,M,300.8,311.84,1569,43.56,197,0,0,0,0,0,0
2706,M13743,M,299.7,310.41,1714,35.73,102,0,0,0,0,0,0
2707,L17159,L,298.1,308.45,1862,24.15,239,0,0,0,0,0,0
2708,L42151,L,303.0,314.0,1322,57.44,24,0,0,0,0,0,0
2709,L10518,L,301.86,314.0,1560,39.13,90,0,0,0,0,0,0
2710,L26652,L,297.51,309.99,1350,49.38,172,0,0,0,0,0,0
2711,M88461,M,300.08,311.91,1373,37.63,129,0,0,0,0,0,0
2712,L81011,L,300.29,312.11,1358,54.12,149,0,0,0,0,0,0
2713,L52348,L,299.31,310.84,1475,23.45,95,0,0,0,0,0,0
2714,L85422,L,301.54,312.2,1376,59.07,53,0,0,0,0,0,0
2715,L87001,L,301.66,311.63,1981,14.9,144,1,0,0,1,0,0
2716,L86757,L,299.62,310.3,1452,25.87,188,0,0,0,0,0,0
2717,M34395,M,299.44,310.56,1713,35.56,247,0,0,0,0,0,0
2718,H12335,H,303.0,312.24,1416,35.09,228,0,0,0,0,0,0
2719,M80112,M,301.87,312.41,1937,27.15,65,0,0,0,0,0,0
2720,L10500,L,300.14,310.02,1596,31.13,244,0,0,0,0,0,0
2721,M18083,M,296.74,308.46,1686,27.34,243,0,0,0,0,0,0
2722,M91256,M,300.69,310.84,1429,43.28,118,0,0,0,0,0,0
2723,M15543,M,301.4,312.42,1711,33.08,153,0,0,0,0,0,0
2724,L78812,L,295.0,305.0,1595,43.86,183,0,0,0,0,0,0
2725,L62237,L,300.5,312.8,1467,39.85,160,0,0,0,0,0,0
2726,L99716,L,299.17,308.17,1341,38.28,0,0,0,0,0,0,0
2727,L16613,L,299.56,310.73,1492,45.83,39,0,0,0,0,0,0
2728,L76863,L,298.19,307.61,1477,21.03,170,1,0,0,1,0,0
2729,L50540,L,299.7,309.89,1691,12.01,43,1,0,0,1,0,0
2730,L86202,L,302.78,313.69,1493,23.14,189,0,0,0,0,0,0
2731,M36255,M,299.11,310.06,1189,44.05,35,0,0,0,0,0,0
2732,L95666,L,301.93,312.86,1651,38.09,183,0,0,0,0,0,0
2733,L32068,L,298.39,309.24,1768,10.77,166,1,0,0,1,0,0
2734,H59057,H,301.52,311.58,1235,46.25,216,0,0,0,0,0,0
2735,H28946,H,300.0,310.54,1860,28.08,140,0,0,0,0,0,0
2736,M30547,M,300.7,311.44,1786,33.17,38,0,0,0,0,0,0
2737,H95237,H,300.01,310.91,1421,21.09,125,1,0,0,1,0,0
2738,L15769,L,301.28,311.92,1334,71.04,227,1,0,0,1,1,0
2739,H34883,H,295.0,306.43,1725,33.49,11,0,0,0,0,0,0
2740,L71340,L,297.16,307.95,1288,30.94,20,0,0,0,0,0,0
2741,L89199,L,300.83,311.74,1415,41.81,86,0,0,0,0,0,0
2742,L45162,L,295.91,306.23,1298,60.62,145,0,0,0,0,0,0
2743,L98388,L,298.94,308.59,1536,25.3,12,0,0,0,0,0,0
2744,L95924,L,299.89,310.75,1799,19.95,18,0,0,0,0,0,0
2745,M43434,M,298.34,310.25,1602,34.7,162,0,0,0,0,0,0
2746,M32102,M,298.62,309.76,1718,33.07,45,0,0,0,0,0,0
2747,L31536,L,300.54,310.43,1472,45.84,111,0,0,0,0,0,0
2748,L87891,L,302.02,313.53,1553,50.52,184,0,0,0,0,0,0
2749,M77770,M,298.08,308.45,1314,52.1,161,0,0,0,0,0,0
2750,M60388,M,298.85,310.26,1518,24.66,243,0,0,0,0,0,0
2751,L60775,L,298.54,308.87,1401,29.95,189,0,0,0,0,0,0
2752,M41147,M,295.16,306.21,1506,30.45,55,0,0,0,0,0,0
2753,L60526,L,300.28,310.46,1494,45.81,128,0,0,0,0,0,0
2754,L33659,L,301.87,312.08,1478,44.63,184,0,0,0,0,0,0
2755,H92096,H,302.03,311.17,1914,39.37,109,0,0,0,0,0,0
2756,L33088,L,298.26,309.47,1853,35.23,85,0,0,0,0,0,0
2757,L78464,L,297.5,308.57,1790,26.99,155,0,0,0,0,0,0
2758,M69998,M,300.04,311.17,1858,29.32,131,0,0,0,0,0,0
2759,M50382,M,301.66,312.63,1790,20.31,228,0,0,0,0,0,0
2760,L38184,L,300.31,310.25,1531,43.3,198,0,0,0,0,0,0
2761,L30099,L,300.58,312.24,1513,31.95,74,0,0,0,0,0,0
2762,L79810,L,302.28,313.98,1577,47.44,203,0,0,0,0,0,0
2763,M47739,M,298.52,308.43,1497,44.02,167,0,0,0,0,0,0
2764,L18389,L,299.56,310.79,1348,63.11,52,0,0,0,0,0,0
2765,L27352,L,303.27,314.0,1588,39.86,38,0,0,0,0,0,0
2766,H31148,H,299.61,309.84,1253,50.31,34,0,0,0,0,0,0
2767,L41828,L,297.47,307.87,1560,35.06,225,0,0,0,0,0,0
2768,L78040,L,298.66,309.9,1356,38.19,81,0,0,0,0,0,0
2769,L66795,L,298.12,307.31,1520,35.25,137,0,0,0,0,0,0
2770,M68620,M,300.71,310.33,1569,45.63,251,0,0,0,0,0,0
2771,L67114,L,298.21,307.92,1471,25.81,50,0,0,0,0,0,0
2772,L50711,L,300.54,309.45,1240,46.95,117,0,0,0,0,0,0
2773,M27748,M,298.53,310.31,1321,25.3,191,0,0,0,0,0,0
2774,L98636,L,295.75,305.0,1617,38.73,206,0,0,0,0,0,0
2775,L43691,L,300.61,311.66,1435,35.36,58,0,0,0,0,0,0
2776,L98517,L,300.3,311.81,1636,39.43,25,0,0,0,0,0,0
2777,L75282,L,301.04,311.44,1537,30.36,112,0,0,0,0,0,0
2778,L70360,L,298.65,308.69,1499,35.76,114,0,0,0,0,0,0
2779,L20246,L,298.44,309.37,1598,41.53,2,0,0,0,0,0,0
2780,L69395,L,300.8,311.5,1414,41.81,76,0,0,0,0,0,0
2781,L42486,L,303.04,314.0,1607,49.4,97,0,0,0,0,0,0
2782,M40340,M,300.02,308.09,1459,34.53,238,0,0,0,0,0,0
2783,H94874,H,300.85,310.63,1992,24.68,16,0,0,0,0,0,0
2784,M60300,M,299.36,310.62,1331,56.36,252,1,0,0,0,1,0
2785,M13086,M,296.91,307.66,1471,35.38,64,0,0,0,0,0,0
2786,L24860,L,301.93,313.39,1478,34.76,205,0,0,0,0,0,0
2787,H27013,H,301.82,312.78,1292,48.61,0,0,0,0,0,0,0
2788,L17407,L,301.42,311.99,1666,32.99,87,0,0,0,0,0,0
2789,H43542,H,299.64,310.03,1458,36.24,117,0,0,0,0,0,0
2790,H34935,H,301.19,314.0,1168,40.56,56,0,0,0,0,0,0
2791,M59079,M,301.79,314.0,1660,46.27,123,0,0,0,0,0,0
2792,H44111,H,303.24,314.0,1420,38.82,10,0,0,0,0,0,0
2793,L66550,L,301.98,312.76,1516,32.48,66,0,0,0,0,0,0
2794,L85697,L,300.13,311.37,1657,32.01,204,0,0,0,0,0,0
2795,L99117,L,297.38,308.91,1469,42.45,54,0,0,0,0,0,0
2796,L96936,L,300.31,311.43,1468,53.29,85,0,0,0,0,0,0
2797,L86955,L,300.51,310.46,1979,27.73,40,0,0,0,0,0,0
2798,M50565,M,301.42,313.9,1168,38.47,238,1,1,0,0,0,0
2799,H29283,H,302.71,313.65,1304,65.04,104,0,0,0,0,0,0
2800,L76470,L,299.81,312.52,1338,44.26,186,0,0,0,0,0,0
2801,M96916,M,304.2,314.0,1857,30.04,29,0,0,0,0,0,0
2802,H89552,H,296.48,306.94,1419,41.1,24,0,0,0,0,0,0
2803,H48233,H,300.84,312.92,1578,25.0,198,0,0,0,0,0,0
2804,H32695,H,298.4,309.4,1450,39.07,63,0,0,0,0,0,0
2805,L52734,L,296.19,307.02,1644,41.48,216,0,0,0,0,0,0
2806,H91257,H,299.6,309.1,1533,48.78,102,0,0,0,0,0,0
2807,M11505,M,297.09,308.45,1581,33.0,152,0,0,0,0,0,0
2808,L15363,L,299.68,309.88,1767,33.95,193,0,0,0,0,0,0
2809,L58708,L,300.07,310.32,1614,46.48,161,0,0,0,0,0,0
2810,M53614,M,302.24,312.45,1403,41.23,182,0,0,0,0,0,0
2811,L11010,L,296.98,308.12,1591,42.49,185,0,0,0,0,0,0
2812,M29861,M,301.82,310.98,1970,32.16,85,0,0,0,0,0,0
2813,M34125,M,300.2,310.69,1637,29.19,181,0,0,0,0,0,0
2814,L19369,L,302.06,313.74,1562,28.27,116,0,0,0,0,0,0
2815,L79393,L,299.14,308.59,1288,56.25,128,0,0,0,0,0,0
2816,M36671,M,297.34,308.21,1665,11.4,246,1,0,0,1,0,0
2817,L85400,L,297.57,307.63,1692,28.2,145,0,0,0,0,0,0
2818,L74512,L,297.42,307.71,1591,23.45,15,0,0,0,0,0,0
2819,L85656,L,300.96,313.31,1556,46.6,183,0,0,0,0,0,0
2820,L95759,L,302.95,312.0,2045,37.58,201,0,0,0,0,0,0
2821,H54138,H,298.87,310.34,1689,27.78,158,0,0,0,0,0,0
2822,L63420,L,301.26,311.48,1758,55.11,246,1,0,0,1,1,0
2823,M78089,M,296.95,307.13,1547,49.79,47,0,0,0,0,0,0
2824,L25489,L,300.36,309.95,1511,39.78,123,0,0,0,0,0,0
2825,L69789,L,301.34,312.79,1649,47.78,76,0,0,0,0,0,0
2826,M79925,M,297.1,307.61,1511,31.83,161,0,0,0,0,0,0
2827,M59703,M,299.59,309.97,1526,34.95,161,0,0,0,0,0,0
2828,L97486,L,301.43,312.24,1618,39.5,233,1,1,0,0,0,0
2829,L86625,L,295.0,305.53,1443,32.84,119,0,0,0,0,0,0
2830,L68228,L,302.67,311.37,1575,24.7,59,0,0,0,0,0,0
2831,L13051,L,300.71,310.92,1549,28.31,75,0,0,0,0,0,0
2832,M48090,M,301.43,313.03,1709,31.88,164,0,0,0,0,0,0
2833,L38805,L,299.17,308.37,1425,44.93,39,0,0,0,0,0,0
2834,L54557,L,296.55,306.16,1175,44.64,144,0,0,0,0,0,0
2835,L12555,L,301.07,311.34,1479,22.86,168,0,0,0,0,0,0
2836,H60241,H,299.83,309.81,1607,39.86,55,0,0,0,0,0,0
2837,H88303,H,300.06,310.74,1709,44.21,181,0,0,0,0,0,0
2838,L75994,L,302.18,311.78,1410,33.92,206,0,0,0,0,0,0
2839,M26066,M,301.52,311.84,1633,49.68,140,0,0,0,0,0,0
2840,L14721,L,303.84,314.0,1739,40.1,173,0,0,0,0,0,0
2841,L87982,L,300.31,311.66,1670,25.26,71,0,0,0,0,0,0
2842,M16304,M,298.62,310.56,1393,34.48,144,0,0,0,0,0,0
2843,H52967,H,299.62,310.06,1412,37.4,138,0,0,0,0,0,0
2844,H88763,H,300.83,313.42,1613,33.87,39,0,0,0,0,0,0
2845,L50462,L,302.03,312.55,1828,12.24,173,1,0,0,1,0,0
2846,L81834,L,297.07,308.59,1538,30.25,64,0,0,0,0,0,0
2847,M60155,M,300.02,312.65,1505,32.8,31,0,0,0,0,0,0
2848,L85842,L,303.22,314.0,1288,65.49,107,0,0,0,0,0,0
2849,L12589,L,299.52,308.85,1469,41.2,179,0,0,0,0,0,0
2850,L47078,L,301.86,312.65,1406,32.61,9,0,0,0,0,0,0
2851,M64918,M,300.99,311.07,1540,33.13,107,0,0,0,0,0,0
2852,L23601,L,301.91,312.34,1263,50.2,114,0,0,0,0,0,0
2853,L17711,L,298.38,311.07,1476,35.15,186,0,0,0,0,0,0
2854,H96900,H,298.39,307.87,1353,36.14,142,0,0,0,0,0,0
2855,L69430,L,300.04,311.04,1704,28.97,130,0,0,0,0,0,0
2856,L73327,L,296.94,306.76,1380,46.49,249,1,0,0,0,1,0
2857,L13970,L,299.46,309.85,1432,26.19,136,0,0,0,0,0,0
2858,L79535,L,300.51,311.95,1586,26.31,135,0,0,0,0,0,0
2859,L96570,L,303.57,314.0,1453,30.28,254,0,0,0,0,0,0
2860,L46176,L,300.81,311.28,1960,21.17,73,0,0,0,0,0,0
2861,M51730,M,301.25,311.3,1702,26.72,123,0,0,0,0,0,0
2862,L92168,L,302.33,313.35,1538,45.6,7,0,0,0,0,0,0
2863,H23385,H,298.07,310.48,1601,45.05,15,0,0,0,0,0,0
2864,L15950,L,299.67,309.47,1168,52.39,10,0,0,0,0,0,0
2865,L83511,L,304.5,314.0,1757,34.37,22,0,0,0,0,0,0
2866,L63009,L,299.84,311.74,1627,29.31,183,0,0,0,0,0,0
2867,L96850,L,302.23,314.0,1522,18.06,55,1,0,0,1,0,0
2868,M33398,M,301.93,312.94,1637,36.26,249,0,0,0,0,0,0
2869,L35277,L,297.04,308.91,1659,37.11,149,0,0,0,0,0,0
2870,L36761,L,300.62,310.31,1460,32.63,103,0,0,0,0,0,0
2871,M74435,M,300.29,310.33,1603,26.12,145,0,0,0,0,0,0
2872,H73944,H,300.66,312.13,1724,22.66,38,0,0,0,0,0,0
2873,M41533,M,298.49,309.49,1617,36.92,130,0,0,0,0,0,0
2874,L82502,L,297.77,308.32,1490,39.25,135,0,0,0,0,0,0
2875,M82123,M,299.05,307.25,1588,46.84,132,0,0,0,0,0,0
2876,L32880,L,299.8,310.07,1784,25.65,90,0,0,0,0,0,0
2877,L80627,L,302.37,311.9,1676,31.72,4,0,0,0,0,0,0
2878,L51753,L,303.63,314.0,1326,43.41,18,0,0,0,0,0,0
2879,L92597,L,302.79,313.3,1641,30.12,208,0,0,0,0,0,0
2880,L97829,L,301.72,311.79,1617,42.87,124,0,0,0,0,0,0
2881,L11561,L,297.99,311.33,1745,43.01,60,0,0,0,0,0,0
2882,M63205,M,299.18,310.92,1541,26.91,45,0,0,0,0,0,0
2883,L69810,L,300.42,312.18,1469,34.55,145,0,0,0,0,0,0
2884,L74482,L,298.74,311.64,1289,59.18,188,1,0,0,0,1,0
2885,L79192,L,301.15,312.66,1410,43.92,187,0,0,0,0,0,0
2886,H97154,H,301.44,311.37,1752,33.65,129,0,0,0,0,0,0
2887,L96066,L,301.07,310.88,1571,39.59,246,0,0,0,0,0,0
2888,L97408,L,302.05,313.72,1517,43.96,177,0,0,0,0,0,0
2889,M38330,M,298.19,306.83,1768,35.56,253,0,0,0,0,0,0
2890,M26139,M,301.87,312.49,1731,34.86,190,0,0,0,0,0,0
2891,L42977,L,298.61,307.14,1403,40.95,70,0,0,0,0,0,0
2892,M14983,M,298.12,308.92,1751,43.75,176,0,0,0,0,0,0
2893,M49909,M,301.06,312.62,1236,43.25,113,0,0,0,0,0,0
2894,M74480,M,302.43,313.41,1618,35.43,207,0,0,0,0,0,0
2895,L59029,L,300.98,312.61,1596,49.82,246,1,0,0,0,1,0
2896,M31329,M,300.04,312.71,1742,35.57,198,0,0,0,0,0,0
2897,L46734,L,300.62,311.18,1604,35.14,17,0,0,0,0,0,0
2898,L52837,L,300.27,313.78,1491,44.49,107,0,0,0,0,0,0
2899,L84354,L,297.75,308.66,1505,40.23,89,0,0,0,0,0,0
2900,L86454,L,297.51,309.16,2020,23.13,220,0,0,0,0,0,0
2901,L76786,L,299.84,309.93,1550,39.23,143,0,0,0,0,0,0
2902,M14758,M,300.16,312.48,1642,27.83,45,0,0,0,0,0,0
2903,L77699,L,300.02,311.76,1171,71.26,102,0,0,0,0,0,0
2904,L92673,L,301.35,313.52,1386,43.8,93,0,0,0,0,0,0
2905,L31832,L,299.57,310.32,1628,26.93,152,0,0,0,0,0,0
2906,L11868,L,301.13,310.57,1244,41.52,135,0,0,0,0,0,0
2907,H60665,H,299.71,310.87,1634,41.73,63,0,0,0,0,0,0
2908,L51862,L,303.65,312.65,1404,29.67,141,0,0,0,0,0,0
2909,L29728,L,300.16,310.53,1349,71.36,21,1,0,0,1,0,0
2910,L49857,L,304.5,314.0,1404,25.97,115,0,0,0,0,0,0
2911,L38183,L,300.7,313.78,1810,38.98,77,0,0,0,0,0,0
2912,L98321,L,299.57,310.59,1595,31.55,90,0,0,0,0,0,0
2913,M28940,M,298.2,309.04,1371,33.34,34,0,0,0,0,0,0
2914,H15280,H,297.11,307.75,1675,38.82,103,0,0,0,0,0,0
2915,L12164,L,298.02,307.38,1684,30.16,178,0,0,0,0,0,0
2916,M89624,M,298.24,309.03,1466,54.62,75,0,0,0,0,0,0
2917,M28405,M,300.79,311.59,1708,21.8,170,0,0,0,0,0,0
2918,M12821,M,298.95,308.68,1716,38.08,212,1,1,0,0,0,0
2919,L65090,L,300.37,309.89,1688,31.6,74,0,0,0,0,0,0
2920,L32516,L,302.56,312.78,1414,43.53,130,0,0,0,0,0,0
2921,L20473,L,299.82,310.59,1323,48.88,200,1,1,0,0,0,0
2922,M56454,M,304.16,314.0,1230,26.41,106,1,0,0,1,0,0
2923,M52530,M,297.65,307.3,1417,42.8,182,0,0,0,0,0,0
2924,L87714,L,299.7,310.69,1469,49.63,18,0,0,0,0,0,0
2925,L92633,L,298.92,310.16,1483,43.13,169,0,0,0,0,0,0
2926,H89632,H,301.87,312.69,1527,34.07,188,0,0,0,0,0,0
2927,M79081,M,295.52,305.66,1847,20.06,22,0,0,0,0,0,0
2928,H34798,H,297.11,308.41,1474,43.81,207,0,0,0,0,0,0
2929,M10863,M,299.79,310.29,1526,55.15,3,0,0,0,0,0,0
2930,L26148,L,303.1,312.61,1208,55.29,95,0,0,0,0,0,0
2931,L96545,L,300.45,312.19,1936,38.16,192,0,0,0,0,0,0
2932,M64459,M,297.3,308.35,1298,54.43,3,0,0,0,0,0,0
2933,L93345,L,297.61,308.19,1408,36.7,186,0,0,0,0,0,0
2934,L94224,L,303.35,312.47,1660,35.29,217,1,1,0,0,0,0
2935,M76189,M,298.76,308.71,1579,44.16,90,0,0,0,0,0,0
2936,L18129,L,298.11,310.83,1831,18.94,122,0,0,0,0,0,0
2937,M33118,M,302.95,312.15,1665,40.03,103,0,0,0,0,0,0
2938,L10443,L,302.02,312.47,1520,49.55,79,0,0,0,0,0,0
2939,H37041,H,302.55,313.23,1723,32.83,29,0,0,0,0,0,0
2940,L99379,L,298.1,309.12,1744,39.54,101,0,0,0,0,0,0
2941,L31053,L,296.95,306.15,1416,34.85,160,0,0,0,0,0,0
2942,M47204,M,300.27,311.14,1708,33.86,207,0,0,0,0,0,0
2943,L52240,L,300.67,309.68,1495,35.71,160,0,0,0,0,0,0
2944,M71102,M,300.73,311.53,1516,42.13,19,0,0,0,0,0,0
2945,M18291,M,302.96,313.0,1561,35.75,222,0,0,0,0,0,0
2946,L26285,L,296.53,306.37,1466,22.7,47,1,0,0,1,0,0
2947,L71589,L,301.72,313.25,1457,32.27,26,0,0,0,0,0,0
2948,L23944,L,297.81,308.27,1712,49.71,159,0,0,0,0,0,0
2949,L98876,L,301.71,312.89,1260,51.93,213,1,1,0,0,1,0
2950,H64391,H,299.05,310.26,1344,20.27,227,1,0,0,1,0,0
2951,M11607,M,298.37,310.34,1656,45.03,154,0,0,0,0,0,0
2952,M12953,M,298.78,308.27,1522,26.8,24,0,0,0,0,0,0
2953,M54941,M,297.11,308.73,1713,40.91,65,0,0,0,0,0,0
2954,L81469,L,300.08,310.8,1599,47.4,237,1,1,0,0,1,0
2955,H86922,H,298.45,308.78,1295,45.37,229,0,0,0,0,0,0
2956,M71683,M,301.57,311.12,1546,27.82,214,0,0,0,0,0,0
2957,M80218,M,301.28,312.59,1631,28.84,243,0,0,0,0,0,0
2958,M21154,M,303.38,313.15,1577,42.04,11,0,0,0,0,0,0
2959,L19047,L,300.73,311.95,1451,28.28,100,0,0,0,0,0,0
2960,M98529,M,301.04,313.67,1486,32.95,173,0,0,0,0,0,0
2961,L85874,L,302.8,314.0,1434,45.07,228,1,1,0,0,0,0
2962,L24323,L,298.74,310.84,1296,37.0,241,0,0,0,0,0,0
2963,L47693,L,297.02,307.0,1272,61.06,253,1,0,0,0,1,0
2964,H68730,H,300.4,311.86,1605,26.43,47,0,0,0,0,0,0
2965,M99170,M,297.15,306.71,1378,7.4,212,1,1,0,1,0,0
2966,M36292,M,304.5,314.0,1639,28.16,111,0,0,0,0,0,0
2967,M55111,M,302.91,314.0,1428,43.24,105,0,0,0,0,0,0
2968,L85453,L,304.33,314.0,1299,53.64,202,0,0,0,0,0,0
2969,H85681,H,300.12,311.94,1462,35.2,84,0,0,0,0,0,0
2970,L49491,L,301.1,312.82,1912,27.89,36,0,0,0,0,0,0
2971,L59336,L,299.08,310.86,1518,37.46,131,0,0,0,0,0,0
2972,L26905,L,301.77,311.2,1651,49.81,89,0,0,0,0,0,0
2973,M40273,M,297.57,308.79,1565,40.07,211,0,0,0,0,0,0
2974,M36234,M,295.0,305.54,1282,39.18,188,0,0,0,0,0,0
2975,L88885,L,298.42,310.21,1796,48.27,70,1,0,0,1,0,0
2976,L76538,L,297.09,306.13,1490,38.55,101,0,0,0,0,0,0
2977,M42573,M,302.96,314.0,1299,21.22,174,1,0,0,1,0,0
2978,L74320,L,303.63,314.0,1443,25.94,218,0,0,0,0,0,0
2979,M21330,M,297.19,305.9,1498,43.59,46,0,0,0,0,0,0
2980,H90516,H,302.58,312.4,1670,19.07,119,1,0,0,1,0,0
2981,L82553,L,301.9,310.77,1412,45.62,16,0,0,0,0,0,0
2982,L51353,L,296.86,306.83,2007,22.99,31,0,0,0,0,0,0
2983,M26011,M,299.22,310.47,1366,54.28,137,0,0,0,0,0,0
2984,M93537,M,298.84,309.74,1645,36.29,177,0,0,0,0,0,0
2985,L70985,L,301.5,312.37,1180,28.69,202,0,0,0,0,0,0
2986,H27044,H,297.54,307.2,1513,46.53,186,0,0,0,0,0,0
2987,L48292,L,299.8,311.62,1601,47.98,17,0,0,0,0,0,0
2988,L15250,L,298.63,309.31,1333,29.25,193,0,0,0,0,0,0
2989,M33289,M,300.95,311.68,1805,25.37,162,0,0,0,0,0,0
2990,M43087,M,299.57,311.21,1613,39.98,5,0,0,0,0,0,0
2991,L85952,L,298.93,308.64,1478,45.38,2,0,0,0,0,0,0
2992,M46368,M,299.57,310.5,1611,56.48,198,1,0,0,1,0,0
2993,L80815,L,304.07,314.0,1428,49.05,34,0,0,0,0,0,0
2994,L71040,L,299.17,309.32,1760,52.09,238,1,1,0,1,1,0
2995,L68900,L,297.92,309.27,1718,33.52,76,0,0,0,0,0,0
2996,M25494,M,301.17,312.34,1602,39.19,101,0,0,0,0,0,0
2997,L55166,L,299.71,310.31,1645,29.88,193,0,0,0,0,0,0
2998,L35333,L,297.17,307.74,1269,39.25,65,0,0,0,0,0,0
2999,L43050,L,304.46,314.0,1799,33.02,50,0,0,0,0,0,0
3000,M89566,M,299.3,310.78,1517,32.27,123,0,0,0,0,0,0
3001,M98257,M,299.24,310.01,1720,11.96,199,1,0,0,1,0,0
3002,M58070,M,300.32,312.14,1670,28.59,72,0,0,0,0,0,0
3003,L15166,L,303.46,314.0,1717,42.36,161,0,0,0,0,0,0
3004,M17121,M,296.64,305.55,1346,43.33,166,0,0,0,0,0,0
3005,L24677,L,300.55,309.85,1369,42.66,94,0,0,0,0,0,0
3006,M66561,M,304.17,314.0,1940,23.9,220,0,0,0,0,0,0
3007,H91909,H,300.26,310.71,1262,49.2,48,0,0,0,0,0,0
3008,L97409,L,297.53,308.39,1337,60.6,174,0,0,0,0,0,0
3009,M47664,M,298.76,310.6,1543,50.14,35,0,0,0,0,0,0
3010,L11293,L,300.41,311.11,1543,40.53,21,0,0,0,0,0,0
3011,L32443,L,302.66,313.4,1438,31.34,214,0,0,0,0,0,0
3012,L59212,L,299.32,309.15,1646,50.19,76,0,0,0,0,0,0
3013,L94131,L,301.65,312.72,1697,42.69,226,0,0,0,0,0,0
3014,L85276,L,297.13,308.42,1532,23.56,171,0,0,0,0,0,0
3015,M22559,M,297.11,307.23,1487,21.61,194,1,0,0,1,0,0
3016,L75231,L,299.03,308.81,1531,24.09,188,0,0,0,0,0,0
3017,M49044,M,302.88,314.0,1445,34.75,244,0,0,0,0,0,0
3018,L31747,L,300.14,310.74,1229,57.12,242,1,0,0,0,1,0
3019,L83509,L,300.58,310.6,1589,43.97,136,0,0,0,0,0,0
3020,M90869,M,300.56,311.96,1673,37.17,47,0,0,0,0,0,0
3021,L40129,L,302.22,312.87,1507,36.68,17,0,0,0,0,0,0
3022,L10037,L,298.78,308.39,1168,76.6,89,1,0,0,1,0,0
3023,M58503,M,301.38,312.56,1432,40.35,125,0,0,0,0,0,0
3024,L38207,L,298.34,308.19,1698,33.01,156,0,0,0,0,0,0
3025,L43241,L,303.97,314.0,1276,39.2,175,0,0,0,0,0,0
3026,L10058,L,298.4,309.59,1660,53.59,139,1,0,0,1,0,0
3027,H78172,H,298.24,308.66,1455,46.48,166,0,0,0,0,0,0
3028,M24834,M,301.1,311.91,1532,27.73,150,0,0,0,0,0,0
3029,M91113,M,300.16,311.76,1412,28.89,18,0,0,0,0,0,0
3030,M37190,M,300.65,311.54,1331,24.97,23,1,0,0,1,0,0
3031,L82832,L,300.45,313.28,1793,31.18,235,0,0,0,0,0,0
3032,L31383,L,297.82,309.66,1682,21.3,106,0,0,0,0,0,0
3033,M34660,M,303.23,314.0,1651,24.57,43,0,0,0,0,0,0
3034,L12674,L,301.79,311.55,1699,42.74,93,0,0,0,0,0,0
3035,L32820,L,302.72,313.27,1625,43.1,94,0,0,0,0,0,0
3036,L95040,L,298.94,310.12,1705,46.14,210,0,0,0,0,0,0
3037,L35666,L,300.83,310.71,1415,25.6,212,0,0,0,0,0,0
3038,H53794,H,300.39,312.39,1783,24.08,48,0,0,0,0,0,0
3039,L12076,L,302.26,311.98,1767,27.33,110,0,0,0,0,0,0
3040,L74854,L,302.32,312.38,1603,50.38,201,0,0,0,0,0,0
3041,L62342,L,300.39,310.52,1483,39.24,3,0,0,0,0,0,0
3042,H47555,H,296.96,308.41,1315,63.43,61,0,0,0,0,0,0
3043,L65208,L,303.56,313.45,1576,42.05,17,0,0,0,0,0,0
3044,L42406,L,301.11,310.01,1838,30.29,187,0,0,0,0,0,0
3045,M71572,M,298.78,310.57,1326,49.41,108,0,0,0,0,0,0
3046,M50262,M,300.81,311.07,1718,18.93,127,1,0,0,1,0,0
3047,L96661,L,296.98,306.61,1450,19.22,125,1,0,0,1,0,0
3048,L33216,L,302.11,312.06,1466,41.63,63,0,0,0,0,0,0
3049,L78117,L,297.06,309.47,1323,43.45,100,0,0,0,0,0,0
3050,L91136,L,299.56,309.6,1400,60.73,147,0,0,0,0,0,0
3051,L40284,L,300.49,311.07,1651,22.73,179,0,0,0,0,0,0
3052,L30171,L,302.08,312.33,1674,37.42,35,1,0,0,0,0,1
3053,L24333,L,300.21,309.68,1577,42.64,189,0,0,0,0,0,0
3054,L40535,L,301.27,311.23,1445,43.05,47,0,0,0,0,0,0
3055,M99023,M,299.94,309.34,1336,54.65,95,0,0,0,0,0,0
3056,H85940,H,299.94,311.59,1546,31.2,244,0,0,0,0,0,0
3057,M43700,M,300.17,310.97,1469,47.11,56,0,0,0,0,0,0
3058,L93583,L,299.62,312.8,1573,41.54,56,0,0,0,0,0,0
3059,L51516,L,296.63,306.62,1477,50.09,243,1,0,0,0,1,0
3060,H25577,H,298.46,308.3,1482,33.73,90,0,0,0,0,0,0
3061,L99834,L,300.49,312.72,1564,25.78,168,0,0,0,0,0,0
3062,L25015,L,299.5,311.26,1598,30.21,215,1,1,0,0,0,0
3063,L31236,L,299.69,310.77,1755,23.97,220,1,1,0,0,0,0
3064,M76640,M,299.35,308.94,1474,33.37,52,0,0,0,0,0,0
3065,M93190,M,298.27,310.72,1633,32.15,87,0,0,0,0,0,0
3066,L55704,L,299.01,309.64,1860,23.79,61,0,0,0,0,0,0
3067,L52369,L,299.39,309.66,1638,35.05,156,0,0,0,0,0,0
3068,H13646,H,300.01,311.85,1745,23.16,38,0,0,0,0,0,0
3069,L97007,L,300.79,311.46,1423,39.52,81,0,0,0,0,0,0
3070,M35906,M,299.64,309.17,1405,35.72,9,0,0,0,0,0,0
3071,M96643,M,297.94,308.68,1506,36.88,238,0,0,0,0,0,0
3072,M57728,M,297.2,307.12,1525,41.25,188,0,0,0,0,0,0
3073,L24878,L,304.5,312.19,1728,29.69,55,0,0,0,0,0,0
3074,L19145,L,297.74,307.56,1404,32.88,8,0,0,0,0,0,0
3075,L98578,L,298.96,309.14,1519,31.55,177,0,0,0,0,0,0
3076,M28226,M,301.03,310.58,1728,41.63,202,0,0,0,0,0,0
3077,H12802,H,300.72,312.0,1574,48.02,11,0,0,0,0,0,0
3078,L34119,L,301.04,310.96,1533,32.56,129,0,0,0,0,0,0
3079,L73560,L,299.11,310.29,1578,34.91,217,0,0,0,0,0,0
3080,H67353,H,300.48,309.94,1332,24.69,72,1,0,0,1,0,0
3081,M72126,M,300.12,311.73,1329,41.15,16,0,0,0,0,0,0
3082,M81641,M,299.38,308.8,1249,29.22,34,0,0,0,0,0,0
3083,L61712,L,300.49,308.85,1572,31.99,173,0,0,0,0,0,0
3084,L62189,L,302.11,314.0,1700,42.77,194,0,0,0,0,0,0
3085,M67784,M,299.96,309.8,1673,21.39,197,0,0,0,0,0,0
3086,M78285,M,299.97,312.43,1741,25.49,234,0,0,0,0,0,0
3087,L52949,L,302.14,313.4,1797,24.74,86,0,0,0,0,0,0
3088,L44129,L,301.92,313.41,1561,21.39,34,1,0,0,1,0,0
3089,L34512,L,303.17,314.0,1523,45.72,206,1,1,0,0,0,0
3090,L89031,L,296.49,307.3,1801,34.02,199,0,0,0,0,0,0
3091,L73554,L,301.81,312.63,1409,59.06,223,1,1,0,0,1,0
3092,H12064,H,301.2,313.18,1323,32.53,33,0,0,0,0,0,0
3093,L61567,L,298.23,309.04,1474,21.65,10,1,0,0,1,0,0
3094,M40011,M,300.5,310.47,1453,48.71,109,0,0,0,0,0,0
3095,L81152,L,302.1,313.39,1544,33.77,130,0,0,0,0,0,0
3096,M83511,M,298.34,306.93,1382,36.62,220,1,1,0,0,0,0
3097,H20960,H,300.89,312.9,1602,48.99,9,0,0,0,0,0,0
3098,L68920,L,301.74,313.78,1433,41.69,81,0,0,0,0,0,0
3099,L31387,L,297.86,309.76,1756,40.0,81,0,0,0,0,0,0
3100,L25324,L,299.72,311.58,1320,36.65,11,0,0,0,0,0,0
3101,L73960,L,300.6,311.22,1510,31.07,218,0,0,0,0,0,0
3102,M81779,M,298.41,309.0,1475,35.3,117,0,0,0,0,0,0
3103,H42628,H,298.24,307.71,1577,42.43,178,0,0,0,0,0,0
3104,L85096,L,299.73,312.18,1702,34.1,82,0,0,0,0,0,0
3105,L57452,L,301.6,311.82,1583,40.43,232,0,0,0,0,0,0
3106,L51098,L,301.29,312.33,1512,13.23,96,1,0,0,1,0,0
3107,M80459,M,298.28,309.23,1659,18.28,88,1,0,0,1,0,0
3108,L49235,L,301.3,310.66,1687,15.68,107,1,0,0,1,0,0
3109,L96861,L,298.33,307.28,1583,32.75,186,0,0,0,0,0,0
3110,M37949,M,296.78,307.49,1605,23.23,1,0,0,0,0,0,0
3111,M32821,M,299.27,309.51,1651,49.35,1,0,0,0,0,0,0
3112,L81612,L,302.25,312.86,1239,45.99,132,0,0,0,0,0,0
3113,M32032,M,301.31,313.08,1472,41.04,149,0,0,0,0,0,0
3114,L83537,L,300.0,310.92,1603,26.01,247,0,0,0,0,0,0
3115,L25303,L,299.17,310.63,1483,27.82,160,0,0,0,0,0,0
3116,M91993,M,299.22,310.37,1483,53.61,235,1,0,0,0,1,0
3117,M22303,M,300.22,310.6,1602,51.69,68,0,0,0,0,0,0
3118,L60701,L,297.86,307.56,1607,39.37,155,0,0,0,0,0,0
3119,L60511,L,299.3,310.27,1619,17.41,185,1,0,0,1,0,0
3120,L90664,L,299.57,310.35,1392,36.77,141,0,0,0,0,0,0
3121,L28280,L,297.3,308.91,1280,48.28,103,0,0,0,0,0,0
3122,L49427,L,298.32,308.87,1680,32.16,106,0,0,0,0,0,0
3123,L16967,L,300.82,311.22,1401,19.21,49,1,0,0,1,0,0
3124,L16661,L,300.02,310.49,1389,60.33,201,1,0,0,0,1,0
3125,M87952,M,299.38,309.16,1373,33.02,168,0,0,0,0,0,0
3126,M76046,M,298.18,310.32,1742,21.86,142,0,0,0,0,0,0
3127,M45200,M,303.15,314.0,1573,36.14,201,0,0,0,0,0,0
3128,L77442,L,298.32,307.81,1597,46.51,67,0,0,0,0,0,0
3129,H71671,H,300.5,312.01,1659,38.96,42,0,0,0,0,0,0
3130,M68168,M,299.02,307.88,1527,25.17,182,0,0,0,0,0,0
3131,M58322,M,300.07,311.76,1717,21.01,48,0,0,0,0,0,0
3132,M91984,M,300.92,310.92,1320,19.63,252,1,0,0,1,0,0
3133,H47696,H,297.26,308.32,1340,39.65,145,0,0,0,0,0,0
3134,L80246,L,299.99,308.76,1330,37.99,80,1,0,1,0,0,0
3135,L48892,L,302.38,311.88,1611,40.14,94,0,0,0,0,0,0
3136,M25583,M,303.52,314.0,1626,29.2,247,0,0,0,0,0,0
3137,M92720,M,299.74,309.74,1450,49.14,224,0,0,0,0,0,0
3138,M65215,M,300.08,309.94,1493,44.65,152,0,0,0,0,0,0
3139,L34853,L,304.42,314.0,1763,26.57,139,0,0,0,0,0,0
3140,L16109,L,302.27,314.0,1410,44.61,182,0,0,0,0,0,0
3141,L69757,L,298.77,310.4,1588,48.06,46,0,0,0,0,0,0
3142,H16659,H,298.76,308.37,1412,30.84,212,0,0,0,0,0,0
3143,L11238,L,301.91,314.0,1732,31.31,208,0,0,0,0,0,0
3144,L25064,L,297.98,307.12,1648,32.74,83,0,0,0,0,0,0
3145,L41115,L,302.18,312.57,1283,40.66,92,0,0,0,0,0,0
3146,L41952,L,300.67,311.42,1488,46.22,66,0,0,0,0,0,0
3147,M15620,M,301.04,313.66,1168,59.86,198,0,0,0,0,0,0
3148,M54258,M,299.49,311.1,1697,37.19,191,0,0,0,0,0,0
3149,M14470,M,298.74,308.98,1904,32.8,59,0,0,0,0,0,0
3150,L32003,L,302.92,312.68,1168,42.16,96,0,0,0,0,0,0
3151,M37571,M,299.51,311.21,1278,48.53,217,0,0,0,0,0,0
3152,L34668,L,299.18,309.34,1565,24.85,211,0,0,0,0,0,0
3153,M87259,M,299.84,310.76,1532,60.59,170,1,0,0,1,0,0
3154,L42046,L,300.39,309.72,1461,52.45,164,0,0,0,0,0,0
3155,L80977,L,297.94,309.21,1222,58.09,159,0,0,0,0,0,0
3156,M87255,M,298.87,310.06,1593,39.63,226,0,0,0,0,0,0
3157,H15397,H,298.76,308.22,1695,37.27,84,0,0,0,0,0,0
3158,L93481,L,301.69,313.42,2047,16.16,179,1,0,0,1,0,0
3159,M32233,M,298.23,309.48,1770,22.18,52,0,0,0,0,0,0
3160,L93336,L,296.49,307.93,1301,31.55,104,0,0,0,0,0,0
3161,L70308,L,296.07,306.39,1533,37.92,253,0,0,0,0,0,0
3162,L79726,L,297.06,307.94,1642,32.45,251,0,0,0,0,0,0
3163,L73219,L,302.72,313.49,1411,48.84,183,0,0,0,0,0,0
3164,L11130,L,300.03,310.58,1675,25.94,71,0,0,0,0,0,0
3165,L24071,L,301.0,311.87,1662,43.33,129,0,0,0,0,0,0
3166,L95517,L,301.07,313.03,1758,25.91,242,0,0,0,0,0,0
3167,H12118,H,300.11,311.89,1679,30.55,175,0,0,0,0,0,0
3168,L10663,L,299.85,309.37,1586,44.2,15,0,0,0,0,0,0
3169,M72408,M,302.09,313.77,1420,45.43,90,0,0,0,0,0,0
3170,L61786,L,300.29,312.18,1302,30.23,163,0,0,0,0,0,0
3171,M91271,M,302.8,313.35,1574,46.07,137,0,0,0,0,0,0
3172,L29158,L,301.24,312.45,1462,40.05,91,0,0,0,0,0,0
3173,L41087,L,298.76,309.96,1480,17.98,80,1,0,0,1,0,0
3174,L98114,L,299.01,308.86,1737,26.04,253,0,0,0,0,0,0
3175,L63121,L,298.55,308.86,1781,28.87,125,0,0,0,0,0,0
3176,L29874,L,302.44,313.89,1313,30.89,88,0,0,0,0,0,0
3177,M93443,M,299.19,309.39,1497,51.12,206,0,0,0,0,0,0
3178,M50821,M,298.4,310.08,1457,35.64,145,0,0,0,0,0,0
3179,M70582,M,300.64,312.64,1592,40.14,91,0,0,0,0,0,0
3180,M32787,M,299.81,311.65,1168,51.59,254,1,0,0,0,1,0
3181,L74703,L,300.59,313.27,1272,52.99,1,0,0,0,0,0,0
3182,L31705,L,303.78,314.0,1514,53.68,127,0,0,0,0,0,0
3183,L79381,L,301.83,312.7,1677,39.95,39,0,0,0,0,0,0
3184,L54653,L,300.05,311.07,1549,53.12,41,0,0,0,0,0,0
3185,L92018,L,297.18,307.82,1656,40.68,222,0,0,0,0,0,0
3186,L96217,L,299.0,310.24,1571,37.68,94,0,0,0,0,0,0
3187,L42252,L,301.42,310.41,1765,35.08,152,0,0,0,0,0,0
3188,L83332,L,297.66,308.56,1802,10.92,128,1,0,0,1,0,0
3189,M82799,M,304.28,313.6,1398,36.32,209,0,0,0,0,0,0
3190,M72185,M,300.03,309.77,1694,32.61,15,0,0,0,0,0,0
3191,L88313,L,300.1,311.53,1626,39.09,169,0,0,0,0,0,0
3192,H51538,H,298.67,309.17,1986,28.67,164,0,0,0,0,0,0
3193,H30343,H,300.99,312.39,1391,44.62,104,0,0,0,0,0,0
3194,L90398,L,297.68,308.16,1514,25.33,233,1,1,0,0,0,0
3195,L51232,L,304.33,314.0,1349,25.68,36,0,0,0,0,0,0
3196,L63106,L,302.63,313.1,1360,29.67,198,0,0,0,0,0,0
3197,H91227,H,301.97,310.71,1604,49.74,133,0,0,0,0,0,0
3198,M63079,M,297.22,308.14,1572,24.89,205,1,1,0,0,0,0
3199,L35028,L,300.41,308.94,1632,28.18,149,0,0,0,0,0,0
3200,L52135,L,302.42,311.67,1629,36.11,113,0,0,0,0,0,0
3201,L41066,L,301.19,311.0,1493,23.11,94,0,0,0,0,0,0
3202,L93470,L,298.0,307.69,1491,30.04,236,0,0,0,0,0,0
3203,L30910,L,298.7,308.85,1360,49.25,201,0,0,0,0,0,0
3204,M17141,M,299.1,308.75,1409,36.22,173,0,0,0,0,0,0
3205,M55950,M,298.79,308.09,1525,53.39,39,0,0,0,0,0,0
3206,M65723,M,303.06,314.0,1570,20.99,53,1,0,0,1,0,0
3207,M26225,M,296.16,306.18,1663,31.48,45,0,0,0,0,0,0
3208,M97123,M,301.31,309.78,1645,31.03,163,0,0,0,0,0,0
3209,L42959,L,297.42,307.75,1815,31.49,118,0,0,0,0,0,0
3210,M59192,M,298.08,307.65,1360,29.21,40,0,0,0,0,0,0
3211,L89711,L,295.98,305.8,1493,32.8,246,0,0,0,0,0,0
3212,M20051,M,298.9,310.31,1376,49.87,229,1,1,0,0,0,0
3213,L81428,L,303.02,313.27,1765,30.28,97,0,0,0,0,0,0
3214,M13449,M,300.53,310.08,1445,29.06,66,0,0,0,0,0,0
3215,L51095,L,297.6,308.75,1743,49.97,125,1,0,0,1,0,0
3216,L87929,L,302.03,313.88,1797,32.28,22,0,0,0,0,0,0
3217,L39190,L,302.46,313.7,1609,41.06,170,0,0,0,0,0,0
3218,L36141,L,300.21,308.45,1588,42.98,60,0,0,0,0,0,0
3219,M33908,M,304.07,313.65,1542,36.5,16,0,0,0,0,0,0
3220,M42322,M,301.64,312.39,1478,31.11,220,1,1,0,0,0,0
3221,L60710,L,301.37,311.82,1456,41.3,192,0,0,0,0,0,0
3222,L24012,L,298.39,308.77,1508,31.33,2,0,0,0,0,0,0
3223,L44889,L,301.25,310.97,1863,33.6,77,0,0,0,0,0,0
3224,L27412,L,300.43,309.73,1347,40.78,202,0,0,0,0,0,0
3225,L34657,L,301.04,313.75,1572,45.83,29,0,0,0,0,0,0
3226,M15656,M,298.63,309.36,1663,24.62,20,0,0,0,0,0,0
3227,L18967,L,300.26,311.6,1484,45.55,143,0,0,0,0,0,0
3228,L94958,L,298.37,309.07,1610,41.05,237,0,0,0,0,0,0
3229,L25764,L,295.71,306.45,1264,42.61,61,0,0,0,0,0,0
3230,L25873,L,302.0,312.63,1774,38.2,59,0,0,0,0,0,0
3231,L61030,L,297.0,306.57,1739,36.41,114,0,0,0,0,0,0
3232,M77807,M,300.21,309.4,1517,44.06,136,0,0,0,0,0,0
3233,L11607,L,300.67,311.75,1377,47.9,246,1,0,0,0,1,0
3234,L29523,L,300.65,311.54,1678,34.58,65,0,0,0,0,0,0
3235,L58447,L,299.43,311.07,1328,36.7,153,0,0,0,0,0,0
3236,L59757,L,300.54,311.98,1354,35.88,105,0,0,0,0,0,0
3237,L79201,L,300.94,310.83,1525,35.55,66,0,0,0,0,0,0
3238,H91844,H,301.47,313.3,1808,38.36,14,0,0,0,0,0,0
3239,M81388,M,303.47,314.0,1650,40.21,11,0,0,0,0,0,0
3240,L15462,L,300.47,311.86,1419,50.55,18,0,0,0,0,0,0
3241,L41795,L,300.13,313.08,1232,59.36,232,1,0,0,0,1,0
3242,L79806,L,298.19,310.93,1542,35.13,13,0,0,0,0,0,0
3243,L58465,L,300.87,312.26,1580,54.05,142,0,0,0,0,0,0
3244,M71109,M,301.33,312.6,1522,36.67,86,0,0,0,0,0,0
3245,M60528,M,299.62,311.4,1860,27.0,10,0,0,0,0,0,0
3246,L46230,L,301.09,311.21,1511,41.07,62,0,0,0,0,0,0
3247,L58242,L,299.41,309.55,1168,54.99,42,0,0,0,0,0,0
3248,L75883,L,301.34,312.72,1462,31.93,194,0,0,0,0,0,0
3249,M11783,M,301.83,311.67,1617,34.03,170,0,0,0,0,0,0
3250,M38390,M,301.8,313.09,1605,31.72,128,0,0,0,0,0,0
3251,L18417,L,300.24,311.09,1503,39.46,250,0,0,0,0,0,0
3252,L82102,L,297.92,307.76,1473,46.62,131,0,0,0,0,0,0
3253,M27426,M,298.78,309.5,1175,45.52,84,0,0,0,0,0,0
3254,L40750,L,301.19,313.2,1550,42.25,24,0,0,0,0,0,0
3255,L68188,L,304.5,314.0,1474,25.37,83,0,0,0,0,0,0
3256,L20872,L,299.32,310.11,1580,44.33,73,0,0,0,0,0,0
3257,M58086,M,300.91,311.94,1623,31.29,209,0,0,0,0,0,0
3258,L76770,L,298.89,310.05,1758,28.75,224,0,0,0,0,0,0
3259,L93514,L,298.05,308.42,1363,46.24,52,0,0,0,0,0,0
3260,M98177,M,298.65,309.7,1302,48.99,162,0,0,0,0,0,0
3261,L44720,L,295.84,305.49,1432,38.9,152,0,0,0,0,0,0
3262,L28079,L,302.71,312.61,1403,31.77,130,0,0,0,0,0,0
3263,L27338,L,295.54,305.57,1386,36.37,178,0,0,0,0,0,0
3264,L13291,L,299.47,310.64,1795,32.68,177,0,0,0,0,0,0
3265,M84084,M,297.64,308.5,1562,41.18,12,0,0,0,0,0,0
3266,L59393,L,298.23,308.8,1890,24.08,34,0,0,0,0,0,0
3267,L79770,L,302.75,314.0,1534,31.36,216,0,0,0,0,0,0
3268,L36720,L,300.4,311.48,1324,46.12,182,0,0,0,0,0,0
3269,M23368,M,298.07,308.48,1390,40.38,145,0,0,0,0,0,0
3270,M64313,M,298.82,308.49,1719,34.54,178,0,0,0,0,0,0
3271,L57969,L,298.47,308.35,1331,14.91,29,1,0,0,1,0,0
3272,L58838,L,299.91,309.15,1635,32.45,39,0,0,0,0,0,0
3273,M18734,M,300.35,311.19,1471,47.27,109,0,0,0,0,0,0
3274,L22197,L,303.79,313.63,1368,35.44,29,0,0,0,0,0,0
3275,M78895,M,296.17,306.37,1785,36.01,185,0,0,0,0,0,0
3276,M66831,M,299.93,310.5,1429,27.98,87,0,0,0,0,0,0
3277,M68073,M,299.37,311.11,1386,25.19,89,0,0,0,0,0,0
3278,L82925,L,301.89,313.52,1521,41.61,64,0,0,0,0,0,0
3279,L90488,L,300.71,311.35,1444,39.15,96,0,0,0,0,0,0
3280,M94475,M,301.18,313.15,1934,27.14,71,0,0,0,0,0,0
3281,L60302,L,300.69,309.38,1726,40.22,11,0,0,0,0,0,0
3282,L25624,L,298.14,310.71,1429,36.98,135,0,0,0,0,0,0
3283,M77271,M,302.42,313.82,1449,33.28,202,1,1,0,0,0,0
3284,M34315,M,301.6,312.4,1171,39.85,77,0,0,0,0,0,0
3285,L27422,L,301.83,311.64,1560,27.99,17,0,0,0,0,0,0
3286,L49137,L,302.53,312.79,1401,45.68,235,0,0,0,0,0,0
3287,L82663,L,300.84,312.14,1551,34.06,103,0,0,0,0,0,0
3288,M58232,M,302.96,314.0,1181,62.37,64,0,0,0,0,0,0
3289,H88142,H,300.76,312.12,1530,9.81,212,1,0,0,1,0,0
3290,L42743,L,299.56,309.53,1841,38.31,137,0,0,0,0,0,0
3291,L25636,L,299.99,309.76,1545,40.43,36,0,0,0,0,0,0
3292,M20108,M,299.95,310.85,1396,40.12,28,0,0,0,0,0,0
3293,L83634,L,298.96,310.43,1531,25.34,173,0,0,0,0,0,0
3294,L46180,L,303.26,313.97,1523,22.0,103,0,0,0,0,0,0
3295,H28883,H,300.59,312.77,1930,35.27,215,1,1,0,0,0,0
3296,L54400,L,300.19,310.92,1475,41.19,121,0,0,0,0,0,0
3297,M55999,M,300.78,311.48,1318,45.88,43,0,0,0,0,0,0
3298,L57951,L,304.5,314.0,1539,36.28,163,0,0,0,0,0,0
3299,L17160,L,297.74,309.66,1570,44.24,17,0,0,0,0,0,0
3300,M65262,M,298.31,307.66,1636,29.89,78,0,0,0,0,0,0
3301,L29929,L,297.24,306.82,1671,31.4,159,0,0,0,0,0,0
3302,H93133,H,299.53,309.92,1887,29.02,229,0,0,0,0,0,0
3303,L21123,L,300.49,314.0,1428,37.99,234,0,0,0,0,0,0
3304,L38357,L,299.07,309.51,1411,54.16,108,0,0,0,0,0,0
3305,L80496,L,298.92,309.5,1201,32.74,19,0,0,0,0,0,0
3306,L43556,L,300.28,311.6,1654,17.71,33,1,0,0,1,0,0
3307,L93791,L,299.0,310.67,1375,26.52,72,0,0,0,0,0,0
3308,L71934,L,300.62,311.49,1696,39.57,168,0,0,0,0,0,0
3309,L88886,L,302.23,314.0,1447,38.61,246,0,0,0,0,0,0
3310,L40881,L,301.35,310.86,1846,18.64,97,0,0,0,0,0,0
3311,M28409,M,301.76,311.7,1277,45.99,162,0,0,0,0,0,0
3312,M65416,M,302.17,314.0,1719,30.63,184,0,0,0,0,0,0
3313,M77982,M,300.57,311.28,1698,38.47,119,0,0,0,0,0,0
3314,L40657,L,299.68,309.12,1630,42.14,26,0,0,0,0,0,0
3315,L96743,L,298.46,307.83,1334,69.99,233,1,0,0,1,1,0
3316,M58951,M,299.22,309.11,1631,24.75,17,0,0,0,0,0,0
3317,L18752,L,298.95,309.65,1558,19.65,148,1,0,0,1,0,0
3318,L23440,L,301.46,312.63,1206,54.53,145,0,0,0,0,0,0
3319,M54864,M,300.69,311.06,1815,39.34,154,0,0,0,0,0,0
3320,M59691,M,301.39,312.48,1473,26.5,222,1,1,0,0,0,0
3321,L82035,L,297.68,307.94,1802,21.67,155,0,0,0,0,0,0
3322,L96675,L,302.86,314.0,1523,40.86,96,0,0,0,0,0,0
3323,M90303,M,299.15,312.4,1712,47.82,248,0,0,0,0,0,0
3324,L32343,L,297.8,308.11,1380,32.41,142,0,0,0,0,0,0
3325,M29673,M,299.12,310.3,1574,37.2,172,0,0,0,0,0,0
3326,M69954,M,304.5,314.0,1561,19.28,46,1,0,0,1,0,0
3327,M64698,M,299.22,310.06,1477,36.87,118,0,0,0,0,0,0
3328,L36520,L,299.35,310.7,1379,40.38,35,0,0,0,0,0,0
3329,L25784,L,299.62,310.79,1168,67.05,18,0,0,0,0,0,0
3330,M48079,M,299.7,309.93,1383,34.12,98,0,0,0,0,0,0
3331,M54220,M,298.44,310.45,1661,40.41,223,0,0,0,0,0,0
3332,M30491,M,300.29,311.19,1284,36.02,44,0,0,0,0,0,0
3333,L58720,L,302.15,312.47,1321,44.35,102,0,0,0,0,0,0
3334,L24718,L,300.63,313.77,1277,68.18,249,1,0,0,1,1,0
3335,M45597,M,297.78,308.36,1573,52.77,251,1,0,0,0,1,0
3336,M71217,M,299.31,310.27,1374,62.13,56,0,0,0,0,0,0
3337,H36832,H,298.9,309.77,1755,35.9,75,0,0,0,0,0,0
3338,M64818,M,300.11,310.68,1667,32.56,118,0,0,0,0,0,0
3339,L22864,L,302.66,313.81,1571,39.07,156,0,0,0,0,0,0
3340,M98378,M,299.7,309.56,1590,40.24,225,0,0,0,0,0,0
3341,M18177,M,299.82,311.12,1398,44.98,15,0,0,0,0,0,0
3342,L56115,L,303.56,312.5,1398,33.7,149,0,0,0,0,0,0
3343,M66210,M,301.75,311.15,1663,27.98,71,0,0,0,0,0,0
3344,L61954,L,301.15,313.67,1699,28.69,54,0,0,0,0,0,0
3345,L21844,L,303.92,313.36,1661,43.71,139,0,0,0,0,0,0
3346,M84130,M,300.98,309.72,1450,51.15,225,1,1,0,0,0,0
3347,L23418,L,296.03,305.5,1465,70.26,143,1,0,0,1,0,0
3348,L44854,L,301.67,314.0,1367,46.36,54,0,0,0,0,0,0
3349,L98644,L,296.82,305.72,1673,27.49,46,0,0,0,0,0,0
3350,L85955,L,300.9,310.65,1182,42.67,251,0,0,0,0,0,0
3351,L98075,L,296.57,305.81,1168,47.12,72,0,0,0,0,0,0
3352,L53950,L,299.07,309.49,1174,67.17,26,0,0,0,0,0,0
3353,H75227,H,299.27,309.54,1168,58.04,251,1,0,0,0,1,0
3354,L22835,L,298.46,308.68,1779,21.36,110,0,0,0,0,0,0
3355,L27533,L,299.3,311.86,1677,33.69,98,0,0,0,0,0,0
3356,L97858,L,302.07,311.57,1319,27.45,138,0,0,0,0,0,0
3357,M20223,M,298.57,309.17,1516,43.39,210,1,1,0,0,0,0
3358,L20273,L,301.09,312.13,1799,26.22,94,0,0,0,0,0,0
3359,M43519,M,298.07,307.79,1625,29.87,142,0,0,0,0,0,0
3360,M34160,M,299.62,310.81,1916,15.86,180,1,0,0,1,0,0
3361,M84385,M,300.65,310.95,1514,44.99,120,0,0,0,0,0,0
3362,L58988,L,298.01,309.08,1417,52.65,90,0,0,0,0,0,0
3363,M20348,M,297.38,307.97,1340,35.34,32,0,0,0,0,0,0
3364,L93460,L,300.98,309.63,1539,35.72,198,0,0,0,0,0,0
3365,H77519,H,302.25,314.0,1703,29.6,214,1,1,0,0,0,0
3366,M24629,M,299.84,312.61,1553,34.88,99,0,0,0,0,0,0
3367,L59056,L,299.09,309.61,1471,30.98,21,0,0,0,0,0,0
3368,L21273,L,300.31,310.11,1761,23.58,64,0,0,0,0,0,0
3369,L50416,L,300.11,312.32,1630,47.17,57,0,0,0,0,0,0
3370,M17894,M,300.49,313.08,1515,12.86,26,1,0,0,1,0,0
3371,L56073,L,295.0,305.53,1397,46.18,115,0,0,0,0,0,0
3372,L55693,L,297.86,308.34,1489,41.2,202,0,0,0,0,0,0
3373,L61466,L,298.31,308.93,1620,49.99,242,1,0,0,0,1,0
3374,M34343,M,300.3,309.33,1395,38.66,139,0,0,0,0,0,0
3375,M53095,M,300.37,310.78,1313,39.59,187,1,0,0,0,0,1
3376,M41174,M,301.27,313.69,1449,31.56,212,0,0,0,0,0,0
3377,M60801,M,300.52,311.05,1526,40.88,71,0,0,0,0,0,0
3378,L82436,L,297.4,307.06,1780,26.48,204,1,1,0,0,0,0
3379,L79336,L,302.89,314.0,1326,31.01,228,0,0,0,0,0,0
3380,M52926,M,302.54,312.58,1576,29.66,32,0,0,0,0,0,0
3381,L82590,L,297.48,308.12,1485,29.45,113,0,0,0,0,0,0
3382,L48827,L,300.67,310.1,1494,28.71,193,0,0,0,0,0,0
3383,L54775,L,298.81,308.47,1812,32.29,136,0,0,0,0,0,0
3384,L51201,L,300.28,311.72,1550,35.18,204,0,0,0,0,0,0
3385,L39373,L,302.11,312.92,1371,47.55,25,0,0,0,0,0,0
3386,M37525,M,304.26,314.0,1695,35.05,172,0,0,0,0,0,0
3387,L82651,L,301.5,312.32,1682,23.83,54,0,0,0,0,0,0
3388,L40486,L,300.59,310.68,1355,19.85,110,1,0,0,1,0,0
3389,L88604,L,299.32,309.24,1320,31.94,179,0,0,0,0,0,0
3390,M28640,M,300.36,312.23,1609,42.41,136,0,0,0,0,0,0
3391,L71455,L,302.72,314.0,1529,44.41,252,1,0,0,0,1,0
3392,M46136,M,299.91,310.59,1450,49.23,206,1,1,0,0,0,0
3393,M72425,M,298.23,309.07,1725,40.17,248,0,0,0,0,0,0
3394,L66539,L,296.76,307.45,1428,51.01,134,0,0,0,0,0,0
3395,H91664,H,301.03,312.21,1611,39.18,234,0,0,0,0,0,0
3396,H34942,H,300.49,310.4,1746,47.59,56,0,0,0,0,0,0
3397,M78363,M,298.71,310.27,1474,41.73,184,0,0,0,0,0,0
3398,M68596,M,302.05,313.11,1206,71.27,118,0,0,0,0,0,0
3399,L91526,L,299.16,309.59,1462,33.04,164,0,0,0,0,0,0
3400,L45255,L,299.73,309.94,1569,30.56,72,0,0,0,0,0,0
3401,L72129,L,299.97,311.51,1716,31.79,77,0,0,0,0,0,0
3402,L95523,L,299.3,309.85,1441,39.38,157,0,0,0,0,0,0
3403,H72286,H,300.47,310.47,1845,28.56,50,0,0,0,0,0,0
3404,L96437,L,302.3,312.62,1301,49.97,46,0,0,0,0,0,0
3405,M26277,M,297.72,309.18,1565,35.68,111,0,0,0,0,0,0
3406,M11643,M,300.98,310.07,1492,32.57,83,0,0,0,0,0,0
3407,M33729,M,300.34,310.69,1777,29.04,238,0,0,0,0,0,0
3408,H96623,H,300.31,312.08,1270,58.86,181,0,0,0,0,0,0
3409,L31818,L,301.74,312.28,1612,38.37,150,0,0,0,0,0,0
3410,L75555,L,300.1,311.07,1491,22.32,206,1,0,0,1,0,0
3411,L63629,L,300.96,312.75,1810,43.6,185,0,0,0,0,0,0
3412,L65438,L,301.43,313.02,1386,45.82,55,0,0,0,0,0,0
3413,L19457,L,298.99,309.25,1610,41.28,30,0,0,0,0,0,0
3414,L69629,L,300.6,311.17,1384,51.01,67,0,0,0,0,0,0
3415,M43922,M,299.5,311.1,1569,45.48,216,0,0,0,0,0,0
3416,L19820,L,299.73,311.37,1469,30.05,189,0,0,0,0,0,0
3417,L42750,L,299.36,309.97,1466,28.63,114,0,0,0,0,0,0
3418,M47790,M,300.94,311.59,1177,76.6,210,1,0,0,1,1,0
3419,L98405,L,300.16,311.13,1610,29.38,59,0,0,0,0,0,0
3420,L44421,L,300.79,312.86,1340,46.8,164,0,0,0,0,0,0
3421,M78038,M,299.96,311.73,1334,60.47,33,0,0,0,0,0,0
3422,M92201,M,296.79,308.19,1255,40.59,0,0,0,0,0,0,0
3423,M72325,M,300.06,309.68,1345,38.77,40,0,0,0,0,0,0
3424,L35600,L,300.13,310.55,1625,43.42,222,0,0,0,0,0,0
3425,M39394,M,300.49,310.96,1616,37.34,103,0,0,0,0,0,0
3426,M89622,M,298.81,310.93,1654,38.92,171,0,0,0,0,0,0
3427,L46171,L,297.61,308.07,1350,41.58,34,0,0,0,0,0,0
3428,M71526,M,301.25,313.2,1574,31.62,154,0,0,0,0,0,0
3429,M23149,M,299.45,309.58,1424,36.88,148,0,0,0,0,0,0
3430,L40394,L,300.34,310.55,1707,43.59,199,0,0,0,0,0,0
3431,L24396,L,299.44,310.62,1612,32.92,81,0,0,0,0,0,0
3432,H33324,H,299.99,312.26,1417,44.77,22,0,0,0,0,0,0
3433,M57198,M,299.1,309.59,1722,25.21,40,0,0,0,0,0,0
3434,L92705,L,298.06,306.2,1626,53.2,227,1,0,0,1,1,0
3435,M41016,M,300.95,310.08,1285,48.13,254,1,0,0,0,1,0
3436,L13194,L,298.79,309.79,1234,50.37,220,1,1,0,0,1,0
3437,L42398,L,300.33,309.55,1292,54.6,207,1,1,0,0,1,0
3438,L14789,L,300.82,310.66,1832,27.52,177,0,0,0,0,0,0
3439,H95695,H,298.83,309.54,1352,55.02,248,1,0,0,0,1,0
3440,H74967,H,297.59,305.84,1873,19.0,201,1,1,0,0,0,0
3441,L71134,L,304.5,314.0,1343,36.11,208,0,0,0,0,0,0
3442,L80886,L,298.94,308.48,1324,34.61,21,0,0,0,0,0,0
3443,L34977,L,301.25,310.45,1693,17.93,39,1,0,0,1,0,0
3444,H10129,H,303.88,313.78,1702,29.22,129,0,0,0,0,0,0
3445,H69683,H,301.58,311.21,1635,34.59,41,0,0,0,0,0,0
3446,M55331,M,299.4,310.57,1657,25.16,157,0,0,0,0,0,0
3447,M44626,M,299.87,311.76,1391,28.49,171,0,0,0,0,0,0
3448,M58503,M,298.33,308.67,1685,34.35,230,0,0,0,0,0,0
3449,L37549,L,301.76,311.87,1578,35.58,230,0,0,0,0,0,0
3450,L22342,L,301.13,311.42,1469,36.41,236,1,1,0,0,0,0
3451,L46417,L,298.97,308.56,1552,25.23,82,0,0,0,0,0,0
3452,M86514,M,297.92,307.33,1726,29.92,9,0,0,0,0,0,0
3453,M62249,M,297.36,306.41,1606,29.74,83,0,0,0,0,0,0
3454,L62664,L,301.97,311.34,1168,50.11,190,0,0,0,0,0,0
3455,H18833,H,300.24,312.57,1695,29.07,151,0,0,0,0,0,0
3456,L70658,L,300.43,310.44,1682,33.74,133,0,0,0,0,0,0
3457,L39473,L,298.35,306.11,1467,26.26,122,0,0,0,0,0,0
3458,M10737,M,297.07,307.19,1556,23.96,44,0,0,0,0,0,0
3459,M56647,M,301.93,311.03,1555,41.97,124,0,0,0,0,0,0
3460,M74054,M,300.08,310.84,1179,57.91,145,0,0,0,0,0,0
3461,L11299,L,301.81,312.47,1463,35.33,143,0,0,0,0,0,0
3462,L73281,L,299.23,309.98,1470,39.25,245,0,0,0,0,0,0
3463,M75875,M,299.53,310.19,1506,33.76,102,0,0,0,0,0,0
3464,L42920,L,301.43,311.75,1440,50.69,103,0,0,0,0,0,0
3465,L64836,L,301.46,310.71,1654,32.88,39,0,0,0,0,0,0
3466,M52381,M,301.6,312.22,1389,36.1,143,0,0,0,0,0,0
3467,L94971,L,299.41,311.13,1699,41.87,103,0,0,0,0,0,0
3468,M66298,M,301.23,313.74,1646,28.08,78,0,0,0,0,0,0
3469,M34509,M,302.22,312.68,1780,33.45,127,0,0,0,0,0,0
3470,L52095,L,299.79,310.36,1847,22.89,103,0,0,0,0,0,0
3471,L61524,L,298.97,310.17,1848,36.15,197,0,0,0,0,0,0
3472,M76909,M,302.69,314.0,1322,52.19,224,0,0,0,0,0,0
3473,M82618,M,298.69,308.9,1597,24.32,239,0,0,0,0,0,0
3474,M35532,M,301.26,312.65,1406,26.04,140,0,0,0,0,0,0
3475,M70285,M,299.88,309.76,2125,28.9,195,0,0,0,0,0,0
3476,M28866,M,296.32,307.35,1646,51.71,223,0,0,0,0,0,0
3477,H17593,H,302.26,313.93,1790,39.08,49,0,0,0,0,0,0
3478,L19495,L,295.0,305.0,1613,33.63,156,0,0,0,0,0,0
3479,L17837,L,296.03,306.21,1168,38.58,185,0,0,0,0,0,0
3480,L86708,L,301.05,312.71,1394,28.61,134,0,0,0,0,0,0
3481,L28680,L,301.05,312.37,1412,47.87,224,0,0,0,0,0,0
3482,L65476,L,298.72,310.46,1465,48.14,4,0,0,0,0,0,0
3483,L40346,L,300.3,311.84,1600,30.16,249,0,0,0,0,0,0
3484,H33412,H,295.0,305.36,1625,33.08,167,0,0,0,0,0,0
3485,L98399,L,301.41,314.0,1168,49.63,3,0,0,0,0,0,0
3486,L40804,L,300.5,311.34,1492,55.79,6,0,0,0,0,0,0
3487,L75206,L,299.91,307.55,1448,40.23,207,1,1,0,0,0,0
3488,L20934,L,300.04,310.46,1784,24.25,36,0,0,0,0,0,0
3489,L40723,L,300.99,311.22,1642,24.81,112,0,0,0,0,0,0
3490,L30405,L,299.94,311.44,1502,29.46,74,0,0,0,0,0,0
3491,L28748,L,296.25,306.5,1575,47.87,186,0,0,0,0,0,0
3492,M80766,M,304.39,314.0,1231,52.5,49,0,0,0,0,0,0
3493,M56413,M,302.4,313.66,1654,31.65,68,0,0,0,0,0,0
3494,M32354,M,297.43,307.13,1464,10.52,156,1,0,0,1,0,0
3495,M84490,M,299.31,309.87,1390,32.44,182,0,0,0,0,0,0
3496,L98675,L,299.53,309.45,1772,35.12,118,0,0,0,0,0,0
3497,M27388,M,302.16,313.04,1584,39.35,88,0,0,0,0,0,0
3498,M46523,M,295.68,305.6,1415,43.96,194,0,0,0,0,0,0
3499,L67693,L,299.0,309.78,1426,26.64,223,0,0,0,0,0,0
3500,M45732,M,296.48,306.91,1601,37.37,29,0,0,0,0,0,0
3501,L51646,L,299.43,309.98,1587,27.3,147,0,0,0,0,0,0
3502,M31021,M,299.05,311.81,1540,37.22,221,0,0,0,0,0,0
3503,H62776,H,300.16,310.5,1318,35.12,66,0,0,0,0,0,0
3504,L29116,L,298.79,307.56,1345,54.0,60,1,0,1,0,0,0
3505,M82009,M,298.5,310.21,1400,44.37,43,0,0,0,0,0,0
3506,M98271,M,301.24,312.95,1500,36.84,55,0,0,0,0,0,0
3507,H86620,H,300.91,309.63,1528,50.45,78,0,0,0,0,0,0
3508,L54771,L,301.1,311.1,1506,34.5,187,0,0,0,0,0,0
3509,M38756,M,299.65,310.78,1514,24.45,168,0,0,0,0,0,0
3510,L92604,L,298.86,310.08,1874,38.65,77,0,0,0,0,0,0
3511,L12919,L,299.76,310.46,1688,36.09,39,0,0,0,0,0,0
3512,L33550,L,301.0,311.72,1749,30.15,49,0,0,0,0,0,0
3513,H46524,H,295.65,305.41,1619,29.7,137,0,0,0,0,0,0
3514,M64606,M,300.79,309.09,1548,41.74,16,0,0,0,0,0,0
3515,M78819,M,300.62,313.37,1609,42.86,14,0,0,0,0,0,0
3516,H80227,H,300.12,309.86,1576,29.39,92,0,0,0,0,0,0
3517,L33212,L,299.7,310.58,1680,38.91,180,0,0,0,0,0,0
3518,L50118,L,295.0,305.54,1359,44.79,225,0,0,0,0,0,0
3519,L38602,L,299.12,310.72,1665,27.27,226,0,0,0,0,0,0
3520,L27540,L,303.58,314.0,1565,36.64,200,0,0,0,0,0,0
3521,L45829,L,300.03,310.88,1210,40.89,50,0,0,0,0,0,0
3522,L66309,L,299.39,307.45,1550,48.41,208,0,0,0,0,0,0
3523,L75403,L,300.03,309.9,1300,36.93,120,0,0,0,0,0,0
3524,L81455,L,300.71,312.15,1439,54.85,65,0,0,0,0,0,0
3525,L32277,L,301.32,312.67,1506,39.29,25,0,0,0,0,0,0
3526,L69673,L,299.54,309.29,1264,25.55,37,1,0,0,1,0,0
3527,H27676,H,300.85,309.97,1525,17.16,234,1,0,0,1,0,0
3528,M52844,M,303.35,314.0,1547,35.1,124,0,0,0,0,0,0
3529,H74708,H,302.01,309.81,1671,45.72,91,0,0,0,0,0,0
3530,L19752,L,304.5,314.0,1453,51.55,29,0,0,0,0,0,0
3531,L91548,L,298.69,311.15,1584,37.67,234,0,0,0,0,0,0
3532,M84711,M,303.35,314.0,1518,30.79,54,0,0,0,0,0,0
3533,L50670,L,298.42,309.61,1460,35.16,136,0,0,0,0,0,0
3534,L77603,L,300.71,311.71,1234,48.83,251,1,0,0,0,1,0
3535,L41478,L,301.46,310.21,1515,48.1,219,0,0,0,0,0,0
3536,L36439,L,298.98,308.94,1669,39.21,15,0,0,0,0,0,0
3537,L44747,L,300.18,310.58,1367,52.06,23,0,0,0,0,0,0
3538,L39810,L,301.82,311.8,1496,44.47,213,0,0,0,0,0,0
3539,M28302,M,298.58,308.93,1522,46.47,19,0,0,0,0,0,0
3540,L76236,L,303.34,314.0,1733,14.37,61,1,0,0,1,0,0
3541,L74467,L,297.23,307.39,1540,28.9,51,0,0,0,0,0,0
3542,M44841,M,303.88,314.0,1587,26.13,125,0,0,0,0,0,0
3543,L54713,L,302.0,313.44,1533,26.16,77,0,0,0,0,0,0
3544,L59546,L,299.82,309.1,1446,39.67,51,0,0,0,0,0,0
3545,M13048,M,299.19,309.05,1331,27.48,42,0,0,0,0,0,0
3546,L43290,L,298.99,308.95,1484,29.51,95,0,0,0,0,0,0
3547,L68906,L,299.73,310.48,1606,34.8,137,0,0,0,0,0,0
3548,L86637,L,299.9,310.26,1557,22.04,65,0,0,0,0,0,0
3549,L39778,L,302.51,312.9,1801,27.94,70,0,0,0,0,0,0
3550,L37425,L,303.94,313.97,1705,38.97,192,0,0,0,0,0,0
3551,M93388,M,300.4,310.03,1758,22.6,100,0,0,0,0,0,0
3552,L68176,L,298.31,309.62,1169,58.76,14,0,0,0,0,0,0
3553,L22674,L,298.91,309.27,1819,25.15,74,0,0,0,0,0,0
3554,L72402,L,299.63,310.95,1583,38.65,83,0,0,0,0,0,0
3555,L98731,L,297.94,307.53,1609,25.77,49,0,0,0,0,0,0
3556,M99907,M,297.64,307.68,1696,37.61,40,0,0,0,0,0,0
3557,L43053,L,304.19,314.0,1539,34.41,59,0,0,0,0,0,0
3558,L21957,L,300.61,311.18,1342,47.66,32,0,0,0,0,0,0
3559,L82644,L,298.33,309.79,1796,27.56,51,0,0,0,0,0,0
3560,L63616,L,301.63,311.9,1397,46.72,165,0,0,0,0,0,0
3561,L27829,L,297.64,309.09,1358,51.14,211,1,1,0,0,0,0
3562,M15837,M,297.81,308.88,1493,39.53,121,0,0,0,0,0,0
3563,L74141,L,298.39,308.99,1466,34.41,191,0,0,0,0,0,0
3564,L25032,L,303.31,313.06,1536,35.13,137,0,0,0,0,0,0
3565,L36352,L,299.49,310.95,1517,25.83,95,0,0,0,0,0,0
3566,M40215,M,295.12,305.0,1777,33.87,99,0,0,0,0,0,0
3567,L66319,L,302.42,313.1,1618,40.93,177,0,0,0,0,0,0
3568,M84642,M,299.39,310.03,1381,57.75,190,0,0,0,0,0,0
3569,M51247,M,296.3,306.79,1405,54.11,58,0,0,0,0,0,0
3570,M53048,M,299.37,309.68,1465,29.55,139,0,0,0,0,0,0
3571,L85532,L,301.04,310.92,1466,41.16,57,0,0,0,0,0,0
3572,L76714,L,300.81,309.89,1442,38.4,216,0,0,0,0,0,0
3573,M45319,M,303.6,314.0,1337,55.92,8,0,0,0,0,0,0
3574,H26025,H,298.29,308.5,1587,29.7,176,0,0,0,0,0,0
3575,M19780,M,300.09,310.67,1453,48.09,188,0,0,0,0,0,0
3576,L32706,L,298.6,309.17,1364,31.65,80,0,0,0,0,0,0
3577,L52916,L,296.92,308.71,1622,34.38,205,0,0,0,0,0,0
3578,L85503,L,301.77,314.0,1688,26.44,215,0,0,0,0,0,0
3579,M40856,M,300.93,311.79,1491,19.55,104,1,0,0,1,0,0
3580,L19179,L,300.57,311.11,1856,23.89,250,0,0,0,0,0,0
3581,L48623,L,300.85,310.43,1934,27.72,50,0,0,0,0,0,0
3582,M27587,M,298.63,307.89,1624,47.85,172,0,0,0,0,0,0
3583,L33733,L,297.99,306.91,1451,28.76,66,0,0,0,0,0,0
3584,M98306,M,300.08,309.98,1583,30.71,113,0,0,0,0,0,0
3585,L13975,L,302.32,310.93,1315,27.89,104,1,0,1,0,0,0
3586,L88455,L,303.22,314.0,1378,53.59,79,0,0,0,0,0,0
3587,L85138,L,301.59,312.71,1232,41.15,17,0,0,0,0,0,0
3588,M55463,M,300.06,310.51,1422,36.89,230,0,0,0,0,0,0
3589,L52154,L,300.54,312.35,1313,39.84,188,0,0,0,0,0,0
3590,L85676,L,300.02,309.65,1647,17.82,177,1,0,0,1,0,0
3591,H96706,H,297.95,307.83,1400,25.92,141,0,0,0,0,0,0
3592,L38830,L,300.05,308.82,1585,27.55,137,0,0,0,0,0,0
3593,L82126,L,297.33,308.8,1670,39.6,201,0,0,0,0,0,0
3594,L56745,L,299.75,309.64,1746,12.31,133,1,0,0,1,0,0
3595,L40609,L,303.27,313.99,1471,44.21,2,0,0,0,0,0,0
3596,M27401,M,301.65,313.35,1591,39.1,112,0,0,0,0,0,0
3597,L37729,L,298.15,310.22,1597,19.6,85,1,0,0,1,0,0
3598,L55167,L,299.86,310.53,1764,29.91,129,0,0,0,0,0,0
3599,L67391,L,298.33,309.42,1676,44.13,230,0,0,0,0,0,0
3600,M68171,M,299.87,309.67,1770,23.71,75,0,0,0,0,0,0
3601,L98096,L,302.08,314.0,1235,39.98,120,0,0,0,0,0,0
3602,L16647,L,301.31,311.84,1415,68.42,128,1,0,0,1,0,0
3603,L31106,L,304.5,314.0,1721,36.01,179,0,0,0,0,0,0
3604,L16015,L,302.38,312.68,1640,32.69,100,0,0,0,0,0,0
3605,L31506,L,300.41,312.31,1512,33.36,140,0,0,0,0,0,0
3606,L34067,L,301.35,312.25,1450,43.21,31,0,0,0,0,0,0
3607,M12056,M,299.6,311.06,1677,40.02,152,0,0,0,0,0,0
3608,L39328,L,297.74,308.8,1179,22.41,242,1,0,0,1,0,0
3609,H87712,H,302.61,313.09,1678,15.08,165,1,0,0,1,0,0
3610,H62832,H,302.02,313.65,1551,27.72,132,0,0,0,0,0,0
3611,L52771,L,299.52,310.56,1447,38.07,100,0,0,0,0,0,0
3612,L96805,L,300.55,310.29,1625,35.92,145,0,0,0,0,0,0
3613,L56515,L,302.48,312.19,1466,22.45,137,1,0,0,1,0,0
3614,M74538,M,301.69,312.54,1540,35.3,180,0,0,0,0,0,0
3615,L78650,L,297.07,308.68,1527,36.86,210,0,0,0,0,0,0
3616,L88978,L,300.49,312.83,1669,27.04,161,0,0,0,0,0,0
3617,L50151,L,299.66,308.59,1564,31.75,29,0,0,0,0,0,0
3618,M11629,M,302.23,312.95,1191,39.36,159,0,0,0,0,0,0
3619,M93463,M,302.06,313.25,1284,49.79,138,0,0,0,0,0,0
3620,L99432,L,302.64,313.63,1340,42.84,85,0,0,0,0,0,0
3621,M38155,M,297.76,309.47,1617,25.31,157,0,0,0,0,0,0
3622,L28288,L,298.43,309.79,1635,43.4,0,0,0,0,0,0,0
3623,L60588,L,302.23,311.94,1836,20.54,5,0,0,0,0,0,0
3624,M96951,M,298.82,308.5,1352,24.22,77,1,0,0,1,0,0
3625,L46085,L,296.96,307.97,1771,30.38,183,0,0,0,0,0,0
3626,L21251,L,301.07,312.76,1186,45.28,194,0,0,0,0,0,0
3627,L35574,L,298.91,309.75,1538,37.93,57,0,0,0,0,0,0
3628,M19623,M,303.58,312.7,1579,25.57,230,1,1,0,0,0,0
3629,M96472,M,300.59,310.25,1578,44.4,206,0,0,0,0,0,0
3630,M64715,M,300.32,311.71,1479,55.34,94,0,0,0,0,0,0
3631,M16123,M,299.26,309.61,1556,36.62,253,0,0,0,0,0,0
3632,L13061,L,303.18,314.0,1313,47.1,123,0,0,0,0,0,0
3633,L49095,L,300.72,312.48,1691,15.97,146,1,0,0,1,0,0
3634,L69618,L,299.18,308.68,1580,32.32,188,0,0,0,0,0,0
3635,L38451,L,298.41,308.7,1600,29.58,61,0,0,0,0,0,0
3636,L91897,L,299.85,310.03,1485,30.31,213,1,1,0,0,0,0
3637,H91443,H,298.04,309.1,1476,32.44,70,0,0,0,0,0,0
3638,L44814,L,302.06,313.53,1629,30.26,218,1,1,0,0,0,0
3639,L95141,L,296.38,305.6,1821,20.02,162,0,0,0,0,0,0
3640,L86868,L,299.72,310.42,1284,39.18,170,0,0,0,0,0,0
3641,L47832,L,301.22,312.79,1275,33.23,4,0,0,0,0,0,0
3642,H19445,H,300.68,309.53,1583,43.33,127,0,0,0,0,0,0
3643,L43490,L,298.57,309.2,1475,42.05,45,0,0,0,0,0,0
3644,L39767,L,301.32,310.8,1557,39.84,34,0,0,0,0,0,0
3645,M56057,M,298.23,308.29,1531,46.57,99,0,0,0,0,0,0
3646,L90746,L,299.96,308.15,1647,27.6,100,0,0,0,0,0,0
3647,L99695,L,301.3,313.4,1483,41.23,123,0,0,0,0,0,0
3648,L83100,L,300.93,311.27,1318,55.12,214,1,0,0,0,1,0
3649,L51043,L,298.65,308.54,1393,31.92,163,0,0,0,0,0,0
3650,H96755,H,302.39,313.42,1506,18.74,3,1,0,0,1,0,0
3651,M37946,M,300.17,309.83,1309,36.21,188,0,0,0,0,0,0
3652,L46587,L,301.49,311.05,1528,46.45,1,0,0,0,0,0,0
3653,M13364,M,303.06,314.0,1546,28.23,100,0,0,0,0,0,0
3654,L79854,L,302.24,314.0,1471,34.43,162,0,0,0,0,0,0
3655,L66088,L,302.24,312.35,1573,29.33,45,0,0,0,0,0,0
3656,L87015,L,300.39,312.15,1244,43.85,3,0,0,0,0,0,0
3657,L17398,L,301.59,312.64,1363,31.01,250,0,0,0,0,0,0
3658,L12452,L,300.43,309.71,1329,27.12,127,0,0,0,0,0,0
3659,M97208,M,297.58,307.35,1693,30.11,187,0,0,0,0,0,0
3660,H43193,H,300.61,312.86,1950,27.39,47,0,0,0,0,0,0
3661,L89401,L,300.51,309.79,1376,53.24,119,0,0,0,0,0,0
3662,L35345,L,301.17,314.0,1493,39.02,3,0,0,0,0,0,0
3663,L95895,L,299.74,309.87,1410,28.73,197,0,0,0,0,0,0
3664,L84335,L,298.48,310.76,1575,29.73,50,0,0,0,0,0,0
3665,L69196,L,301.31,311.71,1425,47.36,16,0,0,0,0,0,0
3666,L33053,L,297.37,308.87,1586,32.3,3,0,0,0,0,0,0
3667,M93220,M,302.92,314.0,1655,25.16,85,0,0,0,0,0,0
3668,L15015,L,299.54,311.63,1315,44.48,184,0,0,0,0,0,0
3669,L18657,L,300.49,310.61,1584,29.03,212,0,0,0,0,0,0
3670,L61116,L,301.12,310.96,1212,52.92,203,0,0,0,0,0,0
3671,L31951,L,301.18,311.8,1489,41.98,134,0,0,0,0,0,0
3672,L36521,L,297.18,306.58,1477,27.67,175,0,0,0,0,0,0
3673,M64431,M,301.65,312.59,1494,55.47,91,0,0,0,0,0,0
3674,L20731,L,300.61,310.49,1479,37.55,237,0,0,0,0,0,0
3675,M28744,M,298.73,310.51,1446,13.24,76,1,0,0,1,0,0
3676,L73094,L,298.5,308.63,1487,42.19,234,0,0,0,0,0,0
3677,L28423,L,299.33,308.29,1578,12.72,234,1,0,0,1,0,0
3678,L27568,L,297.4,309.5,1583,45.61,160,0,0,0,0,0,0
3679,M57411,M,303.44,314.0,1556,37.35,231,0,0,0,0,0,0
3680,L13934,L,302.97,313.7,1432,38.56,76,0,0,0,0,0,0
3681,M86945,M,300.9,312.7,1729,32.43,195,0,0,0,0,0,0
3682,L18172,L,299.55,311.12,1810,35.63,127,0,0,0,0,0,0
3683,M37358,M,299.61,309.54,1303,37.76,183,0,0,0,0,0,0
3684,L76313,L,301.52,311.77,1565,35.75,24,0,0,0,0,0,0
3685,M29763,M,303.52,313.1,1451,39.82,242,0,0,0,0,0,0
3686,L58673,L,298.86,308.09,1702,8.7,83,1,0,0,1,0,0
3687,H95997,H,297.76,309.04,1533,42.14,101,0,0,0,0,0,0
3688,L77975,L,303.1,314.0,1545,43.38,162,0,0,0,0,0,0
3689,L17804,L,296.43,307.89,1624,38.52,72,0,0,0,0,0,0
3690,L57594,L,297.98,309.96,1481,41.54,242,0,0,0,0,0,0
3691,M88748,M,299.51,310.98,1837,42.98,93,0,0,0,0,0,0
3692,L97189,L,296.88,308.44,1627,34.08,166,0,0,0,0,0,0
3693,M97507,M,302.22,310.85,1703,32.85,22,0,0,0,0,0,0
3694,L77525,L,301.71,312.11,1495,31.26,138,0,0,0,0,0,0
3695,L83404,L,298.85,310.51,1513,18.95,78,1,0,0,1,0,0
3696,L34604,L,302.56,312.09,1681,37.26,238,0,0,0,0,0,0
3697,H32135,H,302.9,313.69,1663,29.03,116,0,0,0,0,0,0
3698,M47918,M,299.77,310.99,1310,21.76,21,1,0,0,1,0,0
3699,H60849,H,299.1,310.24,1558,35.3,80,0,0,0,0,0,0
3700,L40847,L,304.5,314.0,1620,33.7,174,0,0,0,0,0,0
3701,M53774,M,301.44,312.74,1512,34.92,11,0,0,0,0,0,0
3702,M70709,M,300.51,311.39,1603,36.19,242,0,0,0,0,0,0
3703,L20680,L,302.73,311.96,1519,22.2,162,0,0,0,0,0,0
3704,M65037,M,300.6,311.81,1168,60.18,33,0,0,0,0,0,0
3705,H68914,H,298.99,309.97,1299,47.95,128,0,0,0,0,0,0
3706,M36309,M,300.16,309.41,1710,43.19,248,0,0,0,0,0,0
3707,M20349,M,302.08,314.0,1491,32.28,159,0,0,0,0,0,0
3708,L85079,L,296.02,307.25,1569,39.67,131,0,0,0,0,0,0
3709,L70820,L,299.42,308.74,1534,19.1,151,1,0,0,1,0,0
3710,H84996,H,302.77,312.65,1386,31.84,198,0,0,0,0,0,0
3711,L44553,L,298.98,309.11,1451,25.1,252,0,0,0,0,0,0
3712,M38525,M,303.09,313.23,1594,37.51,75,0,0,0,0,0,0
3713,M15948,M,302.83,313.82,1613,24.97,149,0,0,0,0,0,0
3714,M24498,M,299.87,309.59,1929,25.82,240,1,1,0,0,0,0
3715,H28991,H,298.86,310.69,1449,38.66,162,0,0,0,0,0,0
3716,L69790,L,299.43,311.17,1836,27.37,212,0,0,0,0,0,0
3717,L17660,L,304.5,314.0,1380,26.97,156,0,0,0,0,0,0
3718,L36245,L,303.75,314.0,1623,49.08,112,0,0,0,0,0,0
3719,L10238,L,300.25,311.89,1567,36.84,144,0,0,0,0,0,0
3720,L29920,L,298.78,309.21,1512,52.76,155,0,0,0,0,0,0
3721,L56659,L,300.23,310.21,1534,26.92,233,0,0,0,0,0,0
3722,M84874,M,300.49,312.38,1423,35.63,46,0,0,0,0,0,0
3723,H52517,H,297.51,308.53,1698,33.77,168,0,0,0,0,0,0
3724,L85885,L,300.16,310.18,1383,56.41,16,0,0,0,0,0,0
3725,L56350,L,302.64,312.93,1592,50.05,3,0,0,0,0,0,0
3726,H87179,H,296.4,306.36,1671,29.84,247,0,0,0,0,0,0
3727,L38274,L,301.65,314.0,1784,25.57,40,0,0,0,0,0,0
3728,L55013,L,302.75,313.45,1710,32.75,133,0,0,0,0,0,0
3729,L49913,L,298.88,309.74,1638,44.73,206,1,1,0,0,0,0
3730,L55819,L,303.39,314.0,1420,40.86,171,0,0,0,0,0,0
3731,L92168,L,298.62,308.1,1394,43.51,151,0,0,0,0,0,0
3732,H87857,H,300.88,312.68,1330,54.99,53,0,0,0,0,0,0
3733,L74910,L,299.39,309.48,1313,53.95,199,0,0,0,0,0,0
3734,L33485,L,299.39,311.92,1535,46.51,246,1,0,0,0,1,0
3735,L12860,L,298.77,309.15,1404,47.15,104,0,0,0,0,0,0
3736,L59875,L,301.4,313.13,1751,43.79,90,0,0,0,0,0,0
3737,M24919,M,301.7,309.9,1431,27.88,126,0,0,0,0,0,0
3738,M83947,M,299.87,309.4,1552,57.68,30,1,0,0,1,0,0
3739,M19586,M,297.28,307.69,1487,48.73,8,0,0,0,0,0,0
3740,L61986,L,300.81,309.48,1282,42.89,209,1,0,1,0,0,0
3741,H99848,H,300.84,312.14,1731,42.28,52,0,0,0,0,0,0
3742,M33055,M,299.57,310.58,1660,31.51,123,0,0,0,0,0,0
3743,M44890,M,303.73,313.44,1681,38.13,1,0,0,0,0,0,0
3744,L73081,L,296.87,307.56,1642,40.06,213,0,0,0,0,0,0
3745,L38807,L,295.57,307.07,1398,49.81,147,0,0,0,0,0,0
3746,L95920,L,298.54,307.14,1402,36.18,119,0,0,0,0,0,0
3747,M57177,M,301.42,310.85,1616,43.28,105,0,0,0,0,0,0
3748,L78625,L,297.89,308.25,1813,28.12,3,0,0,0,0,0,0
3749,L24242,L,298.04,308.76,1604,42.24,229,0,0,0,0,0,0
3750,M66317,M,301.9,312.54,1711,33.33,171,0,0,0,0,0,0
3751,M49978,M,300.93,312.51,1440,21.64,61,1,0,0,1,0,0
3752,H26433,H,300.75,311.93,1733,26.98,12,0,0,0,0,0,0
3753,L43282,L,301.56,312.96,1459,47.58,112,0,0,0,0,0,0
3754,M86519,M,299.15,308.46,1578,33.55,147,0,0,0,0,0,0
3755,L53578,L,299.24,310.09,1469,50.83,179,0,0,0,0,0,0
3756,L80207,L,301.62,312.01,1695,23.55,133,0,0,0,0,0,0
3757,L34133,L,297.31,309.47,1697,39.63,142,0,0,0,0,0,0
3758,L60317,L,295.71,306.59,1269,44.61,199,0,0,0,0,0,0
3759,L75950,L,299.13,309.16,1774,30.31,252,0,0,0,0,0,0
3760,M69612,M,301.86,313.41,1963,20.59,63,0,0,0,0,0,0
3761,L74873,L,300.51,311.77,1471,40.99,253,0,0,0,0,0,0
3762,M96778,M,301.71,311.59,1512,28.33,93,0,0,0,0,0,0
3763,L72002,L,295.97,306.32,1758,27.41,163,0,0,0,0,0,0
3764,L62508,L,300.63,311.0,1547,35.73,163,0,0,0,0,0,0
3765,L48379,L,301.31,313.24,1534,33.93,130,0,0,0,0,0,0
3766,L25231,L,297.3,308.2,1876,38.38,90,0,0,0,0,0,0
3767,L97385,L,301.72,313.15,1291,15.64,221,1,0,0,1,0,0
3768,L51163,L,299.78,309.98,1393,39.3,122,0,0,0,0,0,0
3769,L41676,L,304.5,314.0,1610,32.36,220,0,0,0,0,0,0
3770,L97592,L,295.65,307.65,1243,45.98,207,0,0,0,0,0,0
3771,L95483,L,302.74,313.08,1468,33.72,39,0,0,0,0,0,0
3772,H65535,H,299.21,310.03,1466,49.08,165,0,0,0,0,0,0
3773,L56110,L,296.77,306.1,1708,31.38,211,0,0,0,0,0,0
3774,M56978,M,298.95,308.88,1660,35.67,44,0,0,0,0,0,0
3775,M82369,M,300.55,310.92,1232,56.88,189,0,0,0,0,0,0
3776,H14752,H,302.07,311.71,1410,41.16,207,1,1,0,0,0,0
3777,M34507,M,303.44,314.0,1411,27.73,212,0,0,0,0,0,0
3778,L95705,L,302.84,312.71,1496,34.21,209,1,1,0,0,0,0
3779,M51495,M,298.07,309.56,1337,41.51,104,0,0,0,0,0,0
3780,M70886,M,302.26,313.15,1616,20.86,119,0,0,0,0,0,0
3781,L80559,L,300.78,311.51,1410,33.4,94,0,0,0,0,0,0
3782,L10982,L,298.69,310.88,1641,34.32,65,0,0,0,0,0,0
3783,L89841,L,299.58,308.02,1534,56.12,23,1,0,0,1,0,0
3784,M26146,M,298.58,309.08,1360,46.04,5,0,0,0,0,0,0
3785,M64843,M,300.07,309.69,1785,33.37,125,0,0,0,0,0,0
3786,L86737,L,298.54,307.28,1790,45.53,237,0,0,0,0,0,0
3787,L92446,L,297.94,307.45,1587,41.4,80,0,0,0,0,0,0
3788,L98567,L,300.96,311.68,1492,45.4,89,0,0,0,0,0,0
3789,L33636,L,301.26,311.23,1345,38.27,238,0,0,0,0,0,0
3790,H92850,H,299.62,311.22,1728,22.67,243,0,0,0,0,0,0
3791,L37332,L,302.74,313.22,1683,36.27,228,0,0,0,0,0,0
3792,L61434,L,299.48,309.85,1388,60.06,129,0,0,0,0,0,0
3793,L93866,L,299.39,309.77,1411,55.95,25,0,0,0,0,0,0
3794,M71271,M,301.32,311.92,1617,41.25,43,0,0,0,0,0,0
3795,L72726,L,299.74,310.02,1323,35.86,228,0,0,0,0,0,0
3796,M90901,M,300.17,310.02,1422,24.67,0,0,0,0,0,0,0
3797,L20108,L,295.0,306.69,1348,33.77,129,0,0,0,0,0,0
3798,L78896,L,300.03,310.11,1353,44.64,224,1,1,0,0,0,0
3799,L52553,L,296.35,306.66,1405,35.97,10,0,0,0,0,0,0
3800,L50880,L,297.56,308.69,1698,42.19,157,0,0,0,0,0,0
3801,L62077,L,297.33,308.35,1219,29.5,33,0,0,0,0,0,0
3802,H13625,H,297.91,307.72,1613,34.38,60,0,0,0,0,0,0
3803,M48237,M,298.9,310.36,1581,29.29,90,0,0,0,0,0,0
3804,H11223,H,299.03,310.26,1709,41.83,106,0,0,0,0,0,0
3805,L69303,L,301.33,312.21,1581,41.15,161,0,0,0,0,0,0
3806,H75197,H,300.44,310.71,1467,30.95,198,0,0,0,0,0,0
3807,L84693,L,296.2,306.49,1388,50.09,102,0,0,0,0,0,0
3808,L47760,L,300.17,310.66,1713,19.88,230,0,0,0,0,0,0
3809,L89182,L,300.64,310.1,1624,19.52,1,1,0,0,1,0,0
3810,L67966,L,299.34,310.0,1446,30.85,63,0,0,0,0,0,0
3811,M39024,M,299.88,311.47,1699,17.01,93,1,0,0,1,0,0
3812,L80323,L,300.38,311.96,1455,38.28,239,0,0,0,0,0,0
3813,L33202,L,301.53,311.85,1535,36.58,130,0,0,0,0,0,0
3814,M61524,M,296.85,308.61,1426,36.1,126,0,0,0,0,0,0
3815,L53908,L,299.51,312.12,1631,39.86,193,0,0,0,0,0,0
3816,L46067,L,303.02,313.4,1356,34.61,157,0,0,0,0,0,0
3817,L19360,L,302.83,314.0,1481,26.13,100,0,0,0,0,0,0
3818,M22941,M,301.7,310.14,1417,32.37,220,0,0,0,0,0,0
3819,M25993,M,301.07,310.52,1582,25.16,162,0,0,0,0,0,0
3820,L24620,L,303.31,314.0,1605,30.24,121,0,0,0,0,0,0
3821,L30193,L,303.84,313.53,1336,49.27,229,1,0,0,0,1,0
3822,L61559,L,299.74,312.48,1608,19.98,149,1,0,0,1,0,0
3823,M31248,M,298.06,309.36,1269,41.31,250,0,0,0,0,0,0
3824,L55852,L,299.46,311.13,1930,36.8,228,0,0,0,0,0,0
3825,L15027,L,304.5,314.0,1443,50.35,81,0,0,0,0,0,0
3826,L73410,L,296.86,306.56,1724,27.57,61,0,0,0,0,0,0
3827,L14260,L,299.06,309.24,1571,56.64,231,1,1,0,1,1,0
3828,L47596,L,297.17,308.13,1579,26.75,108,0,0,0,0,0,0
3829,M19012,M,300.25,310.31,1325,40.77,53,0,0,0,0,0,0
3830,L35823,L,297.59,308.97,1687,24.03,225,1,1,0,0,0,0
3831,L83851,L,299.78,311.19,1544,41.13,187,0,0,0,0,0,0
3832,M57027,M,296.1,306.8,1620,60.15,236,1,0,0,1,1,0
3833,M88167,M,301.24,310.11,1519,55.12,112,0,0,0,0,0,0
3834,L93794,L,302.44,314.0,1558,44.55,37,0,0,0,0,0,0
3835,L35099,L,299.23,309.72,1375,35.33,29,0,0,0,0,0,0
3836,L46992,L,299.73,313.14,1507,36.41,129,0,0,0,0,0,0
3837,H20977,H,299.67,311.03,1459,50.21,19,0,0,0,0,0,0
3838,L66234,L,300.36,310.85,1408,48.32,171,0,0,0,0,0,0
3839,H57376,H,299.92,311.07,1559,37.51,207,0,0,0,0,0,0
3840,M43978,M,301.54,310.22,1600,37.07,67,0,0,0,0,0,0
3841,L19218,L,302.47,314.0,1580,45.83,111,0,0,0,0,0,0
3842,L31788,L,298.37,311.64,1517,50.09,204,1,1,0,0,0,0
3843,L30501,L,299.38,307.99,1609,22.25,205,0,0,0,0,0,0
3844,L87989,L,301.8,312.22,1579,38.36,8,0,0,0,0,0,0
3845,L25210,L,297.16,307.75,1553,42.24,235,1,1,0,0,0,0
3846,M84225,M,296.06,307.63,1565,31.74,141,0,0,0,0,0,0
3847,H55489,H,300.45,313.26,1748,43.26,10,0,0,0,0,0,0
3848,L73721,L,300.99,312.08,1318,40.33,249,0,0,0,0,0,0
3849,M52653,M,298.56,311.4,1478,51.44,9,0,0,0,0,0,0
3850,L96678,L,298.84,309.71,1596,32.6,221,0,0,0,0,0,0
3851,L50950,L,298.48,309.63,1250,48.8,198,0,0,0,0,0,0
3852,L18916,L,298.27,309.29,1784,34.02,56,0,0,0,0,0,0
3853,M75911,M,301.39,313.31,1581,51.31,5,0,0,0,0,0,0
3854,H41449,H,297.64,307.92,1707,39.78,144,0,0,0,0,0,0
3855,M99333,M,299.47,310.99,1737,29.22,12,0,0,0,0,0,0
3856,L30782,L,298.19,307.66,1609,33.18,58,0,0,0,0,0,0
3857,L30243,L,297.09,307.5,1168,45.67,46,0,0,0,0,0,0
3858,L39379,L,301.74,311.8,1562,36.86,249,0,0,0,0,0,0
3859,L47780,L,298.96,309.75,1573,27.82,123,0,0,0,0,0,0
3860,M40740,M,300.38,310.76,1339,41.91,119,0,0,0,0,0,0
3861,M29984,M,296.98,308.82,1213,63.4,3,0,0,0,0,0,0
3862,M10050,M,298.52,308.34,1618,47.13,25,0,0,0,0,0,0
3863,L16590,L,301.51,310.48,1310,26.62,31,0,0,0,0,0,0
3864,L50205,L,304.5,313.84,1906,17.11,183,1,0,0,1,0,0
3865,L25162,L,296.05,307.74,1582,30.84,194,0,0,0,0,0,0
3866,L59746,L,299.6,309.33,1778,17.89,138,1,0,0,1,0,0
3867,L23105,L,300.82,311.92,1541,25.44,117,0,0,0,0,0,0
3868,M47499,M,298.77,309.17,1670,37.32,211,1,1,0,0,0,0
3869,M46641,M,301.7,313.22,1545,36.74,185,0,0,0,0,0,0
3870,L21628,L,298.27,308.74,1716,19.02,51,1,0,0,1,0,0
3871,L52032,L,300.31,313.77,1168,63.4,156,0,0,0,0,0,0
3872,L75029,L,298.96,311.55,1695,30.24,129,0,0,0,0,0,0
3873,L48516,L,302.44,312.82,1655,30.13,234,0,0,0,0,0,0
3874,M97157,M,298.65,308.9,1507,47.67,195,0,0,0,0,0,0
3875,L11476,L,299.3,313.13,1461,43.23,223,1,1,0,0,0,0
3876,L50800,L,301.89,311.51,1481,38.27,48,0,0,0,0,0,0
3877,L45788,L,297.94,308.59,1586,31.66,112,0,0,0,0,0,0
3878,M99973,M,300.14,310.86,1754,37.33,148,0,0,0,0,0,0
3879,L36240,L,296.35,307.05,1439,35.51,16,0,0,0,0,0,0
3880,L20922,L,297.82,306.79,1229,43.97,108,0,0,0,0,0,0
3881,L74198,L,300.76,311.96,1982,20.4,204,1,1,0,0,0,0
3882,M68739,M,298.02,307.75,1656,44.48,95,0,0,0,0,0,0
3883,H83602,H,298.91,311.05,1465,54.31,242,1,0,0,0,1,0
3884,L22089,L,300.99,310.23,1749,34.49,130,0,0,0,0,0,0
3885,M42600,M,298.84,309.6,1703,29.55,41,0,0,0,0,0,0
3886,H56176,H,301.65,310.13,1624,43.54,175,0,0,0,0,0,0
3887,H18167,H,300.43,308.98,1449,45.36,115,0,0,0,0,0,0
3888,M88352,M,300.87,310.73,1655,30.78,94,0,0,0,0,0,0
3889,M31164,M,302.48,312.48,1731,42.62,158,0,0,0,0,0,0
3890,L95965,L,300.64,312.81,1225,41.8,125,0,0,0,0,0,0
3891,M41415,M,303.08,313.74,1575,24.68,128,0,0,0,0,0,0
3892,L83653,L,301.82,313.81,1589,35.47,91,0,0,0,0,0,0
3893,M81895,M,298.95,309.27,1583,46.01,86,0,0,0,0,0,0
3894,L89900,L,302.59,313.89,1543,38.08,115,0,0,0,0,0,0
3895,M85829,M,300.53,310.5,1748,23.16,246,0,0,0,0,0,0
3896,M68650,M,299.21,309.12,1497,34.42,68,0,0,0,0,0,0
3897,L68981,L,300.56,309.44,1534,48.51,0,0,0,0,0,0,0
3898,M84868,M,302.22,313.26,1592,38.46,79,0,0,0,0,0,0
3899,L10615,L,300.91,311.87,1503,37.94,202,0,0,0,0,0,0
3900,M55612,M,303.64,314.0,1286,43.12,35,0,0,0,0,0,0
3901,L87937,L,302.17,313.09,1574,46.24,100,0,0,0,0,0,0
3902,L51936,L,301.05,313.77,1576,45.59,79,0,0,0,0,0,0
3903,H39372,H,297.95,308.82,1469,25.34,186,0,0,0,0,0,0
3904,L77875,L,299.64,311.33,1511,46.82,60,0,0,0,0,0,0
3905,M91782,M,300.14,310.52,1168,55.39,75,0,0,0,0,0,0
3906,L71700,L,301.39,311.18,1753,45.71,221,0,0,0,0,0,0
3907,L18109,L,301.27,312.69,1697,33.18,235,0,0,0,0,0,0
3908,L33758,L,300.34,310.95,1294,56.84,3,0,0,0,0,0,0
3909,L98627,L,300.24,311.77,1413,45.29,118,0,0,0,0,0,0
3910,L23317,L,301.44,312.49,1796,23.02,48,0,0,0,0,0,0
3911,L92298,L,298.28,308.19,1327,54.19,40,0,0,0,0,0,0
3912,L79001,L,303.39,314.0,1621,42.5,229,0,0,0,0,0,0
3913,L61423,L,295.91,305.73,1446,33.18,187,0,0,0,0,0,0
3914,H35622,H,302.91,314.0,1609,38.19,199,0,0,0,0,0,0
3915,H16800,H,299.91,311.89,1544,56.66,199,1,0,0,1,0,0
3916,L45539,L,302.01,312.32,1484,33.95,120,0,0,0,0,0,0
3917,M12600,M,300.73,312.58,1605,42.18,20,0,0,0,0,0,0
3918,L81054,L,300.69,311.79,1446,28.77,39,0,0,0,0,0,0
3919,M95163,M,301.11,312.66,1214,40.47,199,0,0,0,0,0,0
3920,M39369,M,301.62,311.48,1368,50.37,92,0,0,0,0,0,0
3921,H26689,H,299.34,310.26,1346,45.29,78,0,0,0,0,0,0
3922,L91459,L,302.07,311.36,1246,43.66,77,0,0,0,0,0,0
3923,M48469,M,297.83,310.24,1601,51.0,101,0,0,0,0,0,0
3924,L10958,L,299.99,308.68,1504,29.32,201,1,1,0,0,0,0
3925,H70012,H,301.67,312.02,1599,34.53,218,0,0,0,0,0,0
3926,L79074,L,301.99,311.76,1629,39.5,167,0,0,0,0,0,0
3927,M70021,M,300.92,312.3,1671,26.82,244,0,0,0,0,0,0
3928,M98940,M,299.21,311.84,1608,40.16,154,0,0,0,0,0,0
3929,M60782,M,301.79,313.15,1359,53.5,169,0,0,0,0,0,0
3930,L85519,L,298.66,312.32,1639,33.95,103,0,0,0,0,0,0
3931,H69315,H,303.5,312.82,1575,30.15,249,0,0,0,0,0,0
3932,L34642,L,299.83,309.23,1929,27.38,125,0,0,0,0,0,0
3933,M89003,M,296.92,306.73,1536,12.32,226,1,1,0,1,0,0
3934,L10205,L,297.61,308.43,1604,44.71,163,0,0,0,0,0,0
3935,L22442,L,300.09,309.76,1518,40.24,138,0,0,0,0,0,0
3936,L15691,L,300.28,310.23,1544,35.48,76,0,0,0,0,0,0
3937,L48909,L,303.94,314.0,1532,21.82,34,1,0,0,1,0,0
3938,L29504,L,297.92,307.38,1457,50.24,244,1,0,0,0,1,0
3939,L74270,L,300.08,309.65,1567,32.57,84,0,0,0,0,0,0
3940,L68051,L,297.88,308.18,1647,39.71,36,0,0,0,0,0,0
3941,M48798,M,299.01,309.41,1459,39.15,235,0,0,0,0,0,0
3942,M59330,M,303.37,314.0,1685,20.27,139,0,0,0,0,0,0
3943,L97087,L,297.73,307.53,1664,45.36,177,0,0,0,0,0,0
3944,L88919,L,301.17,311.15,1377,52.85,152,0,0,0,0,0,0
3945,L92032,L,300.79,312.07,1362,50.12,219,0,0,0,0,0,0
3946,L51716,L,299.95,311.45,1616,38.25,62,0,0,0,0,0,0
3947,M84624,M,301.04,313.17,1429,28.09,118,0,0,0,0,0,0
3948,M56982,M,297.68,308.85,1347,51.79,107,0,0,0,0,0,0
3949,L37444,L,303.31,314.0,1844,48.2,247,1,0,0,1,1,0
3950,L34734,L,303.85,314.0,1361,43.32,209,1,1,0,0,0,0
3951,L51745,L,300.09,310.53,1261,46.99,9,0,0,0,0,0,0
3952,M44571,M,304.5,314.0,1394,29.78,57,0,0,0,0,0,0
3953,H25389,H,299.2,308.13,1577,17.53,102,1,0,0,1,0,0
3954,L94218,L,300.8,312.39,1548,33.68,2,0,0,0,0,0,0
3955,L55038,L,302.86,313.78,1875,41.88,196,0,0,0,0,0,0
3956,M82795,M,299.08,310.56,1397,54.8,54,0,0,0,0,0,0
3957,H55168,H,297.24,305.12,1578,35.73,139,0,0,0,0,0,0
3958,L88082,L,296.78,307.43,1738,36.51,205,1,1,0,0,0,0
3959,L77690,L,304.12,313.97,1416,28.13,44,0,0,0,0,0,0
3960,L84302,L,298.94,311.14,1662,35.44,168,0,0,0,0,0,0
3961,L21230,L,299.63,310.94,1205,41.31,95,0,0,0,0,0,0
3962,L93301,L,297.77,308.71,1852,31.37,169,0,0,0,0,0,0
3963,L15902,L,301.9,312.16,1714,31.13,32,0,0,0,0,0,0
3964,L76758,L,298.44,309.53,1412,37.6,69,0,0,0,0,0,0
3965,L37050,L,299.02,308.79,1684,42.49,221,0,0,0,0,0,0
3966,M84586,M,300.6,311.2,1771,48.23,5,0,0,0,0,0,0
3967,L79110,L,297.87,307.99,1303,42.11,222,0,0,0,0,0,0
3968,L86693,L,299.64,312.61,1427,54.39,129,0,0,0,0,0,0
3969,L29575,L,302.8,314.0,1777,22.23,153,0,0,0,0,0,0
3970,L68940,L,300.86,312.62,1547,36.18,47,0,0,0,0,0,0
3971,H50244,H,300.26,309.47,1614,24.0,223,0,0,0,0,0,0
3972,L93481,L,300.43,311.99,1548,34.13,56,0,0,0,0,0,0
3973,L24962,L,299.22,310.11,1695,39.84,68,0,0,0,0,0,0
3974,M87332,M,303.99,314.0,1627,45.05,173,0,0,0,0,0,0
3975,L34450,L,298.38,309.4,1554,29.69,175,0,0,0,0,0,0
3976,H63494,H,300.42,311.12,1168,54.67,40,0,0,0,0,0,0
3977,L55037,L,300.23,311.16,1650,45.4,106,0,0,0,0,0,0
3978,L93040,L,302.02,310.91,1666,43.74,15,0,0,0,0,0,0
3979,L40041,L,302.21,312.14,1312,46.5,179,0,0,0,0,0,0
3980,L20715,L,299.94,311.01,1324,36.9,11,0,0,0,0,0,0
3981,M31803,M,300.58,312.42,1628,29.13,14,0,0,0,0,0,0
3982,M78906,M,300.66,310.81,1570,28.81,212,1,1,0,0,0,0
3983,L71726,L,295.46,306.11,1180,48.19,100,0,0,0,0,0,0
3984,L11908,L,296.82,305.92,1387,32.81,20,0,0,0,0,0,0
3985,M47075,M,298.79,310.95,1591,42.1,152,0,0,0,0,0,0
3986,H74587,H,298.88,310.69,1657,36.56,208,0,0,0,0,0,0
3987,L63648,L,297.6,308.95,1430,41.91,199,0,0,0,0,0,0
3988,L31134,L,301.5,312.61,1508,20.51,246,1,0,0,1,0,0
3989,L66143,L,300.0,312.26,1377,41.91,157,0,0,0,0,0,0
3990,M79123,M,299.57,309.47,1773,28.6,32,0,0,0,0,0,0
3991,L55153,L,297.49,307.27,1566,56.39,193,1,0,0,1,0,0
3992,L12413,L,299.91,311.67,1415,27.54,32,0,0,0,0,0,0
3993,M32555,M,295.0,306.69,1327,40.96,243,0,0,0,0,0,0
3994,L20952,L,299.67,309.18,1307,48.04,155,0,0,0,0,0,0
3995,L78993,L,300.13,310.3,1861,23.3,89,0,0,0,0,0,0
3996,L84000,L,300.48,312.87,1504,56.47,40,0,0,0,0,0,0
3997,L76686,L,296.87,307.98,1463,58.24,128,0,0,0,0,0,0
3998,L42264,L,300.45,311.94,1497,30.07,62,0,0,0,0,0,0
3999,L57553,L,297.92,307.46,1422,34.34,162,0,0,0,0,0,0
4000,L64359,L,298.38,309.73,1516,58.09,175,1,0,0,1,0,0
4001,L19808,L,301.44,310.72,1541,50.14,234,1,1,0,0,1,0
4002,M62330,M,304.03,312.75,1538,33.82,38,0,0,0,0,0,0
4003,M48345,M,300.1,311.53,1308,48.54,147,0,0,0,0,0,0
4004,L79617,L,298.37,310.5,1696,22.08,76,0,0,0,0,0,0
4005,L49222,L,300.38,310.82,1435,61.83,222,1,0,0,1,1,0
4006,L67755,L,301.88,312.03,1416,41.19,165,0,0,0,0,0,0
4007,L18933,L,301.24,313.65,1408,46.64,22,0,0,0,0,0,0
4008,L78207,L,304.5,314.0,1346,32.63,139,0,0,0,0,0,0
4009,M53739,M,298.57,309.2,1583,25.91,5,0,0,0,0,0,0
4010,L57738,L,300.5,312.9,1696,37.59,215,1,1,0,0,0,0
4011,L94544,L,303.1,313.44,1405,60.32,97,0,0,0,0,0,0
4012,L31883,L,302.97,313.02,1203,41.18,224,0,0,0,0,0,0
4013,M53401,M,296.1,307.62,1350,32.05,6,0,0,0,0,0,0
4014,L25380,L,299.99,309.98,1454,42.4,50,0,0,0,0,0,0
4015,M28212,M,302.97,313.52,1313,61.48,13,0,0,0,0,0,0
4016,L38174,L,304.5,313.88,1427,33.74,227,0,0,0,0,0,0
4017,M16861,M,301.41,312.29,1436,37.41,15,0,0,0,0,0,0
4018,M16094,M,299.26,310.03,1532,45.22,237,0,0,0,0,0,0
4019,L61319,L,297.98,309.65,1273,55.63,150,0,0,0,0,0,0
4020,L56728,L,304.44,314.0,1639,32.46,17,0,0,0,0,0,0
4021,L34363,L,301.46,312.71,1834,39.81,220,0,0,0,0,0,0
4022,L97846,L,298.3,309.4,1792,36.19,134,0,0,0,0,0,0
4023,M49300,M,299.59,310.22,1430,40.23,67,0,0,0,0,0,0
4024,M64808,M,300.62,311.93,1655,42.42,24,0,0,0,0,0,0
4025,M15943,M,301.09,310.68,1634,41.77,32,0,0,0,0,0,0
4026,M90105,M,298.2,306.55,1527,27.7,50,0,0,0,0,0,0
4027,L52616,L,298.77,310.63,1567,50.13,215,0,0,0,0,0,0
4028,L84329,L,296.69,308.07,1658,37.54,22,0,0,0,0,0,0
4029,M35287,M,302.08,312.65,1694,45.45,49,0,0,0,0,0,0
4030,L43971,L,299.32,311.09,1389,41.79,148,0,0,0,0,0,0
4031,M66152,M,300.93,310.9,1670,36.44,230,1,1,0,0,0,0
4032,L52351,L,302.84,312.84,1835,34.34,62,0,0,0,0,0,0
4033,L70040,L,300.44,310.3,1694,38.45,148,0,0,0,0,0,0
4034,H98559,H,299.77,311.04,1812,43.71,121,0,0,0,0,0,0
4035,L70616,L,300.39,309.5,1168,54.77,111,0,0,0,0,0,0
4036,H33897,H,300.13,310.06,1642,34.64,26,0,0,0,0,0,0
4037,H33010,H,302.49,313.48,1583,45.34,208,1,1,0,0,0,0
4038,M50154,M,300.62,310.12,1720,36.9,244,0,0,0,0,0,0
4039,M30114,M,298.91,308.95,1332,74.78,153,1,0,0,1,0,0
4040,L29050,L,302.1,310.58,1444,42.57,18,0,0,0,0,0,0
4041,M31125,M,302.46,313.77,1697,44.21,224,0,0,0,0,0,0
4042,L60396,L,297.32,307.34,1344,52.02,57,0,0,0,0,0,0
4043,L54846,L,303.07,312.67,1579,17.69,250,1,0,0,1,0,0
4044,M30396,M,300.73,310.13,1532,30.51,239,0,0,0,0,0,0
4045,L98116,L,300.57,310.85,1500,34.01,243,0,0,0,0,0,0
4046,L48973,L,302.01,311.13,1638,21.86,6,0,0,0,0,0,0
4047,L33574,L,298.87,311.51,1334,38.7,222,0,0,0,0,0,0
4048,L23869,L,301.91,310.22,1395,27.0,230,1,1,0,0,0,0
4049,M76194,M,299.25,309.5,1510,27.42,142,0,0,0,0,0,0
4050,L72167,L,297.05,307.86,1319,46.07,65,0,0,0,0,0,0
4051,H66147,H,298.0,307.93,1757,48.27,236,1,1,0,0,0,0
4052,M22122,M,301.13,312.05,1391,27.16,193,0,0,0,0,0,0
4053,M53827,M,298.11,308.01,1677,23.79,208,0,0,0,0,0,0
4054,L23335,L,303.22,314.0,1377,36.06,225,0,0,0,0,0,0
4055,M73576,M,302.38,311.96,1662,33.21,174,0,0,0,0,0,0
4056,L31677,L,302.67,311.02,1245,28.27,45,1,0,1,0,0,0
4057,M38223,M,300.25,309.65,1789,26.44,88,0,0,0,0,0,0
4058,L39814,L,300.52,311.6,1739,26.42,239,0,0,0,0,0,0
4059,M93611,M,297.61,308.19,1436,43.09,202,1,1,0,0,0,0
4060,H53185,H,301.99,313.44,1386,45.73,43,0,0,0,0,0,0
4061,L86794,L,300.76,311.96,1617,34.07,136,0,0,0,0,0,0
4062,L85675,L,301.13,311.2,1260,41.17,70,0,0,0,0,0,0
4063,M52325,M,303.38,313.59,1541,30.58,10,0,0,0,0,0,0
4064,L50503,L,298.79,309.1,1390,41.76,114,0,0,0,0,0,0
4065,M29514,M,299.75,312.33,1489,29.09,55,0,0,0,0,0,0
4066,L66196,L,300.65,312.04,1419,55.99,131,0,0,0,0,0,0
4067,L30917,L,298.13,310.72,1391,25.76,124,0,0,0,0,0,0
4068,H64699,H,299.62,311.17,1842,26.0,36,0,0,0,0,0,0
4069,M60119,M,300.99,311.62,1675,41.62,89,0,0,0,0,0,0
4070,M93324,M,299.35,309.03,1269,40.66,116,0,0,0,0,0,0
4071,L35061,L,302.62,313.52,1377,48.59,33,0,0,0,0,0,0
4072,M19947,M,296.98,307.62,1689,48.48,79,0,0,0,0,0,0
4073,L91080,L,302.25,312.85,1709,40.5,104,0,0,0,0,0,0
4074,M95550,M,301.32,311.81,1286,31.17,46,0,0,0,0,0,0
4075,M90331,M,298.86,307.51,1661,24.54,29,0,0,0,0,0,0
4076,L42632,L,298.15,310.11,1583,34.51,117,0,0,0,0,0,0
4077,L29352,L,295.84,306.49,1185,53.68,45,0,0,0,0,0,0
4078,L33653,L,298.41,307.7,1462,50.99,79,0,0,0,0,0,0
4079,M77115,M,302.09,313.28,1510,30.49,69,0,0,0,0,0,0
4080,L53755,L,299.89,309.73,1544,32.62,32,0,0,0,0,0,0
4081,M81988,M,302.33,313.59,1297,41.4,49,0,0,0,0,0,0
4082,L47921,L,298.76,310.34,1398,38.22,14,0,0,0,0,0,0
4083,M69003,M,301.41,313.13,1423,55.32,19,0,0,0,0,0,0
4084,M90876,M,298.57,309.1,1439,38.79,203,0,0,0,0,0,0
4085,L56668,L,298.07,308.36,1442,41.27,252,0,0,0,0,0,0
4086,L65175,L,299.79,309.86,1511,46.56,126,0,0,0,0,0,0
4087,L57738,L,298.67,308.65,1591,50.35,87,0,0,0,0,0,0
4088,M63452,M,296.91,307.6,1854,30.63,39,0,0,0,0,0,0
4089,M78323,M,299.64,310.13,1692,44.53,31,0,0,0,0,0,0
4090,L56149,L,300.21,310.09,1772,47.11,232,1,1,0,0,0,0
4091,M25839,M,302.54,312.09,1448,38.47,96,0,0,0,0,0,0
4092,L12155,L,301.87,312.46,1354,36.35,111,0,0,0,0,0,0
4093,L17019,L,302.44,312.71,1679,52.78,237,1,0,0,1,1,0
4094,H64512,H,301.44,311.0,1532,47.88,11,0,0,0,0,0,0
4095,L71690,L,300.67,312.2,1666,34.49,14,0,0,0,0,0,0
4096,L96150,L,297.54,310.01,1376,48.4,186,0,0,0,0,0,0
4097,L36190,L,300.3,311.96,1652,25.63,187,0,0,0,0,0,0
4098,L20928,L,301.19,311.17,1503,48.68,71,0,0,0,0,0,0
4099,L58425,L,302.91,313.56,1452,21.7,3,1,0,0,1,0,0
4100,L84134,L,301.37,313.61,1469,49.44,26,0,0,0,0,0,0
4101,M96117,M,302.48,312.01,1623,28.93,100,0,0,0,0,0,0
4102,L58974,L,297.94,309.42,1674,20.07,185,0,0,0,0,0,0
4103,L57796,L,299.35,308.6,1469,19.49,180,1,0,0,1,0,0
4104,L58743,L,300.86,313.24,1597,31.61,205,0,0,0,0,0,0
4105,L89455,L,302.32,312.59,1596,42.27,250,0,0,0,0,0,0
4106,M80035,M,299.71,312.64,1668,22.42,38,0,0,0,0,0,0
4107,H47677,H,299.84,312.26,1713,23.12,142,0,0,0,0,0,0
4108,L66321,L,301.37,311.97,1861,26.98,18,0,0,0,0,0,0
4109,M68973,M,297.75,307.73,1451,47.45,116,0,0,0,0,0,0
4110,L62414,L,303.21,314.0,1798,39.3,13,0,0,0,0,0,0
4111,L35602,L,298.24,308.76,1556,38.11,70,0,0,0,0,0,0
4112,L39692,L,296.16,306.46,1338,53.35,133,0,0,0,0,0,0
4113,L58750,L,300.02,309.06,1418,47.35,161,0,0,0,0,0,0
4114,L31760,L,303.4,313.58,1619,31.7,215,0,0,0,0,0,0
4115,M78456,M,301.17,310.76,1665,42.23,124,0,0,0,0,0,0
4116,L34085,L,301.5,312.75,1352,28.77,24,0,0,0,0,0,0
4117,H73964,H,300.08,311.77,1398,45.99,168,0,0,0,0,0,0
4118,L32925,L,299.7,311.14,1439,28.21,88,0,0,0,0,0,0
4119,L15615,L,296.91,307.95,1380,43.01,49,0,0,0,0,0,0
4120,M47083,M,295.48,305.33,1197,62.47,110,0,0,0,0,0,0
4121,L78319,L,300.39,311.3,1168,51.67,78,0,0,0,0,0,0
4122,L19605,L,302.63,314.0,1466,38.95,169,0,0,0,0,0,0
4123,M54608,M,300.69,310.8,1580,38.3,66,0,0,0,0,0,0
4124,H29192,H,301.25,312.07,1653,40.41,99,0,0,0,0,0,0
4125,M13331,M,303.17,313.72,1290,68.12,193,1,0,0,1,1,0
4126,M61330,M,300.66,313.02,1293,51.55,21,0,0,0,0,0,0
4127,M59949,M,299.75,311.31,1440,34.79,155,0,0,0,0,0,0
4128,H78382,H,298.36,309.67,1536,35.37,95,0,0,0,0,0,0
4129,L47586,L,304.04,313.03,1717,25.86,102,0,0,0,0,0,0
4130,L62243,L,301.05,311.93,1664,23.76,216,0,0,0,0,0,0
4131,L68618,L,298.11,308.66,1469,15.29,0,1,0,0,1,0,0
4132,L88311,L,297.66,308.19,1600,31.68,171,0,0,0,0,0,0
4133,M17549,M,302.51,311.64,1383,26.88,150,0,0,0,0,0,0
4134,M62494,M,297.93,307.54,1548,37.9,4,0,0,0,0,0,0
4135,L97973,L,303.71,314.0,1524,32.81,111,0,0,0,0,0,0
4136,L33958,L,295.0,306.81,1788,23.35,98,0,0,0,0,0,0
4137,M99779,M,302.85,312.95,1624,16.73,74,1,0,0,1,0,0
4138,L47538,L,300.97,311.27,1396,37.45,142,0,0,0,0,0,0
4139,M15833,M,300.24,312.72,1398,23.03,196,1,0,0,1,0,0
4140,L33386,L,299.65,310.05,1475,45.7,229,0,0,0,0,0,0
4141,L81778,L,303.78,314.0,1253,48.63,131,0,0,0,0,0,0
4142,L34832,L,301.41,312.0,1494,36.19,171,0,0,0,0,0,0
4143,L87857,L,298.19,307.55,1509,51.74,73,0,0,0,0,0,0
4144,M48930,M,296.56,307.83,1619,35.48,200,0,0,0,0,0,0
4145,H42407,H,300.35,310.4,1645,38.19,32,0,0,0,0,0,0
4146,M14073,M,300.0,310.67,1553,43.24,187,0,0,0,0,0,0
4147,L27667,L,296.96,308.1,1242,40.18,105,0,0,0,0,0,0
4148,L26035,L,299.89,312.53,1315,38.0,197,0,0,0,0,0,0
4149,M16732,M,298.85,308.23,1426,40.59,45,0,0,0,0,0,0
4150,M65097,M,300.02,311.58,1652,23.0,249,0,0,0,0,0,0
4151,L13487,L,301.45,313.02,1646,50.34,26,0,0,0,0,0,0
4152,L67702,L,302.99,313.05,1490,40.0,106,0,0,0,0,0,0
4153,M95107,M,301.82,313.12,1960,27.77,27,0,0,0,0,0,0
4154,L39075,L,298.56,310.9,1816,48.0,173,1,0,0,1,0,0
4155,L81031,L,300.74,310.67,1758,23.61,106,0,0,0,0,0,0
4156,L94217,L,300.13,311.07,1661,47.74,33,0,0,0,0,0,0
4157,L24781,L,297.34,308.44,1618,42.62,156,0,0,0,0,0,0
4158,M49865,M,300.8,312.03,1604,45.68,95,0,0,0,0,0,0
4159,H18469,H,303.71,314.0,1210,45.27,126,0,0,0,0,0,0
4160,L55167,L,300.06,310.93,1346,43.17,182,0,0,0,0,0,0
4161,L91738,L,296.81,308.03,1495,35.04,56,0,0,0,0,0,0
4162,L29928,L,300.06,309.85,1558,45.93,123,0,0,0,0,0,0
4163,L86521,L,297.57,308.44,1513,41.59,149,0,0,0,0,0,0
4164,L49599,L,301.73,311.95,1584,31.12,250,0,0,0,0,0,0
4165,M26775,M,301.05,310.52,1168,42.77,142,0,0,0,0,0,0
4166,L76504,L,299.66,309.85,1626,35.11,26,0,0,0,0,0,0
4167,L85918,L,299.34,310.31,1546,33.98,201,1,1,0,0,0,0
4168,L80687,L,299.58,310.71,1501,51.92,122,0,0,0,0,0,0
4169,L36804,L,300.02,309.45,1702,40.47,88,0,0,0,0,0,0
4170,L42259,L,298.46,308.22,1347,51.12,59,0,0,0,0,0,0
4171,L96284,L,297.22,308.65,1492,40.64,74,0,0,0,0,0,0
4172,H95227,H,302.28,313.49,1586,28.66,71,0,0,0,0,0,0
4173,L53560,L,299.23,310.82,1381,48.69,148,0,0,0,0,0,0
4174,L37256,L,300.33,312.4,1174,23.2,199,1,0,0,1,0,0
4175,M16125,M,300.57,311.81,1327,45.04,36,0,0,0,0,0,0
4176,H14370,H,300.64,310.93,1523,29.98,151,0,0,0,0,0,0
4177,L14838,L,297.65,308.47,1490,29.9,109,0,0,0,0,0,0
4178,M67429,M,296.65,309.01,1532,33.07,125,0,0,0,0,0,0
4179,L13134,L,298.82,312.29,1416,39.6,47,0,0,0,0,0,0
4180,L53199,L,300.79,311.95,1299,43.86,150,0,0,0,0,0,0
4181,L87092,L,298.54,309.78,1560,43.99,251,1,0,0,0,1,0
4182,M43822,M,299.29,310.72,1505,36.41,244,0,0,0,0,0,0
4183,M30113,M,304.25,314.0,1650,33.85,215,0,0,0,0,0,0
4184,L73594,L,296.31,308.17,1400,26.64,12,0,0,0,0,0,0
4185,L12669,L,298.49,310.2,1171,33.44,117,0,0,0,0,0,0
4186,M59427,M,303.79,314.0,1168,52.58,230,1,0,0,0,1,0
4187,L91617,L,299.91,310.29,1463,45.35,58,0,0,0,0,0,0
4188,L22938,L,298.59,307.77,1558,34.38,132,0,0,0,0,0,0
4189,M15717,M,302.34,313.77,1493,47.32,14,0,0,0,0,0,0
4190,M87818,M,300.11,311.02,1433,25.91,23,0,0,0,0,0,0
4191,M57659,M,299.3,309.27,1249,50.46,74,0,0,0,0,0,0
4192,M74575,M,300.38,309.95,1195,37.74,183,0,0,0,0,0,0
4193,L89737,L,298.68,310.05,1601,27.46,208,0,0,0,0,0,0
4194,M26289,M,297.97,307.06,1494,31.02,7,0,0,0,0,0,0
4195,M34406,M,299.77,310.77,1470,38.2,105,0,0,0,0,0,0
4196,L22873,L,297.98,309.52,1257,50.56,215,1,1,0,0,0,0
4197,L92048,L,300.02,311.27,1361,45.92,118,0,0,0,0,0,0
4198,L33461,L,300.71,311.02,1543,34.43,101,0,0,0,0,0,0
4199,L30710,L,301.71,311.16,1586,41.83,218,0,0,0,0,0,0
4200,M95488,M,302.26,313.54,1505,54.11,169,0,0,0,0,0,0
4201,M23448,M,299.19,311.09,1783,31.17,114,0,0,0,0,0,0
4202,L25198,L,301.0,311.13,1431,40.98,134,0,0,0,0,0,0
4203,L83158,L,300.99,312.19,1767,27.47,250,0,0,0,0,0,0
4204,H77938,H,300.66,312.94,1574,32.83,254,0,0,0,0,0,0
4205,L60799,L,299.04,310.08,1554,48.36,115,0,0,0,0,0,0
4206,L44961,L,297.94,308.25,1703,44.23,151,0,0,0,0,0,0
4207,L53007,L,301.0,312.74,1423,38.25,26,0,0,0,0,0,0
4208,L75470,L,296.59,306.55,1476,43.58,228,0,0,0,0,0,0
4209,L62256,L,299.46,308.87,1315,53.61,126,0,0,0,0,0,0
4210,L30739,L,295.0,306.51,1703,29.88,108,0,0,0,0,0,0
4211,L94054,L,297.33,307.62,1595,24.19,2,0,0,0,0,0,0
4212,L68186,L,298.25,308.63,1733,38.77,213,0,0,0,0,0,0
4213,L36547,L,302.19,312.27,1572,44.62,47,0,0,0,0,0,0
4214,L95823,L,301.38,311.6,1734,39.24,229,0,0,0,0,0,0
4215,M61431,M,298.89,311.0,1400,37.08,149,0,0,0,0,0,0
4216,M35476,M,301.46,313.82,1713,46.19,167,0,0,0,0,0,0
4217,L88411,L,301.78,314.0,1463,41.94,47,0,0,0,0,0,0
4218,L20686,L,299.68,311.47,1535,26.61,176,0,0,0,0,0,0
4219,M27536,M,297.23,308.4,1666,20.67,28,0,0,0,0,0,0
4220,L44062,L,299.58,308.85,1954,27.14,201,0,0,0,0,0,0
4221,L58216,L,299.8,310.32,1683,35.97,16,0,0,0,0,0,0
4222,M35041,M,297.54,310.39,1700,31.28,233,0,0,0,0,0,0
4223,M41653,M,300.73,311.0,1437,59.75,6,0,0,0,0,0,0
4224,M31673,M,300.56,312.77,1563,40.35,170,0,0,0,0,0,0
4225,L20367,L,300.89,311.65,1518,28.57,34,0,0,0,0,0,0
4226,M29629,M,300.56,308.58,1788,13.85,167,1,0,0,1,0,0
4227,L98636,L,301.46,312.8,1509,40.21,194,0,0,0,0,0,0
4228,M82190,M,299.64,311.61,1774,40.28,204,1,1,0,0,0,0
4229,L35063,L,300.4,311.05,1301,64.57,133,0,0,0,0,0,0
4230,L29322,L,299.2,311.14,1787,30.44,208,1,1,0,0,0,0
4231,M94546,M,298.83,307.86,1380,59.39,1,0,0,0,0,0,0
4232,L22693,L,302.68,311.99,1689,22.4,38,0,0,0,0,0,0
4233,L19241,L,295.91,306.82,1379,37.96,123,0,0,0,0,0,0
4234,H39778,H,301.75,312.93,1646,25.98,101,0,0,0,0,0,0
4235,L22651,L,298.76,310.82,1362,50.41,32,0,0,0,0,0,0
4236,L35966,L,298.5,309.84,1722,22.46,105,0,0,0,0,0,0
4237,L19275,L,300.52,310.03,1687,37.37,150,0,0,0,0,0,0
4238,M55606,M,297.02,307.93,1427,27.69,115,0,0,0,0,0,0
4239,M11658,M,298.37,309.67,1639,50.32,32,0,0,0,0,0,0
4240,L82468,L,298.3,307.13,1706,30.45,88,0,0,0,0,0,0
4241,M24248,M,299.56,310.21,1369,45.81,77,0,0,0,0,0,0
4242,L34437,L,298.39,308.76,1349,23.48,226,1,0,0,1,0,0
4243,M49727,M,303.2,313.25,1342,26.74,29,0,0,0,0,0,0
4244,L28201,L,303.59,314.0,1317,35.1,8,0,0,0,0,0,0
4245,L51150,L,295.96,305.51,1341,51.8,93,0,0,0,0,0,0
4246,H99891,H,301.09,312.21,1701,39.22,125,0,0,0,0,0,0
4247,L24999,L,301.72,312.98,1635,44.54,70,0,0,0,0,0,0
4248,L16376,L,301.09,312.87,1230,29.01,61,0,0,0,0,0,0
4249,L61673,L,298.68,308.26,1443,44.73,199,0,0,0,0,0,0
4250,H13476,H,299.51,308.71,1327,37.14,70,0,0,0,0,0,0
4251,L79902,L,298.5,309.48,1690,27.05,233,0,0,0,0,0,0
4252,L87994,L,299.16,309.57,1454,34.11,218,0,0,0,0,0,0
4253,L72878,L,297.58,311.18,1257,44.25,152,0,0,0,0,0,0
4254,L30615,L,299.77,310.93,1566,42.64,174,0,0,0,0,0,0
4255,L21164,L,296.99,307.75,1644,44.63,50,0,0,0,0,0,0
4256,M49316,M,299.6,310.13,1363,47.5,215,0,0,0,0,0,0
4257,H78560,H,297.5,306.98,1487,44.62,27,0,0,0,0,0,0
4258,L39559,L,300.41,311.68,1373,60.77,97,0,0,0,0,0,0
4259,L72968,L,298.64,309.26,1759,38.25,115,0,0,0,0,0,0
4260,L76800,L,300.58,311.2,1457,37.21,201,0,0,0,0,0,0
4261,L19047,L,302.16,312.96,1405,46.7,124,0,0,0,0,0,0
4262,M54985,M,303.18,314.0,1526,53.58,163,0,0,0,0,0,0
4263,L82123,L,295.0,305.0,1498,29.93,206,0,0,0,0,0,0
4264,L16577,L,298.33,309.87,1659,30.82,188,0,0,0,0,0,0
4265,M93171,M,299.39,309.25,1754,44.51,101,0,0,0,0,0,0
4266,L13870,L,300.92,311.48,1755,30.27,66,0,0,0,0,0,0
4267,M44094,M,296.7,308.69,1466,46.54,203,0,0,0,0,0,0
4268,L65329,L,298.04,310.52,1590,47.65,160,0,0,0,0,0,0
4269,M19217,M,300.26,309.26,1803,21.8,189,0,0,0,0,0,0
4270,H93138,H,300.17,310.9,1810,28.43,153,0,0,0,0,0,0
4271,M76141,M,300.76,311.73,1377,54.13,191,0,0,0,0,0,0
4272,H32343,H,300.89,310.08,1642,33.8,247,0,0,0,0,0,0
4273,L60822,L,300.68,312.18,1611,17.62,232,1,0,0,1,0,0
4274,L23003,L,300.39,311.2,1702,29.38,182,0,0,0,0,0,0
4275,M69538,M,300.11,311.01,1759,39.05,232,0,0,0,0,0,0
4276,L42089,L,301.33,311.11,1348,56.08,5,0,0,0,0,0,0
4277,L63595,L,295.52,306.63,1411,41.13,66,0,0,0,0,0,0
4278,L93197,L,303.09,314.0,1698,37.82,218,1,1,0,0,0,0
4279,L92318,L,295.59,306.42,1562,33.3,232,0,0,0,0,0,0
4280,L40029,L,297.84,308.03,1168,60.13,13,0,0,0,0,0,0
4281,L89023,L,299.55,309.81,1235,62.92,112,0,0,0,0,0,0
4282,M61324,M,301.35,312.27,1654,41.29,176,0,0,0,0,0,0
4283,L61962,L,295.0,305.75,1686,32.98,49,0,0,0,0,0,0
4284,L49042,L,299.94,311.55,1292,49.16,74,0,0,0,0,0,0
4285,L97601,L,301.58,311.8,1733,40.94,243,0,0,0,0,0,0
4286,L86380,L,301.99,311.47,1500,38.47,242,0,0,0,0,0,0
4287,M94859,M,298.61,309.66,1351,50.9,144,0,0,0,0,0,0
4288,L55957,L,299.4,309.62,1434,43.65,182,0,0,0,0,0,0
4289,L92864,L,298.77,310.25,1315,59.04,187,1,0,0,0,1,0
4290,M53739,M,299.21,309.92,1424,47.27,173,0,0,0,0,0,0
4291,L48733,L,297.94,309.29,1199,41.84,190,0,0,0,0,0,0
4292,L55389,L,298.22,307.91,1522,50.87,175,0,0,0,0,0,0
4293,L39715,L,300.87,311.71,1641,38.94,61,0,0,0,0,0,0
4294,H49116,H,300.26,310.26,1292,42.78,243,0,0,0,0,0,0
4295,L66922,L,300.98,310.46,1538,24.64,143,0,0,0,0,0,0
4296,L66251,L,300.43,310.27,1390,43.6,123,0,0,0,0,0,0
4297,L71794,L,301.41,311.56,1655,50.49,234,1,0,0,0,1,0
4298,L27580,L,301.76,313.7,1168,15.58,192,1,0,0,1,0,0
4299,L10823,L,296.52,306.65,1663,11.28,47,1,0,0,1,0,0
4300,L17084,L,298.29,307.72,1208,56.54,53,0,0,0,0,0,0
4301,L87991,L,299.54,310.37,1497,40.53,189,0,0,0,0,0,0
4302,H20607,H,299.95,310.68,1407,47.55,133,0,0,0,0,0,0
4303,M92455,M,298.66,308.87,1470,33.85,206,0,0,0,0,0,0
4304,L94930,L,301.82,312.36,1260,21.13,160,1,0,0,1,0,0
4305,M86355,M,303.96,314.0,1834,24.75,198,0,0,0,0,0,0
4306,L21969,L,300.37,311.74,1303,61.1,71,0,0,0,0,0,0
4307,L73059,L,300.17,311.45,1318,38.57,116,0,0,0,0,0,0
4308,M27333,M,301.7,311.22,1858,27.42,169,0,0,0,0,0,0
4309,M87236,M,296.27,309.85,1593,12.32,122,1,0,0,1,0,0
4310,M46668,M,300.06,311.81,1309,24.02,29,1,0,0,1,0,0
4311,L21945,L,301.96,313.18,1512,48.42,6,0,0,0,0,0,0
4312,H56526,H,298.71,308.25,1493,35.9,167,0,0,0,0,0,0
4313,L57717,L,297.55,309.19,1231,58.07,60,0,0,0,0,0,0
4314,M69426,M,299.63,309.83,1399,33.25,236,1,1,0,0,0,0
4315,H94166,H,299.88,310.38,1530,23.7,141,0,0,0,0,0,0
4316,L98896,L,298.18,307.2,1763,30.38,188,0,0,0,0,0,0
4317,M88349,M,304.19,313.65,1501,32.7,63,0,0,0,0,0,0
4318,L14601,L,299.04,310.18,1515,29.95,54,0,0,0,0,0,0
4319,L22930,L,297.69,309.4,1388,32.94,66,0,0,0,0,0,0
4320,L14333,L,299.81,311.2,1732,31.96,89,0,0,0,0,0,0
4321,L80935,L,301.82,313.17,1697,29.61,171,0,0,0,0,0,0
4322,H27839,H,300.03,310.67,1677,26.2,57,0,0,0,0,0,0
4323,M61337,M,300.97,311.26,1555,53.47,161,0,0,0,0,0,0
4324,L50204,L,298.26,309.25,1247,51.2,93,0,0,0,0,0,0
4325,M30195,M,302.98,314.0,1731,34.42,254,0,0,0,0,0,0
4326,H37848,H,301.12,311.83,1545,36.46,221,1,1,0,0,0,0
4327,L99229,L,302.1,314.0,1479,45.17,184,0,0,0,0,0,0
4328,H50854,H,300.73,311.22,1616,40.18,156,0,0,0,0,0,0
4329,L60998,L,301.65,311.37,1575,26.97,164,0,0,0,0,0,0
4330,M77390,M,298.25,308.94,1343,26.33,235,1,1,0,0,0,0
4331,L41558,L,299.02,309.82,1477,16.74,88,1,0,0,1,0,0
4332,L12985,L,302.69,313.31,1192,69.58,67,0,0,0,0,0,0
4333,L71794,L,303.12,314.0,1550,32.84,61,0,0,0,0,0,0
4334,M53585,M,297.71,309.21,1774,37.07,250,0,0,0,0,0,0
4335,L94814,L,300.5,309.77,1212,49.67,0,0,0,0,0,0,0
4336,L50264,L,299.14,311.37,1558,45.16,199,0,0,0,0,0,0
4337,L43326,L,298.61,306.56,1655,34.05,116,0,0,0,0,0,0
4338,H94816,H,300.57,313.42,1682,22.76,179,0,0,0,0,0,0
4339,L69261,L,302.28,312.69,1401,30.3,56,0,0,0,0,0,0
4340,L44022,L,300.9,311.41,1337,39.11,56,0,0,0,0,0,0
4341,L25667,L,299.36,310.0,1429,24.2,65,0,0,0,0,0,0
4342,L28065,L,301.03,312.11,1749,25.76,80,0,0,0,0,0,0
4343,M97191,M,299.28,309.98,1227,32.69,247,0,0,0,0,0,0
4344,M20006,M,300.82,311.39,1316,39.96,232,0,0,0,0,0,0
4345,L81819,L,302.79,314.0,1452,34.56,60,0,0,0,0,0,0
4346,L55076,L,295.85,307.11,1359,43.41,250,0,0,0,0,0,0
4347,M78861,M,301.59,311.34,1527,45.52,51,0,0,0,0,0,0
4348,L60393,L,296.92,308.36,1790,30.07,106,0,0,0,0,0,0
4349,M13143,M,302.46,313.68,1318,27.14,48,0,0,0,0,0,0
4350,M67505,M,298.73,308.88,1509,18.53,22,1,0,0,1,0,0
4351,M22417,M,297.56,309.06,1534,38.88,212,0,0,0,0,0,0
4352,L41300,L,301.39,311.93,1475,32.39,220,1,1,0,0,0,0
4353,L38896,L,300.73,311.21,1251,44.0,68,0,0,0,0,0,0
4354,H60629,H,298.0,308.45,1420,43.67,95,0,0,0,0,0,0
4355,L37606,L,297.49,305.77,1421,54.88,148,0,0,0,0,0,0
4356,M49916,M,299.63,309.8,1649,19.57,185,1,0,0,1,0,0
4357,L71330,L,297.59,309.0,1611,26.57,8,0,0,0,0,0,0
4358,M17551,M,297.88,308.55,1256,44.66,198,0,0,0,0,0,0
4359,L66422,L,300.23,309.65,1465,27.96,81,0,0,0,0,0,0
4360,L77782,L,298.07,309.73,1445,24.89,78,0,0,0,0,0,0
4361,L75391,L,300.85,311.25,1887,40.31,185,0,0,0,0,0,0
4362,M73411,M,302.98,312.46,1588,26.63,216,0,0,0,0,0,0
4363,M83185,M,299.7,312.61,1341,28.74,175,0,0,0,0,0,0
4364,L10888,L,300.26,309.91,1395,29.28,79,0,0,0,0,0,0
4365,L67135,L,304.04,314.0,1467,49.66,188,0,0,0,0,0,0
4366,M39424,M,297.62,307.56,1600,29.58,211,0,0,0,0,0,0
4367,L51559,L,302.38,313.22,1622,23.08,236,1,1,0,0,0,0
4368,L21075,L,302.14,311.94,1571,28.81,36,0,0,0,0,0,0
4369,L32699,L,301.71,311.17,1497,37.81,225,0,0,0,0,0,0
4370,L57972,L,302.58,313.81,1511,46.39,114,0,0,0,0,0,0
4371,L19950,L,300.56,311.67,1512,45.55,4,0,0,0,0,0,0
4372,L15413,L,298.83,310.68,1214,38.02,160,0,0,0,0,0,0
4373,L49305,L,302.19,312.85,1524,32.6,192,0,0,0,0,0,0
4374,L13569,L,302.27,314.0,1431,61.08,239,1,0,0,1,1,0
4375,L76778,L,302.21,313.18,1237,57.83,112,0,0,0,0,0,0
4376,L40085,L,300.09,311.36,1970,27.25,6,0,0,0,0,0,0
4377,L86023,L,298.57,307.91,1591,15.35,41,1,0,0,1,0,0
4378,M93845,M,300.38,310.47,1537,32.99,59,0,0,0,0,0,0
4379,L46163,L,301.88,313.1,1468,26.08,131,0,0,0,0,0,0
4380,L59592,L,302.05,312.66,1666,26.97,3,0,0,0,0,0,0
4381,L97151,L,299.14,310.03,1326,32.79,236,1,1,0,0,0,0
4382,L67333,L,300.63,310.51,1479,36.51,76,0,0,0,0,0,0
4383,L18039,L,297.38,308.2,1364,42.75,250,0,0,0,0,0,0
4384,L18198,L,301.97,312.79,1665,28.12,98,0,0,0,0,0,0
4385,M44354,M,298.43,307.95,1386,28.13,106,0,0,0,0,0,0
4386,L13824,L,301.57,312.91,1733,31.58,145,0,0,0,0,0,0
4387,H60420,H,297.7,306.7,1517,33.06,115,0,0,0,0,0,0
4388,L99535,L,302.06,312.95,1674,17.99,124,1,0,0,1,0,0
4389,L13436,L,300.64,313.11,1607,41.07,234,1,1,0,0,0,0
4390,L50857,L,298.44,309.82,1726,27.15,177,0,0,0,0,0,0
4391,L26057,L,301.38,312.76,1367,39.1,109,0,0,0,0,0,0
4392,L11310,L,298.82,308.62,1698,31.89,202,0,0,0,0,0,0
4393,M85355,M,301.5,313.97,1200,47.57,12,0,0,0,0,0,0
4394,L88993,L,299.45,311.53,1543,38.49,234,0,0,0,0,0,0
4395,H76013,H,296.56,306.41,1437,26.87,30,0,0,0,0,0,0
4396,M70022,M,298.04,308.26,1282,48.18,230,1,1,0,0,0,0
4397,L18906,L,299.14,311.09,1374,38.11,41,0,0,0,0,0,0
4398,L19868,L,302.74,314.0,1420,51.3,69,0,0,0,0,0,0
4399,L28546,L,301.8,311.24,1500,45.99,229,0,0,0,0,0,0
4400,L82855,L,303.25,312.94,1441,52.93,113,0,0,0,0,0,0
4401,L43149,L,303.31,313.86,1549,28.3,138,0,0,0,0,0,0
4402,L77381,L,298.93,307.46,1386,54.65,148,0,0,0,0,0,0
4403,L33684,L,299.62,310.34,1449,40.47,153,0,0,0,0,0,0
4404,L39858,L,299.18,311.06,1483,45.3,14,0,0,0,0,0,0
4405,H55330,H,298.66,307.92,1568,42.71,151,0,0,0,0,0,0
4406,M69204,M,296.32,307.14,1688,37.84,187,0,0,0,0,0,0
4407,H35293,H,299.97,310.09,1689,24.7,81,0,0,0,0,0,0
4408,L66869,L,297.43,309.77,1578,44.99,199,0,0,0,0,0,0
4409,L14629,L,299.93,310.06,1612,38.66,104,0,0,0,0,0,0
4410,L15704,L,304.23,314.0,1591,22.75,162,0,0,0,0,0,0
4411,L11776,L,298.98,309.08,1478,34.07,27,0,0,0,0,0,0
4412,L67255,L,300.39,311.86,1697,23.52,156,0,0,0,0,0,0
4413,M58281,M,301.81,312.77,1370,26.9,238,0,0,0,0,0,0
4414,M41236,M,300.56,311.12,1168,59.52,51,0,0,0,0,0,0
4415,L76780,L,300.58,310.49,1348,26.79,109,0,0,0,0,0,0
4416,L11333,L,299.28,310.3,1788,21.47,189,0,0,0,0,0,0
4417,L79205,L,299.54,309.8,1482,57.79,55,0,0,0,0,0,0
4418,L93120,L,298.08,308.09,1584,32.11,1,0,0,0,0,0,0
4419,L60946,L,301.69,313.86,1486,44.91,81,0,0,0,0,0,0
4420,L65333,L,296.52,307.76,1636,44.87,192,0,0,0,0,0,0
4421,L37277,L,301.94,313.29,1548,44.18,62,0,0,0,0,0,0
4422,H60606,H,297.19,307.5,1523,39.04,253,0,0,0,0,0,0
4423,L11933,L,301.93,312.44,1645,34.5,59,0,0,0,0,0,0
4424,M43514,M,299.29,309.74,1451,44.79,193,0,0,0,0,0,0
4425,L99893,L,297.54,308.57,1602,33.76,108,0,0,0,0,0,0
4426,L72958,L,301.16,312.5,1504,44.73,108,0,0,0,0,0,0
4427,L16827,L,301.86,312.53,1516,35.36,141,0,0,0,0,0,0
4428,L40844,L,299.12,309.03,1388,39.79,27,0,0,0,0,0,0
4429,L10792,L,301.44,312.9,1496,56.31,43,0,0,0,0,0,0
4430,M49695,M,295.43,306.16,1438,35.07,120,0,0,0,0,0,0
4431,M93187,M,297.36,306.62,1738,33.12,187,0,0,0,0,0,0
4432,L52510,L,302.58,311.15,1232,51.52,148,1,0,1,0,0,0
4433,L49137,L,299.55,310.55,1695,37.98,211,0,0,0,0,0,0
4434,H94610,H,296.28,306.15,1221,50.36,33,0,0,0,0,0,0
4435,L83410,L,298.6,309.73,1632,24.14,225,0,0,0,0,0,0
4436,L92212,L,298.15,308.08,1384,43.07,109,0,0,0,0,0,0
4437,L49632,L,299.67,310.5,1637,37.13,181,0,0,0,0,0,0
4438,M46790,M,299.26,309.58,1513,48.66,166,0,0,0,0,0,0
4439,H93568,H,300.36,312.81,1277,53.15,3,0,0,0,0,0,0
4440,L40885,L,299.86,311.51,1780,41.9,234,1,1,0,0,0,0
4441,M75214,M,302.72,314.0,1675,25.63,155,0,0,0,0,0,0
4442,M86544,M,300.85,311.57,1626,26.47,38,0,0,0,0,0,0
4443,L54870,L,300.92,312.44,1420,43.67,192,0,0,0,0,0,0
4444,L58110,L,302.33,313.12,1681,43.74,172,0,0,0,0,0,0
4445,L15171,L,299.22,311.39,1304,41.74,71,0,0,0,0,0,0
4446,H19589,H,297.48,308.1,1168,39.98,60,0,0,0,0,0,0
4447,L28077,L,302.41,311.72,1254,27.4,59,0,0,0,0,0,0
4448,M74874,M,300.27,308.97,1369,45.65,143,1,0,1,0,0,0
4449,L82246,L,300.28,312.65,1399,39.8,50,0,0,0,0,0,0
4450,M95772,M,298.73,309.91,1457,35.06,111,0,0,0,0,0,0
4451,L48227,L,298.77,310.01,1465,47.97,44,0,0,0,0,0,0
4452,L24937,L,301.69,313.88,1418,39.53,30,0,0,0,0,0,0
4453,M19754,M,301.97,311.02,1168,49.07,134,0,0,0,0,0,0
4454,M35688,M,301.57,311.91,1570,44.72,246,0,0,0,0,0,0
4455,M17048,M,301.59,312.05,1487,59.62,50,1,0,0,1,0,0
4456,L32568,L,301.14,312.58,1410,36.13,132,0,0,0,0,0,0
4457,M85019,M,300.26,310.27,1787,25.04,193,0,0,0,0,0,0
4458,L27545,L,299.65,309.15,1491,28.92,40,0,0,0,0,0,0
4459,L92949,L,302.42,311.91,1546,41.49,239,1,1,0,0,0,0
4460,L55217,L,299.25,311.1,1678,24.83,116,0,0,0,0,0,0
4461,L58122,L,300.74,310.7,1267,41.01,67,0,0,0,0,0,0
4462,L43746,L,298.39,308.54,1531,34.76,9,0,0,0,0,0,0
4463,H18709,H,298.68,310.02,1678,47.44,98,0,0,0,0,0,0
4464,L35358,L,299.53,309.53,1519,48.98,64,0,0,0,0,0,0
4465,M21023,M,298.39,307.39,1300,27.13,230,0,0,0,0,0,0
4466,L38756,L,301.6,310.71,1448,55.24,2,0,0,0,0,0,0
4467,L73175,L,297.3,307.95,1569,25.41,170,0,0,0,0,0,0
4468,L64281,L,300.2,311.4,1168,51.02,172,0,0,0,0,0,0
4469,H59289,H,300.27,310.76,1292,35.11,153,0,0,0,0,0,0
4470,M68097,M,296.38,307.51,1890,27.37,80,0,0,0,0,0,0
4471,H86681,H,299.12,308.21,1622,26.66,249,0,0,0,0,0,0
4472,H96728,H,300.51,309.67,1802,45.11,41,0,0,0,0,0,0
4473,L57259,L,300.86,313.81,1691,32.7,71,0,0,0,0,0,0
4474,L28839,L,299.59,311.52,1606,37.69,29,0,0,0,0,0,0
4475,M37410,M,301.35,312.82,1479,28.35,71,0,0,0,0,0,0
4476,L21447,L,299.78,309.82,1604,23.09,220,0,0,0,0,0,0
4477,L96569,L,300.03,310.49,1796,28.36,114,0,0,0,0,0,0
4478,L85665,L,300.5,311.2,1684,38.47,249,0,0,0,0,0,0
4479,L23907,L,301.85,313.87,1565,35.5,242,0,0,0,0,0,0
4480,L31637,L,298.65,309.75,1504,47.38,209,0,0,0,0,0,0
4481,L48196,L,299.03,310.25,1625,36.36,23,0,0,0,0,0,0
4482,L32369,L,298.66,309.19,1439,39.87,72,0,0,0,0,0,0
4483,L12589,L,299.34,310.83,1625,39.98,83,0,0,0,0,0,0
4484,L33560,L,302.85,313.85,1409,41.67,115,0,0,0,0,0,0
4485,L13034,L,301.15,311.89,1471,48.13,171,0,0,0,0,0,0
4486,M10169,M,297.74,307.69,1350,48.33,140,0,0,0,0,0,0
4487,L13239,L,298.8,309.39,1456,48.32,36,0,0,0,0,0,0
4488,L13415,L,300.75,310.37,1412,47.85,18,0,0,0,0,0,0
4489,M95488,M,298.19,308.85,1840,41.74,4,0,0,0,0,0,0
4490,L86944,L,298.55,309.34,1374,50.34,163,0,0,0,0,0,0
4491,L13484,L,302.69,310.99,1604,51.32,215,1,0,0,0,1,0
4492,M63987,M,298.77,309.24,1365,36.31,244,0,0,0,0,0,0
4493,L28225,L,301.91,311.43,1543,44.87,182,0,0,0,0,0,0
4494,M90459,M,302.51,313.71,1587,23.64,51,0,0,0,0,0,0
4495,M71104,M,298.53,309.87,1202,58.96,161,0,0,0,0,0,0
4496,M30936,M,298.22,308.49,1283,45.27,110,0,0,0,0,0,0
4497,L49612,L,299.45,310.7,1363,51.88,135,0,0,0,0,0,0
4498,L94946,L,297.82,309.11,1300,62.56,237,1,0,0,0,1,0
4499,L49952,L,300.24,310.71,1550,44.36,3,0,0,0,0,0,0
4500,L68945,L,299.59,311.82,1579,32.55,235,0,0,0,0,0,0
4501,L97399,L,300.72,310.7,1344,31.04,248,0,0,0,0,0,0
4502,L15380,L,302.79,314.0,1557,41.72,101,0,0,0,0,0,0
4503,L60298,L,301.63,312.11,1459,36.47,199,0,0,0,0,0,0
4504,L96246,L,300.98,310.84,1517,44.03,72,0,0,0,0,0,0
4505,L90821,L,296.07,306.42,1422,35.19,40,0,0,0,0,0,0
4506,L37260,L,300.89,310.49,1623,27.1,239,0,0,0,0,0,0
4507,M42879,M,303.45,314.0,1829,29.43,168,0,0,0,0,0,0
4508,L26143,L,295.0,305.0,1674,38.5,246,0,0,0,0,0,0
4509,L59744,L,301.38,313.47,1786,33.06,30,0,0,0,0,0,0
4510,H82949,H,299.68,309.45,1282,35.59,94,0,0,0,0,0,0
4511,L41578,L,298.3,309.84,1413,58.79,59,0,0,0,0,0,0
4512,L90262,L,301.6,312.33,1637,33.79,178,0,0,0,0,0,0
4513,L67331,L,303.42,314.0,1806,13.78,39,1,0,0,1,0,0
4514,M73815,M,301.55,311.66,1652,42.76,198,0,0,0,0,0,0
4515,L81519,L,299.26,310.31,1350,42.31,24,0,0,0,0,0,0
4516,L29178,L,298.11,308.95,1457,37.65,204,0,0,0,0,0,0
4517,L85857,L,300.29,309.53,1595,34.21,196,0,0,0,0,0,0
4518,M70197,M,301.75,311.48,1505,36.3,60,0,0,0,0,0,0
4519,L46366,L,299.23,309.38,1391,58.37,243,1,0,0,0,1,0
4520,L62955,L,299.42,309.36,1483,43.13,145,0,0,0,0,0,0
4521,M51911,M,304.5,314.0,1532,39.82,70,0,0,0,0,0,0
4522,L93422,L,302.16,312.86,1340,39.96,165,0,0,0,0,0,0
4523,M63619,M,302.3,312.22,1712,47.92,63,0,0,0,0,0,0
4524,L54296,L,297.08,307.29,1456,47.65,181,0,0,0,0,0,0
4525,M32791,M,298.59,308.78,1522,46.96,105,0,0,0,0,0,0
4526,L18301,L,300.15,310.56,1721,35.6,78,0,0,0,0,0,0
4527,M45779,M,298.0,307.62,1513,47.35,247,0,0,0,0,0,0
4528,H46894,H,303.2,313.09,1711,36.77,176,0,0,0,0,0,0
4529,L89618,L,302.82,314.0,1350,38.51,44,0,0,0,0,0,0
4530,L59250,L,298.93,309.82,1613,38.8,189,0,0,0,0,0,0
4531,L80994,L,303.57,314.0,1686,51.8,224,1,0,0,1,1,0
4532,L51770,L,299.99,310.69,1386,43.46,51,0,0,0,0,0,0
4533,L32300,L,304.5,314.0,1503,50.23,30,0,0,0,0,0,0
4534,L78235,L,300.29,310.78,1507,49.36,183,0,0,0,0,0,0
4535,L39485,L,301.15,312.37,1573,41.56,116,0,0,0,0,0,0
4536,L50285,L,302.8,313.94,1620,50.0,72,0,0,0,0,0,0
4537,L76555,L,302.56,311.68,1371,19.09,146,1,0,0,1,0,0
4538,M42471,M,301.02,311.59,1524,20.33,123,1,0,0,1,0,0
4539,L58671,L,299.72,308.91,1821,45.04,69,0,0,0,0,0,0
4540,L30270,L,301.03,312.36,1725,27.84,181,0,0,0,0,0,0
4541,L98151,L,298.37,309.84,1678,35.1,99,0,0,0,0,0,0
4542,L23698,L,300.3,310.39,1500,54.9,223,1,0,0,0,1,0
4543,L82265,L,297.78,308.36,1918,31.36,155,0,0,0,0,0,0
4544,L49729,L,296.44,305.03,1720,47.37,186,0,0,0,0,0,0
4545,L21171,L,300.1,311.77,1542,33.56,61,0,0,0,0,0,0
4546,M89483,M,302.52,313.93,1575,41.99,177,0,0,0,0,0,0
4547,L70684,L,301.85,313.7,1452,40.02,165,0,0,0,0,0,0
4548,M65165,M,299.84,312.02,1606,48.98,9,0,0,0,0,0,0
4549,M59948,M,303.49,312.97,1642,32.62,162,0,0,0,0,0,0
4550,M44725,M,298.86,310.45,1661,26.17,45,0,0,0,0,0,0
4551,H29450,H,296.16,308.34,1502,33.68,23,0,0,0,0,0,0
4552,L23300,L,295.64,305.0,1270,40.35,97,0,0,0,0,0,0
4553,L94600,L,297.64,308.17,1579,30.42,114,0,0,0,0,0,0
4554,M14441,M,301.63,311.97,1662,28.53,72,0,0,0,0,0,0
4555,L29332,L,298.73,310.29,1359,53.99,218,1,1,0,0,1,0
4556,L30115,L,300.92,309.23,1519,51.01,97,0,0,0,0,0,0
4557,M97404,M,303.29,314.0,1776,35.41,206,0,0,0,0,0,0
4558,M51997,M,297.8,308.39,1318,36.43,90,0,0,0,0,0,0
4559,H96151,H,300.96,312.57,1484,32.97,90,0,0,0,0,0,0
4560,H23615,H,301.08,311.72,1803,15.31,126,1,0,0,1,0,0
4561,M24732,M,298.28,309.47,1563,40.13,159,0,0,0,0,0,0
4562,L35367,L,302.71,311.09,1440,32.99,236,0,0,0,0,0,0
4563,M52738,M,299.42,309.74,1534,51.1,26,0,0,0,0,0,0
4564,L10981,L,299.23,310.78,1684,22.31,25,0,0,0,0,0,0
4565,L72881,L,304.22,314.0,1498,32.58,171,0,0,0,0,0,0
4566,M68609,M,301.05,310.11,1643,34.05,144,0,0,0,0,0,0
4567,L97090,L,301.85,312.61,1577,40.55,143,0,0,0,0,0,0
4568,L91666,L,302.71,312.59,1592,52.21,226,1,0,0,0,1,0
4569,L94351,L,298.7,308.49,1654,22.77,153,0,0,0,0,0,0
4570,M18566,M,302.5,311.68,1482,35.74,101,0,0,0,0,0,0
4571,L81885,L,299.0,310.31,1365,26.99,55,0,0,0,0,0,0
4572,M20728,M,298.91,310.72,1620,42.34,221,1,1,0,0,0,0
4573,L93911,L,299.46,312.28,1511,31.78,233,1,1,0,0,0,0
4574,M97350,M,298.76,307.98,1454,38.38,164,0,0,0,0,0,0
4575,M46214,M,301.64,313.11,1630,33.64,205,0,0,0,0,0,0
4576,L67935,L,300.53,312.07,1765,33.41,81,0,0,0,0,0,0
4577,L97081,L,299.02,309.14,1507,36.53,219,0,0,0,0,0,0
4578,L55588,L,301.35,311.13,1537,28.23,231,1,1,0,0,0,0
4579,H28953,H,299.45,309.06,1322,44.25,143,0,0,0,0,0,0
4580,M78408,M,299.34,309.52,1495,30.72,1,0,0,0,0,0,0
4581,H84904,H,300.1,311.0,1575,43.79,211,0,0,0,0,0,0
4582,L44103,L,300.93,312.99,1531,37.95,157,0,0,0,0,0,0
4583,M80949,M,300.78,312.59,1470,28.85,72,0,0,0,0,0,0
4584,M59264,M,299.27,308.36,1666,55.1,182,1,0,0,1,0,0
4585,M30156,M,301.69,311.61,1545,52.45,190,0,0,0,0,0,0
4586,H23423,H,299.56,311.55,2001,46.13,114,1,0,0,1,0,0
4587,L48062,L,298.69,308.66,1572,33.32,63,0,0,0,0,0,0
4588,L52805,L,297.06,307.71,1168,38.81,64,0,0,0,0,0,0
4589,M11987,M,301.97,310.96,1335,51.58,154,0,0,0,0,0,0
4590,M72979,M,300.02,311.88,1631,44.87,245,0,0,0,0,0,0
4591,L47597,L,300.42,309.21,1419,42.36,136,0,0,0,0,0,0
4592,L93905,L,302.09,311.15,1430,18.99,211,1,0,0,1,0,0
4593,L37868,L,299.05,310.8,1312,32.96,90,0,0,0,0,0,0
4594,L86970,L,297.25,309.87,1449,43.71,166,0,0,0,0,0,0
4595,L73805,L,300.14,310.55,1570,30.47,162,0,0,0,0,0,0
4596,M90084,M,300.62,311.27,1604,23.52,160,0,0,0,0,0,0
4597,M26636,M,299.47,311.08,1351,39.67,140,0,0,0,0,0,0
4598,L67467,L,302.95,313.94,1680,6.42,77,1,0,0,1,0,0
4599,L27007,L,295.03,305.35,1321,36.84,180,0,0,0,0,0,0
4600,L86864,L,302.24,312.45,1614,31.72,0,0,0,0,0,0,0
4601,L13389,L,301.58,310.72,1596,38.69,177,0,0,0,0,0,0
4602,M19458,M,300.91,311.85,1367,47.66,70,0,0,0,0,0,0
4603,H78481,H,295.0,305.61,1345,46.61,174,0,0,0,0,0,0
4604,L84888,L,302.57,312.83,1604,43.74,224,0,0,0,0,0,0
4605,M86022,M,297.95,307.65,1434,38.27,245,0,0,0,0,0,0
4606,M51400,M,298.98,308.78,1501,24.29,102,0,0,0,0,0,0
4607,M77628,M,299.66,310.98,1659,34.92,243,0,0,0,0,0,0
4608,L61857,L,300.81,312.4,1621,27.61,179,0,0,0,0,0,0
4609,H74367,H,301.28,311.65,1370,27.63,33,0,0,0,0,0,0
4610,L46527,L,301.79,312.05,1525,43.0,237,1,1,0,0,0,0
4611,L80648,L,301.63,311.48,1367,27.11,116,0,0,0,0,0,0
4612,L26937,L,300.51,312.14,1692,39.63,91,0,0,0,0,0,0
4613,L47672,L,300.83,311.56,1812,21.41,6,0,0,0,0,0,0
4614,L11112,L,297.82,308.89,1383,38.42,173,0,0,0,0,0,0
4615,L45545,L,298.5,309.56,1529,32.18,115,0,0,0,0,0,0
4616,L99017,L,301.79,312.18,1700,43.28,254,0,0,0,0,0,0
4617,M58355,M,301.67,311.21,1539,42.75,215,0,0,0,0,0,0
4618,M85561,M,301.45,311.15,1636,27.8,78,0,0,0,0,0,0
4619,L44082,L,298.97,310.8,1544,35.64,23,0,0,0,0,0,0
4620,M70482,M,301.82,311.8,1345,56.77,90,0,0,0,0,0,0
4621,M89098,M,297.68,307.97,1556,50.55,38,0,0,0,0,0,0
4622,M21304,M,302.15,311.72,1738,21.69,189,0,0,0,0,0,0
4623,L66625,L,299.48,308.96,1592,47.85,194,0,0,0,0,0,0
4624,M82551,M,303.37,313.3,1827,41.07,73,0,0,0,0,0,0
4625,H54885,H,296.96,309.35,1216,49.22,203,0,0,0,0,0,0
4626,M81246,M,303.53,314.0,1603,34.93,168,0,0,0,0,0,0
4627,L22588,L,299.28,309.45,1418,34.84,156,0,0,0,0,0,0
4628,L30967,L,299.24,311.02,1377,28.56,199,0,0,0,0,0,0
4629,M97440,M,300.39,310.94,1775,35.01,201,1,1,0,0,0,0
4630,L34256,L,298.61,310.66,1489,36.84,16,0,0,0,0,0,0
4631,L68348,L,299.86,312.77,1472,43.16,136,0,0,0,0,0,0
4632,L35052,L,298.52,310.25,1597,40.0,118,0,0,0,0,0,0
4633,M90972,M,298.6,309.39,1168,76.6,233,1,1,0,1,1,0
4634,M97351,M,300.97,312.37,1779,41.84,249,0,0,0,0,0,0
4635,L68479,L,298.2,308.91,1878,34.68,14,0,0,0,0,0,0
4636,H90732,H,298.46,307.33,1700,15.7,3,1,0,0,1,0,0
4637,L70200,L,297.25,307.3,1609,39.1,148,0,0,0,0,0,0
4638,M93625,M,298.99,308.74,1496,53.45,70,0,0,0,0,0,0
4639,M93140,M,302.62,312.65,1341,38.15,175,0,0,0,0,0,0
4640,M12506,M,298.31,310.8,1750,50.67,135,1,0,0,1,0,0
4641,H30709,H,298.54,310.36,1700,38.29,45,0,0,0,0,0,0
4642,L68535,L,300.39,311.53,1616,38.07,211,0,0,0,0,0,0
4643,M54840,M,299.26,310.77,1595,27.02,134,0,0,0,0,0,0
4644,L70587,L,304.46,313.26,1589,49.61,109,0,0,0,0,0,0
4645,M69321,M,299.67,311.1,1440,31.52,197,0,0,0,0,0,0
4646,M53202,M,300.67,312.31,1985,24.79,136,0,0,0,0,0,0
4647,M66588,M,301.89,310.35,1484,20.46,205,1,1,0,1,0,0
4648,L13090,L,301.85,313.31,1458,48.1,175,0,0,0,0,0,0
4649,M69231,M,300.47,309.74,1737,37.84,99,0,0,0,0,0,0
4650,L31552,L,299.68,308.41,1530,37.55,51,0,0,0,0,0,0
4651,L90227,L,304.05,314.0,1532,44.33,156,0,0,0,0,0,0
4652,M43741,M,299.8,309.49,1790,37.19,2,0,0,0,0,0,0
4653,L31661,L,299.12,309.1,1657,31.42,108,0,0,0,0,0,0
4654,M51025,M,298.71,310.4,1666,27.64,158,0,0,0,0,0,0
4655,L16092,L,296.55,306.94,1280,25.57,87,1,0,0,1,0,0
4656,L45674,L,301.64,312.16,1607,34.07,62,0,0,0,0,0,0
4657,M10570,M,295.3,305.8,1354,28.48,151,0,0,0,0,0,0
4658,L22084,L,299.99,311.04,1453,41.03,175,0,0,0,0,0,0
4659,L75843,L,299.59,310.06,1567,35.11,99,0,0,0,0,0,0
4660,M70752,M,304.48,314.0,1528,33.72,34,0,0,0,0,0,0
4661,L79278,L,296.34,306.53,1653,43.74,117,0,0,0,0,0,0
4662,M10765,M,298.2,309.25,1674,25.79,24,0,0,0,0,0,0
4663,L34198,L,299.73,310.74,1687,18.27,183,1,0,0,1,0,0
4664,M71201,M,299.6,312.2,1293,41.81,102,0,0,0,0,0,0
4665,M83271,M,298.9,309.22,1960,23.82,246,0,0,0,0,0,0
4666,M91738,M,299.84,310.35,1531,38.57,20,0,0,0,0,0,0
4667,L57199,L,297.48,308.42,1753,25.21,142,0,0,0,0,0,0
4668,M21377,M,300.71,312.38,1168,54.21,225,1,0,0,0,1,0
4669,M89833,M,295.36,305.0,1487,29.15,200,0,0,0,0,0,0
4670,M18036,M,299.95,310.75,1272,33.96,130,0,0,0,0,0,0
4671,L50364,L,298.8,306.99,1380,47.92,120,1,0,1,0,0,0
4672,M99905,M,302.03,312.46,1544,36.68,9,0,0,0,0,0,0
4673,M47443,M,303.51,314.0,1475,27.32,177,0,0,0,0,0,0
4674,L11663,L,299.34,309.31,1772,24.65,206,0,0,0,0,0,0
4675,L49244,L,302.78,313.66,1853,28.03,252,0,0,0,0,0,0
4676,M68391,M,299.37,309.54,1361,30.07,125,0,0,0,0,0,0
4677,L87564,L,298.07,307.91,1447,36.74,79,0,0,0,0,0,0
4678,H95359,H,303.49,314.0,1349,39.78,12,0,0,0,0,0,0
4679,M25077,M,301.04,310.7,1743,25.33,43,0,0,0,0,0,0
4680,M67849,M,300.01,311.0,1564,42.6,235,0,0,0,0,0,0
4681,L29631,L,301.37,312.38,1541,27.7,128,0,0,0,0,0,0
4682,L62652,L,300.55,310.4,1591,47.22,174,0,0,0,0,0,0
4683,H77446,H,299.86,310.72,1479,36.62,249,0,0,0,0,0,0
4684,L43500,L,297.35,307.11,1381,34.65,54,0,0,0,0,0,0
4685,M29897,M,299.46,310.68,1544,42.11,160,0,0,0,0,0,0
4686,L68915,L,301.25,310.63,1487,38.86,199,0,0,0,0,0,0
4687,L47377,L,299.75,310.11,1597,42.68,15,0,0,0,0,0,0
4688,L86670,L,301.8,312.25,1241,23.07,47,1,0,0,1,0,0
4689,L36897,L,300.77,312.58,1569,41.25,34,0,0,0,0,0,0
4690,H57280,H,298.24,309.08,1411,35.34,50,0,0,0,0,0,0
4691,L67320,L,297.36,309.02,1562,37.02,187,0,0,0,0,0,0
4692,L82592,L,299.69,310.94,1698,33.0,77,0,0,0,0,0,0
4693,L78289,L,298.95,310.2,1435,53.37,104,0,0,0,0,0,0
4694,L41941,L,300.67,311.04,1750,17.51,90,1,0,0,1,0,0
4695,L24234,L,298.56,310.28,1222,65.83,171,1,0,0,0,1,0
4696,M85172,M,298.77,309.11,1813,37.19,175,0,0,0,0,0,0
4697,L13376,L,302.11,311.08,1758,33.83,128,0,0,0,0,0,0
4698,L40783,L,300.3,310.78,1375,26.73,230,0,0,0,0,0,0
4699,L51249,L,298.59,309.75,1377,24.22,241,1,0,0,1,0,0
4700,H53025,H,300.04,309.13,1266,38.91,106,0,0,0,0,0,0
4701,L26447,L,302.76,312.57,1701,39.04,93,0,0,0,0,0,0
4702,L95865,L,300.59,310.06,1476,38.77,34,0,0,0,0,0,0
4703,M26713,M,301.19,312.67,1462,44.85,254,0,0,0,0,0,0
4704,L14858,L,298.5,310.87,1333,27.26,137,0,0,0,0,0,0
4705,L61115,L,302.05,312.54,1861,31.13,94,0,0,0,0,0,0
4706,L95008,L,304.5,314.0,1360,53.67,11,0,0,0,0,0,0
4707,M69834,M,298.42,309.62,1539,50.73,103,0,0,0,0,0,0
4708,L92060,L,297.64,309.89,1574,24.99,34,0,0,0,0,0,0
4709,M14539,M,300.35,310.4,1463,35.71,225,0,0,0,0,0,0
4710,M73983,M,301.75,312.23,1427,36.73,166,0,0,0,0,0,0
4711,L28857,L,299.82,310.18,1469,32.91,127,0,0,0,0,0,0
4712,L15364,L,297.89,308.67,1637,42.95,95,0,0,0,0,0,0
4713,L75985,L,299.78,312.99,1473,66.84,203,1,0,0,1,1,0
4714,M69169,M,301.2,311.93,1828,22.62,172,0,0,0,0,0,0
4715,L96366,L,299.19,309.03,1395,45.43,27,0,0,0,0,0,0
4716,L31078,L,301.21,310.76,1671,36.83,210,0,0,0,0,0,0
4717,L47574,L,302.33,314.0,1219,50.73,151,0,0,0,0,0,0
4718,H10869,H,300.48,310.32,1395,54.75,147,0,0,0,0,0,0
4719,L72624,L,299.94,311.31,1388,45.13,213,0,0,0,0,0,0
4720,H50075,H,301.66,311.68,1336,19.98,10,1,0,0,1,0,0
4721,L13659,L,298.29,307.72,1586,23.15,27,0,0,0,0,0,0
4722,L46370,L,298.09,309.4,1515,27.73,236,1,1,0,0,0,0
4723,L68185,L,299.47,309.54,1168,39.87,231,0,0,0,0,0,0
4724,L89921,L,299.02,310.14,1894,29.19,19,0,0,0,0,0,0
4725,L53751,L,298.39,309.59,1567,34.61,196,0,0,0,0,0,0
4726,L72758,L,303.66,314.0,1535,20.31,242,1,0,0,1,0,0
4727,H94873,H,304.34,314.0,1771,19.34,190,0,0,0,0,0,0
4728,M15131,M,299.29,310.68,1713,15.73,115,1,0,0,1,0,0
4729,M11358,M,300.18,309.96,1481,23.65,57,0,0,0,0,0,0
4730,L67371,L,299.62,307.87,1184,60.41,39,1,0,1,0,0,0
4731,L92307,L,302.21,313.62,1637,32.64,6,0,0,0,0,0,0
4732,L89139,L,302.61,313.48,1362,32.06,85,0,0,0,0,0,0
4733,M26246,M,296.45,306.54,1758,16.97,164,1,0,0,1,0,0
4734,H27216,H,300.95,310.18,1395,30.67,232,0,0,0,0,0,0
4735,L51209,L,297.39,306.05,1454,45.4,156,0,0,0,0,0,0
4736,L52987,L,303.52,314.0,1293,49.57,75,0,0,0,0,0,0
4737,L30577,L,300.88,313.23,1308,41.05,92,0,0,0,0,0,0
4738,L52320,L,298.35,308.91,1515,35.29,163,0,0,0,0,0,0
4739,L21301,L,299.52,309.86,1499,21.3,34,1,0,0,1,0,0
4740,M85051,M,299.42,310.1,1449,31.86,106,0,0,0,0,0,0
4741,M10891,M,301.05,313.93,1905,34.26,149,0,0,0,0,0,0
4742,L31972,L,302.08,313.54,1644,28.98,17,0,0,0,0,0,0
4743,L60457,L,297.7,307.47,1537,52.41,184,0,0,0,0,0,0
4744,H64435,H,303.68,314.0,1168,63.84,85,0,0,0,0,0,0
4745,L30932,L,303.21,314.0,1684,30.17,82,0,0,0,0,0,0
4746,L14192,L,298.25,307.89,2074,25.79,33,0,0,0,0,0,0
4747,L26128,L,300.15,311.6,1501,59.38,200,1,0,0,1,1,0
4748,L32836,L,303.42,313.3,1389,49.98,73,0,0,0,0,0,0
4749,L34837,L,302.47,311.65,1564,37.27,82,0,0,0,0,0,0
4750,M32778,M,299.33,310.1,1277,46.94,101,0,0,0,0,0,0
4751,L53130,L,301.63,312.25,1618,36.73,8,0,0,0,0,0,0
4752,L26708,L,304.5,314.0,1805,31.61,50,0,0,0,0,0,0
4753,M34232,M,300.21,310.15,1414,29.67,27,0,0,0,0,0,0
4754,L67266,L,298.73,308.81,1420,36.29,221,0,0,0,0,0,0
4755,M49412,M,300.34,312.17,1521,24.15,24,0,0,0,0,0,0
4756,M14782,M,300.49,311.63,1445,46.84,209,0,0,0,0,0,0
4757,L71196,L,298.95,308.69,1263,43.87,179,0,0,0,0,0,0
4758,M36315,M,300.88,309.63,1466,46.67,25,0,0,0,0,0,0
4759,L20052,L,297.49,307.28,1429,27.31,146,0,0,0,0,0,0
4760,H29521,H,298.67,309.53,1781,43.61,246,0,0,0,0,0,0
4761,L79434,L,301.52,311.58,1743,43.54,218,0,0,0,0,0,0
4762,H92755,H,296.49,306.48,1787,19.45,99,0,0,0,0,0,0
4763,M79690,M,301.81,311.92,1679,29.8,67,0,0,0,0,0,0
4764,L45546,L,295.98,306.6,1572,32.83,48,0,0,0,0,0,0
4765,L89345,L,296.54,308.02,1378,26.64,25,0,0,0,0,0,0
4766,H35972,H,299.0,309.7,1774,30.2,44,0,0,0,0,0,0
4767,M88059,M,300.57,311.34,1598,40.87,66,0,0,0,0,0,0
4768,L74385,L,302.65,313.13,1310,38.59,244,0,0,0,0,0,0
4769,M32030,M,300.12,310.32,1371,23.9,116,1,0,0,1,0,0
4770,L50376,L,299.51,311.1,1308,52.28,99,0,0,0,0,0,0
4771,L95641,L,301.16,312.6,1168,39.35,134,0,0,0,0,0,0
4772,L99831,L,298.26,311.0,1605,29.57,9,0,0,0,0,0,0
4773,L87400,L,300.28,311.59,1312,62.02,236,1,0,0,0,1,0
4774,M88412,M,297.6,307.8,1399,45.02,249,0,0,0,0,0,0
4775,L28055,L,300.17,309.96,1542,29.64,195,0,0,0,0,0,0
4776,M97508,M,299.74,311.39,1501,26.82,134,0,0,0,0,0,0
4777,L35493,L,298.39,308.28,1407,50.57,149,0,0,0,0,0,0
4778,L84861,L,300.33,311.84,1808,38.79,253,0,0,0,0,0,0
4779,L46775,L,300.32,310.26,1260,39.71,221,0,0,0,0,0,0
4780,L61057,L,302.35,313.4,1268,30.96,213,0,0,0,0,0,0
4781,L95909,L,296.79,306.43,1617,38.84,52,0,0,0,0,0,0
4782,L46253,L,299.85,311.33,1422,46.27,28,0,0,0,0,0,0
4783,L96717,L,298.48,307.95,1415,36.71,138,0,0,0,0,0,0
4784,L61884,L,301.74,312.71,1341,30.95,126,0,0,0,0,0,0
4785,L86497,L,301.51,312.01,1596,36.12,190,0,0,0,0,0,0
4786,L27705,L,301.02,311.82,1576,40.56,207,0,0,0,0,0,0
4787,M54676,M,298.59,308.9,1556,32.33,188,0,0,0,0,0,0
4788,H89045,H,301.77,312.05,1430,42.69,55,0,0,0,0,0,0
4789,L17101,L,296.94,307.79,1400,44.62,120,0,0,0,0,0,0
4790,L72495,L,296.53,306.23,1506,48.95,235,1,0,0,0,1,0
4791,L14743,L,297.45,307.14,1709,30.0,56,0,0,0,0,0,0
4792,H18951,H,299.93,310.27,1817,22.55,133,0,0,0,0,0,0
4793,L17014,L,301.35,311.65,1735,32.47,36,0,0,0,0,0,0
4794,L46180,L,295.0,305.0,1626,50.1,12,0,0,0,0,0,0
4795,L66977,L,302.65,314.0,1712,18.72,224,1,0,0,1,0,0
4796,L69534,L,300.26,310.63,1322,18.27,46,1,0,0,1,0,0
4797,L73209,L,296.86,307.34,1407,39.64,242,0,0,0,0,0,0
4798,M51908,M,300.2,309.57,1629,31.83,199,0,0,0,0,0,0
4799,L60918,L,302.19,314.0,1514,35.88,74,0,0,0,0,0,0
4800,M18219,M,301.2,314.0,1596,33.7,224,0,0,0,0,0,0
4801,L17163,L,302.2,312.12,1711,41.9,191,0,0,0,0,0,0
4802,L12470,L,297.27,309.19,1683,33.68,96,0,0,0,0,0,0
4803,H26543,H,299.17,309.78,1339,51.57,171,0,0,0,0,0,0
4804,L29276,L,298.15,310.45,1537,14.19,175,1,0,0,1,0,0
4805,M46881,M,303.44,314.0,1369,36.31,231,1,1,0,0,0,0
4806,L88950,L,301.28,312.08,1395,32.7,90,0,0,0,0,0,0
4807,L17749,L,304.5,312.7,1227,20.02,237,1,0,1,1,0,0
4808,H34182,H,299.06,308.89,1559,37.7,102,0,0,0,0,0,0
4809,L87450,L,298.55,309.27,1214,46.02,145,0,0,0,0,0,0
4810,M90543,M,299.71,310.61,1606,31.51,117,0,0,0,0,0,0
4811,L31383,L,302.76,312.24,1780,31.18,172,0,0,0,0,0,0
4812,M88578,M,299.27,309.24,1630,36.05,159,0,0,0,0,0,0
4813,L35412,L,300.25,311.5,1544,46.5,236,0,0,0,0,0,0
4814,L23181,L,300.19,309.51,1811,36.72,232,0,0,0,0,0,0
4815,M54898,M,300.08,310.91,1594,38.9,23,0,0,0,0,0,0
4816,H69630,H,298.7,310.63,1380,65.48,85,1,0,0,1,0,0
4817,H13405,H,299.73,310.81,1558,30.27,177,0,0,0,0,0,0
4818,M20862,M,299.64,310.68,1888,20.03,58,0,0,0,0,0,0
4819,M64679,M,299.98,308.66,1338,55.38,254,1,0,1,0,1,0
4820,L38688,L,301.89,311.77,1287,65.32,2,0,0,0,0,0,0
4821,L58017,L,303.52,314.0,1646,29.29,66,0,0,0,0,0,0
4822,L22939,L,298.32,308.42,1495,51.54,13,0,0,0,0,0,0
4823,L49585,L,299.22,311.18,1439,34.5,95,0,0,0,0,0,0
4824,L32942,L,298.35,308.44,1308,50.19,200,1,1,0,0,0,0
4825,L15272,L,300.37,310.8,1184,56.14,15,0,0,0,0,0,0
4826,L54134,L,298.92,310.14,1273,37.91,216,1,1,0,0,0,0
4827,M34265,M,300.48,311.28,1826,45.87,196,0,0,0,0,0,0
4828,L58192,L,302.21,313.29,1533,55.69,189,0,0,0,0,0,0
4829,L38668,L,295.0,305.0,1182,36.11,204,0,0,0,0,0,0
4830,L91560,L,300.98,310.55,1748,34.42,186,0,0,0,0,0,0
4831,M79283,M,299.08,308.89,1757,40.06,94,0,0,0,0,0,0
4832,M19297,M,300.92,311.09,1756,17.27,148,1,0,0,1,0,0
4833,M74005,M,298.21,308.68,1459,39.53,167,0,0,0,0,0,0
4834,L68434,L,302.39,314.0,1487,22.61,60,0,0,0,0,0,0
4835,L74749,L,301.83,312.61,1560,42.86,50,0,0,0,0,0,0
4836,L11607,L,301.14,312.32,1787,32.75,200,0,0,0,0,0,0
4837,L69183,L,301.59,312.43,1435,36.19,84,0,0,0,0,0,0
4838,L96994,L,298.51,308.09,1399,24.91,200,0,0,0,0,0,0
4839,L66305,L,298.76,309.48,1660,29.35,9,0,0,0,0,0,0
4840,L37973,L,301.5,312.34,1753,36.93,168,0,0,0,0,0,0
4841,H33117,H,298.46,309.92,1525,37.17,235,0,0,0,0,0,0
4842,H91986,H,302.89,312.52,1656,44.92,11,0,0,0,0,0,0
4843,L91071,L,299.35,308.01,1555,47.23,202,0,0,0,0,0,0
4844,L17645,L,301.0,311.88,1490,48.89,211,0,0,0,0,0,0
4845,L52238,L,304.2,314.0,1386,35.79,241,0,0,0,0,0,0
4846,L79694,L,298.59,309.11,1327,46.35,191,0,0,0,0,0,0
4847,H51773,H,300.14,310.87,1424,30.52,127,0,0,0,0,0,0
4848,L26786,L,302.11,313.69,1359,28.87,254,0,0,0,0,0,0
4849,M50693,M,301.9,312.14,1586,46.8,166,0,0,0,0,0,0
4850,L36578,L,299.34,309.77,1754,22.97,96,0,0,0,0,0,0
4851,H56408,H,298.97,309.75,1572,24.66,191,0,0,0,0,0,0
4852,L79702,L,299.53,309.01,1369,42.94,198,0,0,0,0,0,0
4853,M94845,M,302.9,313.44,1689,31.63,0,0,0,0,0,0,0
4854,L25076,L,299.44,310.08,1588,34.41,13,0,0,0,0,0,0
4855,M29377,M,300.16,312.49,1624,55.61,172,1,0,0,1,0,0
4856,L19278,L,299.15,309.55,1442,29.87,148,0,0,0,0,0,0
4857,L74808,L,301.41,312.31,1739,37.02,172,0,0,0,0,0,0
4858,H43539,H,300.31,311.93,1738,33.68,112,0,0,0,0,0,0
4859,H21440,H,297.99,307.86,1502,47.78,199,0,0,0,0,0,0
4860,M36245,M,298.06,310.14,1664,27.66,80,0,0,0,0,0,0
4861,M32097,M,296.0,308.47,1733,31.2,61,0,0,0,0,0,0
4862,M83703,M,298.34,309.01,1451,40.61,44,0,0,0,0,0,0
4863,L77092,L,301.59,311.75,1520,24.18,181,0,0,0,0,0,0
4864,L11151,L,302.65,314.0,1549,20.29,126,1,0,0,1,0,0
4865,L31698,L,301.37,312.87,1337,42.62,112,0,0,0,0,0,0
4866,M27601,M,301.11,311.89,1614,47.36,78,0,0,0,0,0,0
4867,L36807,L,299.75,311.87,1719,30.4,129,0,0,0,0,0,0
4868,L55302,L,301.55,313.57,1509,35.93,140,0,0,0,0,0,0
4869,L95864,L,300.57,310.94,1596,46.22,243,1,0,0,0,1,0
4870,M18039,M,303.61,314.0,1787,30.87,156,0,0,0,0,0,0
4871,L57427,L,299.8,311.08,1462,46.8,155,0,0,0,0,0,0
4872,L81839,L,302.69,313.41,1600,59.69,7,1,0,0,1,0,0
4873,L68049,L,301.75,311.06,1432,34.23,162,0,0,0,0,0,0
4874,L29053,L,301.47,311.23,1428,38.36,254,0,0,0,0,0,0
4875,L96298,L,295.98,305.32,1597,39.44,23,0,0,0,0,0,0
4876,M99147,M,301.86,313.05,1578,49.83,6,0,0,0,0,0,0
4877,M65413,M,299.74,309.26,1635,34.04,27,0,0,0,0,0,0
4878,M75958,M,299.11,310.0,1549,43.74,213,0,0,0,0,0,0
4879,L41275,L,297.03,309.57,1619,38.47,89,0,0,0,0,0,0
4880,M36597,M,299.99,312.12,1835,30.66,208,0,0,0,0,0,0
4881,L87521,L,300.07,308.93,1726,29.71,190,0,0,0,0,0,0
4882,L78908,L,297.39,306.82,1596,30.43,229,0,0,0,0,0,0
4883,M91619,M,297.05,306.98,1626,62.25,5,1,0,0,1,0,0
4884,L65188,L,300.97,310.5,1481,23.78,121,0,0,0,0,0,0
4885,L44710,L,301.74,310.79,1506,24.28,119,0,0,0,0,0,0
4886,M85486,M,300.38,311.07,1624,37.45,10,0,0,0,0,0,0
4887,L59050,L,302.3,313.71,1551,38.82,37,0,0,0,0,0,0
4888,M59249,M,299.83,311.48,1678,37.79,193,0,0,0,0,0,0
4889,L44247,L,299.89,310.12,1763,25.39,190,0,0,0,0,0,0
4890,M80162,M,298.17,308.59,1517,28.08,31,0,0,0,0,0,0
4891,L36408,L,296.88,307.94,1173,45.35,25,0,0,0,0,0,0
4892,L86313,L,303.71,314.0,1901,36.98,222,0,0,0,0,0,0
4893,M80683,M,302.26,313.77,1418,30.13,31,0,0,0,0,0,0
4894,L15443,L,297.21,308.35,1570,37.87,162,0,0,0,0,0,0
4895,L10079,L,300.31,310.64,1666,29.99,129,0,0,0,0,0,0
4896,L48345,L,299.8,308.64,1789,19.82,130,0,0,0,0,0,0
4897,L22901,L,299.45,311.65,1860,20.94,160,0,0,0,0,0,0
4898,L77759,L,299.18,309.2,1470,47.86,6,0,0,0,0,0,0
4899,L52732,L,300.76,311.82,1749,27.81,212,1,1,0,0,0,0
4900,H89304,H,301.64,310.42,1571,47.82,175,0,0,0,0,0,0
4901,L27507,L,300.8,311.49,2029,27.98,88,0,0,0,0,0,0
4902,L91785,L,299.76,310.56,1733,21.75,79,0,0,0,0,0,0
4903,L45391,L,299.69,310.53,1503,42.67,150,0,0,0,0,0,0
4904,L44171,L,301.87,314.0,1392,32.91,80,0,0,0,0,0,0
4905,H61730,H,300.93,311.0,1168,44.43,96,0,0,0,0,0,0
4906,L17485,L,300.15,311.67,1656,44.38,209,0,0,0,0,0,0
4907,H47748,H,299.93,311.15,1717,22.62,102,0,0,0,0,0,0
4908,L13878,L,300.69,310.71,1669,30.47,214,0,0,0,0,0,0
4909,M11949,M,299.06,310.57,1168,35.77,8,0,0,0,0,0,0
4910,L95380,L,301.64,312.18,1309,30.76,66,0,0,0,0,0,0
4911,M30881,M,297.85,309.42,1622,31.15,175,0,0,0,0,0,0
4912,L61306,L,299.18,311.84,1856,24.25,162,0,0,0,0,0,0
4913,L97150,L,301.22,312.07,1525,35.0,61,0,0,0,0,0,0
4914,L99364,L,297.73,308.15,1731,38.38,151,0,0,0,0,0,0
4915,L19958,L,296.85,308.61,1349,34.5,69,0,0,0,0,0,0
4916,H69185,H,300.13,312.22,1572,23.07,210,1,1,0,0,0,0
4917,L18697,L,296.61,306.42,1486,44.75,247,1,0,0,0,1,0
4918,L97160,L,297.4,307.65,1749,26.56,77,0,0,0,0,0,0
4919,M25493,M,301.51,312.89,1438,58.06,2,0,0,0,0,0,0
4920,L52801,L,299.59,310.16,1837,28.0,5,0,0,0,0,0,0
4921,H31199,H,302.57,312.32,1480,37.41,208,0,0,0,0,0,0
4922,M75792,M,297.59,308.83,1342,18.1,163,1,0,0,1,0,0
4923,L44488,L,299.81,311.18,1348,30.15,85,0,0,0,0,0,0
4924,M40493,M,300.8,311.16,1423,17.32,52,1,0,0,1,0,0
4925,L59002,L,297.66,308.42,1602,38.4,131,0,0,0,0,0,0
4926,L33731,L,302.06,312.19,1425,39.38,9,0,0,0,0,0,0
4927,L17076,L,301.02,310.63,1387,47.81,223,0,0,0,0,0,0
4928,L11071,L,296.78,306.98,1695,40.62,254,0,0,0,0,0,0
4929,M77602,M,299.92,310.7,1168,60.85,238,1,0,0,0,1,0
4930,H51410,H,300.77,310.0,1458,37.1,112,0,0,0,0,0,0
4931,L64327,L,298.82,309.1,1295,45.19,243,0,0,0,0,0,0
4932,L71072,L,297.04,307.83,1379,47.57,48,0,0,0,0,0,0
4933,H51041,H,300.56,312.45,1579,29.08,170,0,0,0,0,0,0
4934,L63326,L,304.42,314.0,1498,29.28,249,0,0,0,0,0,0
4935,L48549,L,299.23,308.68,1482,53.55,195,0,0,0,0,0,0
4936,L63096,L,303.14,313.63,1749,17.97,12,1,0,0,1,0,0
4937,H65578,H,298.5,308.63,1533,42.06,82,0,0,0,0,0,0
4938,L56390,L,300.43,311.68,1860,33.43,109,0,0,0,0,0,0
4939,M56052,M,301.54,311.91,1663,24.77,118,0,0,0,0,0,0
4940,M53167,M,299.98,307.97,1361,35.07,170,1,0,1,0,0,0
4941,L64587,L,299.4,313.8,1883,27.71,245,0,0,0,0,0,0
4942,L71292,L,301.45,312.29,1585,38.11,101,0,0,0,0,0,0
4943,M85419,M,303.78,314.0,1872,33.3,175,0,0,0,0,0,0
4944,L52139,L,300.6,309.76,1487,38.23,217,0,0,0,0,0,0
4945,M97753,M,298.97,308.2,1584,37.88,157,0,0,0,0,0,0
4946,H20707,H,299.62,310.23,1613,41.38,42,0,0,0,0,0,0
4947,M23140,M,304.5,314.0,1505,43.91,158,0,0,0,0,0,0
4948,M21093,M,300.27,311.67,1764,44.94,50,0,0,0,0,0,0
4949,M92036,M,298.81,309.75,1883,38.37,37,0,0,0,0,0,0
4950,M82043,M,297.71,307.22,1168,49.27,203,0,0,0,0,0,0
4951,L15830,L,296.35,305.0,1682,39.53,146,0,0,0,0,0,0
4952,L40608,L,300.73,311.33,1374,46.12,150,0,0,0,0,0,0
4953,L57287,L,301.31,311.48,1168,51.07,177,0,0,0,0,0,0
4954,M43427,M,299.21,308.64,1628,27.55,173,0,0,0,0,0,0
4955,L94042,L,299.97,311.5,1628,36.61,40,0,0,0,0,0,0
4956,M38395,M,297.66,306.78,1657,16.72,201,1,0,0,1,0,0
4957,L27970,L,300.27,311.58,1602,45.36,78,1,0,0,0,0,1
4958,M80218,M,300.96,310.25,1693,36.82,113,0,0,0,0,0,0
4959,L86475,L,298.93,309.76,1426,38.57,144,0,0,0,0,0,0
4960,M84362,M,303.38,314.0,1582,32.4,179,0,0,0,0,0,0
4961,L33371,L,298.33,308.69,1661,40.15,12,0,0,0,0,0,0
4962,L99895,L,300.57,312.96,1779,47.01,151,0,0,0,0,0,0
4963,L29266,L,301.7,314.0,1543,40.62,79,0,0,0,0,0,0
4964,M29195,M,299.85,310.78,1497,56.49,230,1,0,0,0,1,0
4965,L37315,L,299.62,310.86,1525,44.94,101,0,0,0,0,0,0
4966,L93804,L,297.14,308.9,1320,34.66,157,0,0,0,0,0,0
4967,H85246,H,302.71,313.96,1674,38.41,108,0,0,0,0,0,0
4968,M51581,M,299.66,310.8,1273,49.41,121,0,0,0,0,0,0
4969,H55537,H,301.07,311.25,1605,28.5,43,0,0,0,0,0,0
4970,L89697,L,301.35,310.36,1550,33.19,118,0,0,0,0,0,0
4971,L85265,L,298.74,308.05,1256,40.75,14,0,0,0,0,0,0
4972,M32184,M,299.6,312.69,1266,46.39,3,0,0,0,0,0,0
4973,L33279,L,302.67,313.69,1381,38.57,247,0,0,0,0,0,0
4974,M36570,M,297.77,308.22,1473,41.51,235,0,0,0,0,0,0
4975,L53030,L,304.26,314.0,1801,35.23,51,0,0,0,0,0,0
4976,L72245,L,298.51,308.46,1515,49.8,201,0,0,0,0,0,0
4977,L65467,L,297.64,308.92,1633,39.89,103,0,0,0,0,0,0
4978,L45133,L,300.26,311.04,1763,26.8,45,0,0,0,0,0,0
4979,L88731,L,304.42,314.0,1728,50.65,58,1,0,0,1,0,0
4980,L53805,L,296.18,306.54,1534,30.86,173,0,0,0,0,0,0
4981,H53998,H,299.72,309.45,1408,36.75,31,0,0,0,0,0,0
4982,L27238,L,300.95,310.83,1625,40.53,148,0,0,0,0,0,0
4983,M91088,M,300.07,309.98,1412,69.97,28,1,0,0,1,0,0
4984,M78264,M,300.76,311.46,1862,33.87,157,0,0,0,0,0,0
4985,L58245,L,298.56,307.71,1691,28.44,120,0,0,0,0,0,0
4986,L33557,L,298.8,308.25,1573,21.5,6,0,0,0,0,0,0
4987,M80474,M,299.7,310.54,1627,20.19,41,1,0,0,1,0,0
4988,M75667,M,297.74,308.31,1567,36.66,220,1,1,0,0,0,0
4989,M95513,M,299.91,310.8,1469,44.32,254,0,0,0,0,0,0
4990,M75074,M,299.22,309.88,1625,22.75,73,0,0,0,0,0,0
4991,H68204,H,299.06,312.28,1491,40.55,245,0,0,0,0,0,0
4992,L35575,L,300.64,311.47,1884,20.43,177,0,0,0,0,0,0
4993,L90263,L,296.36,306.68,1410,31.24,85,0,0,0,0,0,0
4994,M86024,M,299.54,310.34,1627,40.79,251,0,0,0,0,0,0
4995,L30069,L,304.5,314.0,1394,33.42,16,0,0,0,0,0,0
4996,M34400,M,297.83,308.48,1392,54.63,145,0,0,0,0,0,0
4997,L34146,L,302.57,313.96,1214,40.32,237,0,0,0,0,0,0
4998,L16846,L,300.11,311.21,1609,45.48,132,0,0,0,0,0,0
4999,M50352,M,298.79,309.2,1439,62.36,188,1,0,0,1,0,0
5000,L33694,L,297.36,308.17,1730,26.94,166,0,0,0,0,0,0
5001,L31740,L,300.28,312.58,1609,57.55,208,1,0,0,1,1,0
5002,L59438,L,302.91,313.85,1562,36.81,97,0,0,0,0,0,0
5003,M40996,M,299.22,308.94,1281,37.65,195,0,0,0,0,0,0
5004,L73874,L,299.84,310.22,1640,32.35,168,0,0,0,0,0,0
5005,M69682,M,302.02,310.61,1416,36.39,71,0,0,0,0,0,0
5006,L54200,L,300.68,311.52,1277,60.59,25,0,0,0,0,0,0
5007,M32970,M,296.86,308.87,1612,47.24,88,0,0,0,0,0,0
5008,M20895,M,300.2,309.56,1309,58.08,227,1,0,0,0,1,0
5009,L48071,L,303.02,313.87,1168,33.12,234,0,0,0,0,0,0
5010,L62268,L,299.93,311.61,1768,33.93,38,0,0,0,0,0,0
5011,L32258,L,295.0,306.79,1434,24.47,202,0,0,0,0,0,0
5012,M98890,M,300.78,312.76,1221,58.79,66,0,0,0,0,0,0
5013,L67300,L,299.6,308.43,1362,36.99,43,0,0,0,0,0,0
5014,M71915,M,296.34,307.55,1405,45.9,103,0,0,0,0,0,0
5015,L18444,L,296.64,305.84,1741,28.78,63,0,0,0,0,0,0
5016,L85147,L,301.95,311.65,1236,26.01,219,1,0,0,1,0,0
5017,L86064,L,298.54,310.06,1294,54.08,166,0,0,0,0,0,0
5018,L76535,L,298.19,309.04,1711,41.53,183,0,0,0,0,0,0
5019,L13760,L,299.93,311.36,1454,40.78,216,0,0,0,0,0,0
5020,M46884,M,298.71,308.48,1576,17.16,85,1,0,0,1,0,0
5021,M97477,M,300.2,312.37,1447,47.04,140,0,0,0,0,0,0
5022,L36022,L,299.59,310.98,1899,24.61,131,0,0,0,0,0,0
5023,H64504,H,297.6,309.19,1303,49.66,27,0,0,0,0,0,0
5024,M53130,M,298.98,308.6,1586,31.7,82,0,0,0,0,0,0
5025,H53881,H,300.89,312.76,1806,28.66,2,0,0,0,0,0,0
5026,L72399,L,300.08,310.47,1468,43.9,253,1,0,0,0,1,0
5027,L46451,L,299.84,309.92,1399,32.54,26,0,0,0,0,0,0
5028,L61413,L,303.87,314.0,1673,32.82,188,0,0,0,0,0,0
5029,M72278,M,301.46,312.75,1716,37.65,250,0,0,0,0,0,0
5030,L39639,L,301.7,311.56,1391,63.5,74,1,0,0,1,0,0
5031,L44621,L,299.67,312.42,1798,31.27,133,0,0,0,0,0,0
5032,L23079,L,300.44,312.95,1544,44.89,47,0,0,0,0,0,0
5033,L16895,L,299.14,310.44,1627,24.91,222,0,0,0,0,0,0
5034,M62142,M,301.56,312.69,1803,45.24,55,0,0,0,0,0,0
5035,L22552,L,299.78,310.81,1673,27.32,28,0,0,0,0,0,0
5036,L58821,L,300.44,309.59,1535,36.09,199,0,0,0,0,0,0
5037,M43630,M,300.32,311.13,1414,45.7,74,0,0,0,0,0,0
5038,H80063,H,299.96,310.76,2023,22.81,119,0,0,0,0,0,0
5039,M22247,M,304.5,314.0,1393,52.25,200,1,1,0,0,0,0
5040,H27603,H,298.67,309.06,1592,30.03,30,0,0,0,0,0,0
5041,M55564,M,298.65,306.97,1627,42.53,64,0,0,0,0,0,0
5042,L10527,L,301.39,310.99,1635,44.39,70,0,0,0,0,0,0
5043,L66521,L,298.81,310.43,1918,34.19,73,0,0,0,0,0,0
5044,M78458,M,299.42,311.85,1544,43.69,136,0,0,0,0,0,0
5045,M15849,M,297.83,307.58,1518,61.63,62,1,0,0,1,0,0
5046,M60314,M,300.98,311.87,1814,34.87,76,0,0,0,0,0,0
5047,L55724,L,301.01,312.81,1511,38.97,26,0,0,0,0,0,0
5048,L27230,L,299.37,309.55,1693,36.69,17,0,0,0,0,0,0
5049,L82495,L,301.43,312.81,1570,48.09,143,0,0,0,0,0,0
5050,L52730,L,296.28,306.95,1701,53.31,131,1,0,0,1,0,0
5051,L95203,L,298.59,310.48,1666,32.97,221,0,0,0,0,0,0
5052,M13323,M,299.66,309.08,1462,30.24,165,0,0,0,0,0,0
5053,L10445,L,297.66,307.25,1203,61.47,147,0,0,0,0,0,0
5054,L92945,L,296.5,307.48,1234,30.62,168,0,0,0,0,0,0
5055,L19963,L,299.38,310.18,1204,50.67,185,0,0,0,0,0,0
5056,M60511,M,301.39,312.03,1519,40.6,75,0,0,0,0,0,0
5057,L25437,L,302.56,313.84,1168,47.74,27,0,0,0,0,0,0
5058,L26855,L,298.91,308.67,1506,37.58,43,0,0,0,0,0,0
5059,L91947,L,301.47,310.8,1559,21.57,64,0,0,0,0,0,0
5060,L20847,L,301.27,311.47,1689,26.56,136,0,0,0,0,0,0
5061,H13236,H,302.44,312.75,1626,43.5,105,0,0,0,0,0,0
5062,H71897,H,299.3,309.72,1697,16.53,112,1,0,0,1,0,0
5063,L23487,L,296.4,308.37,1610,34.83,160,0,0,0,0,0,0
5064,L87384,L,300.14,311.61,1477,35.77,244,0,0,0,0,0,0
5065,M72423,M,297.97,309.21,1516,18.97,192,1,0,0,1,0,0
5066,L23155,L,298.55,309.47,1382,59.01,105,0,0,0,0,0,0
5067,L21255,L,299.4,309.66,1576,26.99,8,0,0,0,0,0,0
5068,L11979,L,299.32,309.17,1250,52.13,213,1,0,0,0,1,0
5069,H31305,H,300.28,309.79,1727,29.29,61,0,0,0,0,0,0
5070,L84543,L,301.41,311.41,1363,33.16,200,0,0,0,0,0,0
5071,L45094,L,299.26,309.92,1563,34.5,68,0,0,0,0,0,0
5072,M45098,M,300.79,310.34,1593,32.77,117,0,0,0,0,0,0
5073,L99566,L,300.03,310.9,1744,31.31,129,0,0,0,0,0,0
5074,L43770,L,301.87,312.38,1232,37.34,205,0,0,0,0,0,0
5075,H19734,H,299.62,309.93,1476,28.97,203,0,0,0,0,0,0
5076,L81984,L,299.84,311.7,1634,43.87,28,0,0,0,0,0,0
5077,M49605,M,299.25,307.49,1850,31.02,207,0,0,0,0,0,0
5078,L87932,L,299.68,309.99,1528,36.93,47,0,0,0,0,0,0
5079,L65619,L,298.43,306.78,1428,31.18,72,0,0,0,0,0,0
5080,L37881,L,298.23,309.17,1900,42.03,50,0,0,0,0,0,0
5081,L73401,L,301.55,313.01,1679,33.37,31,0,0,0,0,0,0
5082,L41177,L,297.83,307.18,1782,16.91,116,1,0,0,1,0,0
5083,M50122,M,299.36,308.84,1317,46.49,151,0,0,0,0,0,0
5084,L45297,L,302.03,311.03,1629,28.46,116,0,0,0,0,0,0
5085,L46680,L,299.29,310.06,1340,52.49,185,0,0,0,0,0,0
5086,L93452,L,301.66,312.02,1300,55.51,147,0,0,0,0,0,0
5087,M61044,M,298.82,309.24,1640,43.0,83,0,0,0,0,0,0
5088,L54084,L,297.9,308.23,1652,30.68,251,0,0,0,0,0,0
5089,L44189,L,296.81,306.54,1448,38.45,116,0,0,0,0,0,0
5090,L23510,L,302.63,314.0,1793,33.95,242,0,0,0,0,0,0
5091,L32152,L,297.73,308.7,1469,47.72,233,1,0,0,0,1,0
5092,L94738,L,301.49,311.01,1486,28.55,170,0,0,0,0,0,0
5093,M36445,M,298.0,308.0,1529,38.36,115,0,0,0,0,0,0
5094,L86688,L,302.63,312.46,1491,56.36,132,0,0,0,0,0,0
5095,L81153,L,304.41,314.0,1765,28.12,211,1,1,0,0,0,0
5096,L11195,L,296.63,308.04,1347,42.24,207,1,1,0,0,0,0
5097,M69949,M,297.83,308.4,1399,67.7,146,1,0,0,1,0,0
5098,L35433,L,301.55,313.95,1321,40.77,75,0,0,0,0,0,0
5099,L15305,L,301.03,313.18,1874,18.81,80,0,0,0,0,0,0
5100,L68860,L,301.55,312.02,1477,38.25,97,0,0,0,0,0,0
5101,L83613,L,298.85,309.14,1397,58.18,154,0,0,0,0,0,0
5102,L58648,L,303.98,314.0,1483,48.83,40,0,0,0,0,0,0
5103,L73090,L,300.24,309.98,1688,25.63,123,0,0,0,0,0,0
5104,L52113,L,297.57,310.0,1654,38.23,217,0,0,0,0,0,0
5105,L52642,L,299.49,309.19,1431,38.27,241,0,0,0,0,0,0
5106,L43062,L,297.59,309.16,1463,47.11,33,0,0,0,0,0,0
5107,L81633,L,303.18,314.0,1273,38.08,20,0,0,0,0,0,0
5108,L51604,L,298.68,309.07,1560,41.27,169,0,0,0,0,0,0
5109,M16678,M,300.98,313.5,1766,47.94,104,0,0,0,0,0,0
5110,H42121,H,299.06,308.2,1430,13.9,66,1,0,0,1,0,0
5111,H58503,H,298.77,309.39,1649,39.89,232,1,1,0,0,0,0
5112,M96940,M,296.18,306.39,1430,53.27,99,0,0,0,0,0,0
5113,M81279,M,301.2,312.86,1338,26.16,220,1,1,0,0,0,0
5114,M26494,M,302.6,313.65,1657,28.34,236,0,0,0,0,0,0
5115,L54185,L,298.17,307.14,1958,26.39,251,0,0,0,0,0,0
5116,M19678,M,296.91,308.85,1633,28.68,82,0,0,0,0,0,0
5117,L47632,L,301.61,312.79,1461,31.33,20,0,0,0,0,0,0
5118,L56235,L,296.71,306.37,1472,35.27,203,0,0,0,0,0,0
5119,M11648,M,302.44,312.79,1879,36.99,235,0,0,0,0,0,0
5120,L91213,L,298.19,307.59,1590,49.43,214,1,1,0,0,0,0
5121,L98301,L,297.79,308.32,1397,54.36,174,0,0,0,0,0,0
5122,H77917,H,300.5,311.35,1524,46.94,155,0,0,0,0,0,0
5123,L26489,L,297.92,308.29,1574,53.08,190,0,0,0,0,0,0
5124,L87281,L,298.59,308.84,1619,53.35,191,1,0,0,1,0,0
5125,H15818,H,300.71,309.8,1807,33.02,54,0,0,0,0,0,0
5126,M43149,M,295.14,306.18,1765,44.08,11,0,0,0,0,0,0
5127,L37312,L,303.28,312.06,1571,40.34,129,0,0,0,0,0,0
5128,L47124,L,300.09,310.82,1528,35.48,186,0,0,0,0,0,0
5129,L11316,L,297.41,306.31,1606,35.23,29,0,0,0,0,0,0
5130,M80990,M,297.97,308.72,1426,50.37,11,0,0,0,0,0,0
5131,L70046,L,301.98,312.68,1711,45.75,230,0,0,0,0,0,0
5132,L88643,L,301.2,312.31,1498,43.79,166,0,0,0,0,0,0
5133,L79610,L,302.77,314.0,1623,31.8,17,0,0,0,0,0,0
5134,L96724,L,298.63,310.38,1843,27.28,121,0,0,0,0,0,0
5135,H74042,H,300.59,309.68,1635,18.81,248,1,0,0,1,0,0
5136,L33102,L,300.85,311.49,1577,39.62,125,0,0,0,0,0,0
5137,M41957,M,301.39,314.0,1442,42.65,23,0,0,0,0,0,0
5138,L22872,L,302.25,313.07,1521,27.83,139,0,0,0,0,0,0
5139,M60094,M,298.57,308.43,1331,48.16,81,0,0,0,0,0,0
5140,H57719,H,299.77,310.39,1631,39.14,133,0,0,0,0,0,0
5141,L83885,L,298.78,309.1,1168,30.86,7,0,0,0,0,0,0
5142,L29693,L,299.89,309.42,1709,30.82,56,0,0,0,0,0,0
5143,L60478,L,301.4,312.97,1667,46.49,48,0,0,0,0,0,0
5144,M53677,M,296.69,307.98,1553,31.06,142,0,0,0,0,0,0
5145,L70012,L,302.22,311.58,1439,39.99,235,0,0,0,0,0,0
5146,M20760,M,297.72,308.33,1532,38.9,6,0,0,0,0,0,0
5147,M21584,M,299.39,309.52,1216,46.82,220,1,1,0,0,0,0
5148,M12106,M,302.49,311.59,1683,39.9,57,0,0,0,0,0,0
5149,M23669,M,300.66,309.94,1506,46.96,52,0,0,0,0,0,0
5150,L35223,L,300.68,310.11,1808,41.71,152,0,0,0,0,0,0
5151,L70666,L,297.64,308.28,1606,32.89,204,0,0,0,0,0,0
5152,L45706,L,297.91,308.15,1577,41.1,188,0,0,0,0,0,0
5153,H78019,H,301.88,311.62,1607,43.14,223,0,0,0,0,0,0
5154,M71585,M,298.82,309.13,1359,40.9,139,0,0,0,0,0,0
5155,M37482,M,299.01,310.46,1454,32.32,111,0,0,0,0,0,0
5156,L70369,L,301.93,312.98,1559,38.07,24,0,0,0,0,0,0
5157,L44143,L,297.9,309.6,1481,32.84,146,0,0,0,0,0,0
5158,M34240,M,300.54,311.01,1431,32.98,41,0,0,0,0,0,0
5159,L20015,L,300.09,312.39,1484,40.73,246,0,0,0,0,0,0
5160,L92164,L,299.99,311.04,1543,35.39,79,0,0,0,0,0,0
5161,M73023,M,298.96,309.17,1952,30.63,11,0,0,0,0,0,0
5162,L61500,L,298.84,309.63,1476,23.76,187,0,0,0,0,0,0
5163,L73925,L,297.84,307.3,1413,38.77,226,0,0,0,0,0,0
5164,L90596,L,300.97,311.36,1508,16.53,35,1,0,0,1,0,0
5165,L59631,L,298.66,309.79,1805,23.44,151,0,0,0,0,0,0
5166,H86190,H,301.94,313.25,1818,30.81,32,0,0,0,0,0,0
5167,L73652,L,299.55,309.84,1886,39.6,163,0,0,0,0,0,0
5168,L61087,L,297.88,311.32,1546,42.04,131,0,0,0,0,0,0
5169,L89789,L,299.52,310.05,1650,35.5,226,0,0,0,0,0,0
5170,M64909,M,299.18,308.2,1346,38.56,177,0,0,0,0,0,0
5171,L21565,L,302.02,313.93,1471,36.5,55,0,0,0,0,0,0
5172,L37597,L,299.26,310.57,1334,56.96,117,0,0,0,0,0,0
5173,L75623,L,299.45,310.38,1620,25.58,113,0,0,0,0,0,0
5174,L19432,L,302.82,313.06,1542,30.42,7,0,0,0,0,0,0
5175,L84300,L,301.02,312.11,1576,46.06,188,0,0,0,0,0,0
5176,M75714,M,303.33,314.0,1383,37.88,7,0,0,0,0,0,0
5177,M59314,M,302.52,313.42,1688,50.39,134,0,0,0,0,0,0
5178,L51965,L,298.23,307.46,1168,57.53,103,0,0,0,0,0,0
5179,L94268,L,301.98,309.23,1490,49.57,152,0,0,0,0,0,0
5180,H77957,H,303.05,314.0,1516,22.44,175,0,0,0,0,0,0
5181,L53715,L,303.07,312.78,1171,61.88,34,0,0,0,0,0,0
5182,M63450,M,301.98,312.58,1604,28.13,78,0,0,0,0,0,0
5183,L96062,L,301.94,311.83,1504,44.92,145,0,0,0,0,0,0
5184,H71902,H,299.39,309.21,1636,31.84,10,0,0,0,0,0,0
5185,M38317,M,298.33,308.26,1895,31.92,221,0,0,0,0,0,0
5186,H76753,H,299.3,309.32,1593,26.01,156,0,0,0,0,0,0
5187,M45242,M,296.67,308.15,1710,19.09,86,1,0,0,1,0,0
5188,L10929,L,302.69,313.96,1784,33.33,254,0,0,0,0,0,0
5189,H23580,H,299.43,308.93,1624,32.7,97,0,0,0,0,0,0
5190,L30742,L,302.58,312.21,1379,32.26,210,0,0,0,0,0,0
5191,L27833,L,297.54,308.62,1240,26.78,15,1,0,0,1,0,0
5192,M81347,M,302.17,313.92,1602,11.84,5,1,0,0,1,0,0
5193,M84155,M,299.01,310.75,1463,44.29,232,0,0,0,0,0,0
5194,H99791,H,297.43,307.13,1766,30.37,14,0,0,0,0,0,0
5195,L23527,L,303.25,314.0,1449,33.56,72,0,0,0,0,0,0
5196,M68139,M,302.21,311.14,1532,39.38,28,0,0,0,0,0,0
5197,M79585,M,300.42,310.92,1326,54.15,191,0,0,0,0,0,0
5198,L51057,L,300.07,311.25,1473,41.52,233,0,0,0,0,0,0
5199,L77439,L,300.88,309.5,1365,37.32,65,1,0,1,0,0,0
5200,L54261,L,300.39,313.18,1382,63.57,110,1,0,0,1,0,0
5201,L80912,L,298.42,310.44,1525,31.59,96,0,0,0,0,0,0
5202,H10042,H,299.18,310.52,1426,26.02,229,0,0,0,0,0,0
5203,M32769,M,303.92,313.66,2008,29.24,214,0,0,0,0,0,0
5204,M77113,M,304.5,314.0,1685,31.82,119,0,0,0,0,0,0
5205,H87918,H,303.13,314.0,1730,40.96,140,0,0,0,0,0,0
5206,L32449,L,300.96,310.53,1515,32.84,211,1,1,0,0,0,0
5207,M48653,M,299.32,309.84,1554,35.35,70,0,0,0,0,0,0
5208,L38859,L,298.4,310.01,1458,30.8,56,0,0,0,0,0,0
5209,M18576,M,298.54,307.74,2007,34.31,208,0,0,0,0,0,0
5210,L55874,L,298.89,309.93,1515,39.17,178,0,0,0,0,0,0
5211,H87199,H,304.3,313.25,1426,37.41,212,1,1,0,0,0,0
5212,L46345,L,303.61,313.37,1399,39.41,27,0,0,0,0,0,0
5213,L80780,L,301.49,311.69,1595,35.72,93,0,0,0,0,0,0
5214,M79428,M,298.08,309.29,1791,20.5,150,0,0,0,0,0,0
5215,L14321,L,301.79,311.79,1731,42.73,124,0,0,0,0,0,0
5216,M15776,M,299.52,310.35,1399,52.26,84,0,0,0,0,0,0
5217,L26119,L,295.69,305.71,1394,41.51,112,0,0,0,0,0,0
5218,M40569,M,300.57,310.74,1759,32.03,0,0,0,0,0,0,0
5219,L48596,L,298.32,310.27,1913,22.49,208,1,1,0,0,0,0
5220,L62967,L,298.38,307.93,1509,54.37,95,0,0,0,0,0,0
5221,L43063,L,299.5,310.96,1752,44.84,87,0,0,0,0,0,0
5222,L32340,L,299.0,309.7,1271,49.52,198,0,0,0,0,0,0
5223,L85723,L,299.93,310.06,1383,49.92,162,0,0,0,0,0,0
5224,L65430,L,299.84,309.32,1353,55.36,35,0,0,0,0,0,0
5225,L16668,L,296.25,305.8,1609,44.75,13,0,0,0,0,0,0
5226,L90880,L,303.04,313.0,1503,29.97,183,0,0,0,0,0,0
5227,L18195,L,298.03,308.58,1578,33.49,61,0,0,0,0,0,0
5228,M92097,M,298.1,309.4,1754,36.48,139,0,0,0,0,0,0
5229,L67995,L,299.34,309.74,1417,42.48,102,0,0,0,0,0,0
5230,L97834,L,299.78,310.25,1552,43.87,86,0,0,0,0,0,0
5231,M48250,M,302.92,313.53,1294,51.4,252,1,0,0,0,1,0
5232,L26076,L,300.54,311.72,1744,34.87,141,0,0,0,0,0,0
5233,M25376,M,301.13,312.48,1732,11.54,189,1,0,0,1,0,0
5234,L65839,L,300.55,309.86,1600,46.31,117,0,0,0,0,0,0
5235,L74723,L,300.46,310.88,1557,44.53,216,0,0,0,0,0,0
5236,L53442,L,300.62,312.55,1443,60.23,21,1,0,0,1,0,0
5237,M15392,M,296.13,305.52,1284,39.3,236,0,0,0,0,0,0
5238,M37106,M,299.5,310.27,1590,19.43,112,1,0,0,1,0,0
5239,L89845,L,302.32,312.85,1671,32.74,100,0,0,0,0,0,0
5240,L34809,L,304.5,314.0,1898,33.63,28,0,0,0,0,0,0
5241,H10693,H,297.59,309.88,1464,34.81,199,0,0,0,0,0,0
5242,L69821,L,300.85,311.58,1584,48.59,74,0,0,0,0,0,0
5243,L84159,L,298.86,311.07,1736,27.56,93,0,0,0,0,0,0
5244,H84710,H,304.1,314.0,1741,32.08,186,0,0,0,0,0,0
5245,M21352,M,297.29,308.45,1423,37.79,85,0,0,0,0,0,0
5246,L62196,L,301.25,311.37,1485,65.35,14,1,0,0,1,0,0
5247,M81066,M,297.19,307.32,1440,30.77,148,0,0,0,0,0,0
5248,M14992,M,299.36,310.47,1373,47.83,110,0,0,0,0,0,0
5249,L63076,L,299.93,311.06,1800,22.27,88,0,0,0,0,0,0
5250,L33354,L,302.14,313.44,1546,40.23,246,0,0,0,0,0,0
5251,L13312,L,297.85,308.92,1522,28.67,76,0,0,0,0,0,0
5252,H55833,H,301.33,310.69,1580,46.25,70,0,0,0,0,0,0
5253,M14318,M,300.04,309.93,1545,45.51,112,0,0,0,0,0,0
5254,L76003,L,300.55,312.1,1495,40.92,209,0,0,0,0,0,0
5255,M37192,M,301.92,310.66,1398,26.73,139,0,0,0,0,0,0
5256,L99199,L,297.43,308.43,1817,31.12,60,0,0,0,0,0,0
5257,L47489,L,301.62,312.21,1432,36.96,46,0,0,0,0,0,0
5258,L50309,L,298.86,310.41,1368,50.6,25,0,0,0,0,0,0
5259,L38273,L,302.19,313.31,1520,29.18,68,0,0,0,0,0,0
5260,M57553,M,300.67,310.71,1923,38.39,242,0,0,0,0,0,0
5261,L39473,L,299.58,309.57,1387,51.3,199,0,0,0,0,0,0
5262,M71410,M,298.82,309.0,1663,22.62,163,0,0,0,0,0,0
5263,L23679,L,301.65,312.93,1491,36.33,182,0,0,0,0,0,0
5264,L55310,L,302.52,310.92,1579,35.82,68,0,0,0,0,0,0
5265,H93406,H,298.93,309.79,1701,42.15,85,0,0,0,0,0,0
5266,L70683,L,297.73,307.55,1225,38.73,214,0,0,0,0,0,0
5267,L35992,L,301.39,312.28,1374,43.88,71,0,0,0,0,0,0
5268,L39433,L,297.1,308.15,1698,43.0,242,0,0,0,0,0,0
5269,M86574,M,297.39,306.43,1553,39.22,146,0,0,0,0,0,0
5270,L35933,L,297.87,308.35,1573,19.51,161,1,0,0,1,0,0
5271,L55020,L,299.17,310.02,1663,30.19,197,0,0,0,0,0,0
5272,L39236,L,297.33,308.12,1375,51.09,250,1,0,0,0,1,0
5273,L68735,L,296.12,306.7,1725,39.69,190,0,0,0,0,0,0
5274,M19770,M,297.73,307.21,1683,14.9,125,1,0,0,1,0,0
5275,L79285,L,301.28,310.92,1578,38.13,177,0,0,0,0,0,0
5276,L45271,L,297.46,306.78,1619,43.75,240,0,0,0,0,0,0
5277,L83391,L,299.32,310.57,1745,37.26,16,0,0,0,0,0,0
5278,L33439,L,303.89,314.0,1428,46.68,120,0,0,0,0,0,0
5279,H21101,H,299.9,310.55,1654,52.5,80,1,0,0,1,0,0
5280,L92319,L,300.69,309.68,1849,30.65,78,0,0,0,0,0,0
5281,H54917,H,298.11,308.77,1650,37.36,38,0,0,0,0,0,0
5282,L93459,L,304.33,314.0,1495,29.32,100,0,0,0,0,0,0
5283,L90562,L,298.92,307.78,1952,24.69,158,0,0,0,0,0,0
5284,M51196,M,299.54,309.71,1577,33.33,149,0,0,0,0,0,0
5285,L33569,L,302.63,311.76,1787,38.88,57,0,0,0,0,0,0
5286,M51887,M,299.64,309.92,1459,31.93,24,0,0,0,0,0,0
5287,H30893,H,300.1,309.89,1727,43.41,18,0,0,0,0,0,0
5288,L97971,L,299.44,310.52,1437,28.98,53,0,0,0,0,0,0
5289,L65304,L,299.45,310.32,1593,41.71,198,0,0,0,0,0,0
5290,M42399,M,300.74,312.73,1426,45.73,1,0,0,0,0,0,0
5291,L35236,L,301.11,311.75,1877,32.49,78,0,0,0,0,0,0
5292,L95870,L,298.71,309.75,1495,47.75,21,0,0,0,0,0,0
5293,L59531,L,298.47,308.61,1336,34.94,237,1,1,0,0,0,0
5294,L90570,L,298.78,308.38,1552,32.61,165,0,0,0,0,0,0
5295,M19442,M,297.2,308.73,1632,26.66,116,0,0,0,0,0,0
5296,L66437,L,296.82,308.76,1530,37.53,6,0,0,0,0,0,0
5297,L70342,L,300.59,312.0,1389,40.02,104,0,0,0,0,0,0
5298,M88179,M,301.88,312.71,1722,40.4,86,0,0,0,0,0,0
5299,L45069,L,301.74,311.47,1762,35.67,65,0,0,0,0,0,0
5300,L83246,L,295.24,307.08,1238,54.24,115,0,0,0,0,0,0
5301,M48560,M,299.51,310.79,1377,39.55,32,0,0,0,0,0,0
5302,L68070,L,297.8,310.52,1506,41.9,81,0,0,0,0,0,0
5303,M52427,M,300.29,309.83,1439,57.84,120,0,0,0,0,0,0
5304,M70496,M,299.16,310.73,1630,23.33,107,0,0,0,0,0,0
5305,L74557,L,301.18,312.43,1866,16.59,134,1,0,0,1,0,0
5306,L82752,L,299.96,310.32,1466,45.29,58,0,0,0,0,0,0
5307,L87248,L,296.21,308.27,1819,24.82,215,0,0,0,0,0,0
5308,L80441,L,298.07,309.17,1271,29.51,247,0,0,0,0,0,0
5309,M58534,M,300.01,309.77,1617,40.16,10,0,0,0,0,0,0
5310,M37930,M,300.18,310.76,1428,30.05,139,0,0,0,0,0,0
5311,L99042,L,297.19,306.94,1621,48.95,145,0,0,0,0,0,0
5312,M17288,M,296.93,307.16,1219,48.85,228,0,0,0,0,0,0
5313,H91122,H,300.11,311.52,1304,41.72,128,0,0,0,0,0,0
5314,H71518,H,297.19,308.88,1621,28.09,188,0,0,0,0,0,0
5315,L42400,L,296.66,307.58,1422,42.47,120,0,0,0,0,0,0
5316,L11567,L,299.11,309.06,1477,23.37,244,0,0,0,0,0,0
5317,L57878,L,299.02,310.1,1866,11.76,0,1,0,0,1,0,0
5318,H58850,H,298.24,309.67,1560,22.46,26,0,0,0,0,0,0
5319,L11094,L,298.59,307.32,1697,43.35,246,0,0,0,0,0,0
5320,L21135,L,300.03,310.84,1398,31.51,72,0,0,0,0,0,0
5321,L89044,L,298.56,309.07,1294,28.41,192,0,0,0,0,0,0
5322,L55113,L,300.14,311.8,1520,36.85,219,0,0,0,0,0,0
5323,L68791,L,299.24,310.32,1267,70.39,75,1,0,0,1,0,0
5324,H19684,H,300.34,311.52,1409,51.76,63,0,0,0,0,0,0
5325,L81727,L,301.76,311.97,1578,29.05,48,0,0,0,0,0,0
5326,L93378,L,301.68,312.38,1515,30.08,207,0,0,0,0,0,0
5327,L68552,L,302.58,314.0,1595,28.77,112,0,0,0,0,0,0
5328,L18046,L,301.68,312.31,1643,26.94,198,0,0,0,0,0,0
5329,L14934,L,300.48,311.35,1320,49.32,249,1,0,0,0,1,0
5330,L69556,L,299.13,308.3,1365,38.44,162,0,0,0,0,0,0
5331,L56806,L,299.22,309.86,1168,35.4,184,0,0,0,0,0,0
5332,L11354,L,298.24,306.93,1468,25.99,168,0,0,0,0,0,0
5333,L63046,L,300.01,310.19,1668,54.12,150,1,0,0,1,0,0
5334,L75064,L,301.39,312.16,1803,37.64,34,0,0,0,0,0,0
5335,H67184,H,298.55,310.02,1569,28.7,79,0,0,0,0,0,0
5336,H12963,H,299.93,309.63,1782,41.89,47,0,0,0,0,0,0
5337,L37424,L,298.65,309.72,1604,25.43,169,0,0,0,0,0,0
5338,L90039,L,300.42,312.59,1554,35.6,199,0,0,0,0,0,0
5339,H13042,H,298.9,308.96,1425,37.73,239,0,0,0,0,0,0
5340,L17139,L,298.52,307.67,1168,51.29,79,0,0,0,0,0,0
5341,M21226,M,298.64,309.63,1755,24.96,5,0,0,0,0,0,0
5342,H90298,H,301.01,310.51,1525,38.77,99,0,0,0,0,0,0
5343,L93652,L,299.81,309.69,1785,18.07,119,1,0,0,1,0,0
5344,L48108,L,299.14,310.77,1364,38.05,94,0,0,0,0,0,0
5345,H80647,H,300.52,313.1,1972,38.75,110,0,0,0,0,0,0
5346,L78617,L,299.17,308.87,1490,48.3,91,0,0,0,0,0,0
5347,L39815,L,302.25,312.22,1410,33.55,34,0,0,0,0,0,0
5348,L17802,L,298.05,308.31,1496,23.68,16,0,0,0,0,0,0
5349,L52230,L,299.63,309.78,1566,16.62,174,1,0,0,1,0,0
5350,M73372,M,297.19,309.82,1522,43.44,29,0,0,0,0,0,0
5351,M64020,M,299.31,309.48,1442,42.49,243,0,0,0,0,0,0
5352,H93449,H,296.64,306.95,1210,51.9,8,0,0,0,0,0,0
5353,L27465,L,301.49,313.81,1390,58.63,22,0,0,0,0,0,0
5354,L17994,L,301.53,312.81,1728,34.42,44,0,0,0,0,0,0
5355,L13531,L,301.57,313.25,1377,43.99,64,0,0,0,0,0,0
5356,L19343,L,300.06,309.85,1226,30.41,139,0,0,0,0,0,0
5357,L69066,L,298.24,308.41,1345,59.89,80,0,0,0,0,0,0
5358,H16229,H,298.4,308.06,1519,36.17,173,0,0,0,0,0,0
5359,M92124,M,303.06,314.0,1398,32.61,160,0,0,0,0,0,0
5360,L98704,L,302.87,314.0,1485,40.6,127,0,0,0,0,0,0
5361,M54789,M,300.25,310.35,1391,61.78,21,1,0,0,1,0,0
5362,L54069,L,298.97,309.3,1717,51.19,9,1,0,0,1,0,0
5363,L97402,L,302.74,313.12,1623,26.73,89,0,0,0,0,0,0
5364,M19524,M,298.61,307.76,1934,38.33,141,0,0,0,0,0,0
5365,L98074,L,300.46,310.48,1466,42.36,216,0,0,0,0,0,0
5366,H96762,H,302.7,314.0,1484,48.15,238,1,1,0,0,0,0
5367,M73103,M,298.33,308.15,1748,35.04,138,0,0,0,0,0,0
5368,L18103,L,301.66,312.45,1605,41.18,146,0,0,0,0,0,0
5369,M68581,M,301.04,310.43,1366,55.82,234,1,0,0,0,1,0
5370,L93938,L,299.92,310.48,1635,19.72,50,1,0,0,1,0,0
5371,L64203,L,298.01,308.15,1606,38.88,27,0,0,0,0,0,0
5372,L25090,L,298.55,308.03,1212,33.45,26,0,0,0,0,0,0
5373,L25915,L,300.58,312.07,1418,35.73,251,0,0,0,0,0,0
5374,M51477,M,297.15,308.7,1569,36.52,246,0,0,0,0,0,0
5375,L66987,L,300.26,309.99,1795,23.87,138,0,0,0,0,0,0
5376,M63238,M,301.08,311.57,1661,29.49,149,0,0,0,0,0,0
5377,L97047,L,301.97,312.71,1433,25.97,152,0,0,0,0,0,0
5378,L25029,L,297.2,306.09,1408,34.67,221,0,0,0,0,0,0
5379,M99067,M,302.63,311.94,1679,38.5,18,0,0,0,0,0,0
5380,L63520,L,303.39,314.0,1168,59.67,191,1,0,0,0,1,0
5381,L80053,L,300.82,310.46,1390,33.3,166,0,0,0,0,0,0
5382,L61464,L,297.92,309.88,1789,42.67,6,0,0,0,0,0,0
5383,L31961,L,299.34,308.7,1588,41.28,248,0,0,0,0,0,0
5384,L36835,L,299.9,311.26,1398,55.65,133,0,0,0,0,0,0
5385,M37725,M,300.54,310.93,1319,24.22,136,1,0,0,1,0,0
5386,L35357,L,300.04,310.57,1686,36.62,117,0,0,0,0,0,0
5387,L11244,L,300.56,313.12,1549,42.64,145,0,0,0,0,0,0
5388,H77952,H,299.82,309.26,1496,21.85,158,1,0,0,1,0,0
5389,L58061,L,300.53,311.83,1602,57.34,197,1,0,0,1,1,0
5390,M16490,M,299.08,310.33,1565,30.79,61,0,0,0,0,0,0
5391,L87219,L,299.32,313.38,1551,41.97,60,0,0,0,0,0,0
5392,L15839,L,298.85,308.47,1297,54.43,173,0,0,0,0,0,0
5393,M34992,M,303.83,313.91,1350,43.51,244,0,0,0,0,0,0
5394,L54938,L,302.93,314.0,1670,46.2,85,0,0,0,0,0,0
5395,M66249,M,301.11,311.61,1636,52.5,8,0,0,0,0,0,0
5396,L54735,L,302.65,312.89,1604,25.82,222,0,0,0,0,0,0
5397,L60734,L,301.6,313.25,1429,41.25,21,0,0,0,0,0,0
5398,L57080,L,300.36,310.8,1673,42.09,52,0,0,0,0,0,0
5399,L84460,L,296.99,306.8,1468,23.09,20,0,0,0,0,0,0
5400,M91457,M,299.48,310.9,1769,41.0,162,0,0,0,0,0,0
5401,L34260,L,299.33,310.41,1401,58.36,254,1,0,0,0,1,0
5402,H69607,H,297.73,308.12,1440,52.54,156,0,0,0,0,0,0
5403,H71852,H,297.03,307.37,1508,42.17,84,0,0,0,0,0,0
5404,L38380,L,300.99,310.77,1688,47.02,52,0,0,0,0,0,0
5405,L94347,L,300.65,312.07,1529,40.83,61,0,0,0,0,0,0
5406,M81257,M,297.67,308.01,1542,24.9,185,0,0,0,0,0,0
5407,H51191,H,298.51,308.44,1465,34.02,60,0,0,0,0,0,0
5408,L14930,L,302.32,311.74,1583,33.88,162,0,0,0,0,0,0
5409,L14353,L,298.24,309.34,1522,37.04,86,0,0,0,0,0,0
5410,L17832,L,300.34,310.53,1394,40.14,167,0,0,0,0,0,0
5411,M59554,M,299.62,308.31,1558,33.67,235,0,0,0,0,0,0
5412,L98487,L,301.01,310.51,1562,38.68,214,0,0,0,0,0,0
5413,M64017,M,298.29,308.75,1958,40.27,81,0,0,0,0,0,0
5414,L67298,L,300.18,310.67,1425,42.36,58,0,0,0,0,0,0
5415,L61389,L,300.34,310.79,1384,47.91,86,0,0,0,0,0,0
5416,L83306,L,300.46,310.78,1585,16.32,0,1,0,0,1,0,0
5417,L35525,L,300.16,309.38,1356,43.57,242,0,0,0,0,0,0
5418,L92092,L,300.69,310.51,1342,54.3,171,0,0,0,0,0,0
5419,L90630,L,304.38,314.0,1276,58.88,57,0,0,0,0,0,0
5420,L83471,L,304.5,314.0,1396,52.81,211,1,1,0,0,1,0
5421,L78211,L,298.72,310.0,1400,44.03,181,0,0,0,0,0,0
5422,L41280,L,295.36,306.55,1304,48.48,207,0,0,0,0,0,0
5423,H21240,H,301.19,312.8,1490,31.99,136,0,0,0,0,0,0
5424,L75092,L,300.37,309.95,1168,59.42,24,0,0,0,0,0,0
5425,L79541,L,302.12,312.86,1624,29.4,165,0,0,0,0,0,0
5426,L72851,L,300.57,310.15,1435,46.73,152,0,0,0,0,0,0
5427,H16544,H,300.12,309.71,1461,39.62,229,0,0,0,0,0,0
5428,L67981,L,302.26,313.33,1641,35.05,6,0,0,0,0,0,0
5429,M27332,M,302.54,314.0,1602,44.72,173,0,0,0,0,0,0
5430,M36836,M,297.23,307.73,1422,45.96,79,0,0,0,0,0,0
5431,M24388,M,298.37,310.72,1616,37.95,117,0,0,0,0,0,0
5432,L11694,L,299.79,310.7,1814,27.66,34,0,0,0,0,0,0
5433,M96677,M,300.2,310.12,1353,59.32,250,1,0,0,0,1,0
5434,L98202,L,299.55,309.16,1671,37.15,94,0,0,0,0,0,0
5435,L59294,L,300.87,312.59,1335,50.95,188,0,0,0,0,0,0
5436,M48769,M,301.99,312.82,1747,33.47,0,0,0,0,0,0,0
5437,L49420,L,303.45,314.0,1407,33.66,147,0,0,0,0,0,0
5438,M47855,M,301.16,309.2,1400,44.56,240,1,1,0,0,0,0
5439,L11460,L,298.3,309.24,1742,27.99,185,0,0,0,0,0,0
5440,M57646,M,299.71,309.89,1665,38.18,218,0,0,0,0,0,0
5441,L51252,L,299.85,309.16,1413,7.45,192,1,0,0,1,0,0
5442,L19835,L,301.03,311.67,1558,33.09,36,0,0,0,0,0,0
5443,L20910,L,300.78,312.57,1407,40.57,151,0,0,0,0,0,0
5444,H92757,H,304.1,314.0,1248,34.95,112,0,0,0,0,0,0
5445,L18463,L,299.08,310.02,1569,39.84,132,0,0,0,0,0,0
5446,L23336,L,300.77,310.76,1471,34.84,138,0,0,0,0,0,0
5447,L36534,L,304.5,314.0,1365,41.92,119,0,0,0,0,0,0
5448,M12369,M,298.83,310.49,1770,27.91,162,0,0,0,0,0,0
5449,L35381,L,300.29,309.99,1371,51.95,28,0,0,0,0,0,0
5450,L95094,L,298.11,309.43,1561,41.72,117,0,0,0,0,0,0
5451,L97905,L,300.16,311.16,1729,35.6,150,0,0,0,0,0,0
5452,L35407,L,298.44,309.32,1489,39.08,201,0,0,0,0,0,0
5453,L72552,L,302.09,311.23,1403,66.68,221,1,1,0,1,1,0
5454,L45939,L,300.29,310.64,1589,34.65,222,0,0,0,0,0,0
5455,M77576,M,298.13,307.37,1617,29.26,151,0,0,0,0,0,0
5456,L98652,L,301.68,311.79,1693,23.92,77,0,0,0,0,0,0
5457,L36170,L,300.36,311.98,1872,37.54,114,0,0,0,0,0,0
5458,L81908,L,301.91,313.84,1453,55.53,124,0,0,0,0,0,0
5459,H32369,H,297.7,308.62,1570,28.75,74,0,0,0,0,0,0
5460,H83098,H,300.74,310.87,1307,40.73,64,0,0,0,0,0,0
5461,M54544,M,301.55,313.83,1655,31.51,171,0,0,0,0,0,0
5462,L15900,L,299.15,309.27,1568,35.41,153,0,0,0,0,0,0
5463,L50733,L,297.48,307.05,1503,21.28,183,1,0,0,1,0,0
5464,L97236,L,299.92,311.31,1424,48.36,19,0,0,0,0,0,0
5465,L10589,L,302.46,313.61,1472,50.5,65,0,0,0,0,0,0
5466,L70044,L,302.25,312.41,1578,19.03,32,1,0,0,1,0,0
5467,M75311,M,299.14,309.94,1361,60.6,174,0,0,0,0,0,0
5468,M67926,M,297.43,308.58,1480,54.38,236,1,1,0,0,1,0
5469,M80599,M,299.14,310.04,1538,8.66,245,1,0,0,1,0,0
5470,L95553,L,299.06,310.22,1258,20.8,44,1,0,0,1,0,0
5471,M93910,M,300.89,311.09,1346,41.16,172,0,0,0,0,0,0
5472,L98435,L,299.79,311.02,1416,53.77,208,1,0,0,0,1,0
5473,L59008,L,298.49,309.21,1817,33.81,197,0,0,0,0,0,0
5474,M76794,M,302.21,312.44,1385,41.58,11,0,0,0,0,0,0
5475,L89134,L,300.28,310.73,1525,42.96,206,1,1,0,0,0,0
5476,L12866,L,300.87,311.47,1348,33.93,55,0,0,0,0,0,0
5477,L62890,L,296.55,305.8,1395,54.18,66,0,0,0,0,0,0
5478,M51504,M,295.15,305.21,1276,43.75,149,0,0,0,0,0,0
5479,M63374,M,297.12,307.89,1656,20.48,165,0,0,0,0,0,0
5480,L39404,L,299.04,308.39,1296,35.41,84,0,0,0,0,0,0
5481,M75223,M,301.15,311.23,1698,36.85,226,0,0,0,0,0,0
5482,L10637,L,295.32,308.4,1619,32.82,107,0,0,0,0,0,0
5483,L25828,L,303.19,312.76,1521,33.96,42,0,0,0,0,0,0
5484,M63544,M,300.34,310.66,1704,35.33,90,0,0,0,0,0,0
5485,M55097,M,302.72,312.59,2094,29.82,133,0,0,0,0,0,0
5486,H42022,H,298.23,308.81,1621,24.47,138,0,0,0,0,0,0
5487,L42202,L,301.01,310.89,1333,56.11,16,0,0,0,0,0,0
5488,M38704,M,300.17,310.63,1803,30.74,227,0,0,0,0,0,0
5489,M33641,M,301.64,311.62,1569,40.36,222,0,0,0,0,0,0
5490,H47479,H,299.53,311.29,1915,30.65,106,0,0,0,0,0,0
5491,L88771,L,300.95,311.73,1444,35.61,140,0,0,0,0,0,0
5492,M32027,M,302.2,311.9,1766,39.84,247,0,0,0,0,0,0
5493,L52912,L,298.7,310.24,1535,38.08,175,0,0,0,0,0,0
5494,L81474,L,300.48,310.23,2013,28.98,220,0,0,0,0,0,0
5495,L52692,L,296.22,305.36,1484,14.58,165,1,0,0,1,0,0
5496,L42209,L,301.41,312.1,2075,33.27,83,0,0,0,0,0,0
5497,L67563,L,303.91,314.0,1614,33.98,37,0,0,0,0,0,0
5498,M66738,M,297.51,306.38,1687,40.36,48,0,0,0,0,0,0
5499,L47242,L,299.82,309.19,1841,43.92,98,0,0,0,0,0,0
5500,M19941,M,301.76,313.21,1393,49.59,230,0,0,0,0,0,0
5501,L17073,L,300.06,310.12,1709,33.97,64,0,0,0,0,0,0
5502,L47827,L,300.33,311.64,1482,35.89,107,0,0,0,0,0,0
5503,L56225,L,299.22,309.08,1562,59.83,49,1,0,0,1,0,0
5504,L47096,L,299.14,309.99,1550,41.43,12,0,0,0,0,0,0
5505,L60546,L,299.83,312.27,1638,36.81,90,0,0,0,0,0,0
5506,L76457,L,300.08,309.59,1630,33.53,130,0,0,0,0,0,0
5507,L78309,L,297.64,309.36,1431,31.05,211,0,0,0,0,0,0
5508,L79998,L,299.87,311.25,1557,18.85,27,1,0,0,1,0,0
5509,L96496,L,303.14,312.35,1168,67.71,69,0,0,0,0,0,0
5510,L40268,L,299.16,310.42,1713,26.93,173,0,0,0,0,0,0
5511,L95354,L,297.53,308.3,1840,29.66,45,0,0,0,0,0,0
5512,H52078,H,299.7,310.49,1569,35.54,136,0,0,0,0,0,0
5513,M11865,M,298.57,309.61,1246,62.46,189,0,0,0,0,0,0
5514,M38887,M,297.32,307.67,1669,27.76,44,0,0,0,0,0,0
5515,L59876,L,300.28,311.05,1398,43.64,160,0,0,0,0,0,0
5516,M43479,M,298.58,309.52,1568,41.22,3,0,0,0,0,0,0
5517,M50478,M,298.75,310.2,1658,22.59,140,0,0,0,0,0,0
5518,M36401,M,300.31,309.48,1633,22.11,51,0,0,0,0,0,0
5519,L38502,L,296.93,308.92,1730,27.21,165,0,0,0,0,0,0
5520,M23394,M,296.52,306.06,1561,38.93,64,0,0,0,0,0,0
5521,M19262,M,301.34,312.8,1566,37.65,45,0,0,0,0,0,0
5522,L14487,L,296.14,306.92,1668,33.33,216,0,0,0,0,0,0
5523,M37341,M,298.05,307.47,1522,43.78,128,0,0,0,0,0,0
5524,L23570,L,296.4,307.63,1411,31.9,159,0,0,0,0,0,0
5525,L67268,L,299.03,308.78,1616,33.94,105,0,0,0,0,0,0
5526,L39605,L,300.86,312.62,1332,41.8,176,0,0,0,0,0,0
5527,M81602,M,300.22,310.21,1520,29.87,18,0,0,0,0,0,0
5528,L36723,L,304.5,313.71,1287,70.14,80,1,0,0,1,0,0
5529,L79108,L,302.17,314.0,1435,18.36,253,1,0,0,1,0,0
5530,L88206,L,298.14,309.02,1443,52.04,179,0,0,0,0,0,0
5531,L70098,L,297.61,309.17,1358,50.64,166,0,0,0,0,0,0
5532,L58707,L,304.5,314.0,1733,39.74,189,0,0,0,0,0,0
5533,M59028,M,302.13,310.93,1718,34.14,40,0,0,0,0,0,0
5534,M66921,M,301.18,313.55,1772,43.13,75,0,0,0,0,0,0
5535,L70760,L,300.15,310.84,1501,33.89,147,0,0,0,0,0,0
5536,L20249,L,300.55,311.74,1457,43.18,21,0,0,0,0,0,0
5537,L77847,L,297.04,308.39,1680,34.74,236,1,1,0,0,0,0
5538,M53839,M,300.31,310.68,1558,34.64,158,0,0,0,0,0,0
5539,L49673,L,300.14,311.07,1557,37.91,97,0,0,0,0,0,0
5540,L13642,L,298.19,310.49,1168,37.42,86,0,0,0,0,0,0
5541,L16338,L,298.92,309.59,1671,28.59,107,0,0,0,0,0,0
5542,M61761,M,303.03,314.0,1647,48.52,251,1,0,0,0,1,0
5543,M19622,M,299.75,308.46,1534,64.26,55,1,0,0,1,0,0
5544,M58423,M,304.14,314.0,1682,38.5,18,0,0,0,0,0,0
5545,M52873,M,296.52,305.7,1643,42.13,112,0,0,0,0,0,0
5546,L57565,L,298.96,310.67,1410,43.21,65,0,0,0,0,0,0
5547,L17806,L,296.91,308.0,1495,42.67,65,0,0,0,0,0,0
5548,L10757,L,297.58,308.19,1354,48.08,37,0,0,0,0,0,0
5549,L31470,L,298.34,308.94,1798,40.11,38,0,0,0,0,0,0
5550,L16220,L,300.63,311.08,1711,46.36,228,0,0,0,0,0,0
5551,L64754,L,300.53,310.41,1388,32.14,203,0,0,0,0,0,0
5552,L89852,L,298.64,309.14,1646,59.4,27,1,0,0,1,0,0
5553,H32505,H,295.54,308.45,1585,37.39,10,0,0,0,0,0,0
5554,M38288,M,302.96,314.0,1412,42.0,233,0,0,0,0,0,0
5555,M84492,M,299.43,309.26,1557,32.99,112,0,0,0,0,0,0
5556,M29109,M,297.77,308.74,1690,30.44,92,0,0,0,0,0,0
5557,L13497,L,300.55,311.35,1704,38.8,20,0,0,0,0,0,0
5558,M67326,M,300.41,310.97,1955,33.98,156,0,0,0,0,0,0
5559,L19864,L,299.35,309.05,1552,42.13,92,0,0,0,0,0,0
5560,M97562,M,300.3,311.44,1492,34.03,253,0,0,0,0,0,0
5561,L84310,L,297.69,309.24,1636,11.37,231,1,0,0,1,0,0
5562,H31017,H,301.52,311.39,1502,21.02,41,1,0,0,1,0,0
5563,L11821,L,298.01,310.66,1430,40.21,139,0,0,0,0,0,0
5564,L60337,L,298.79,311.01,1368,45.39,1,0,0,0,0,0,0
5565,H55485,H,301.3,312.55,1168,43.91,39,0,0,0,0,0,0
5566,L93557,L,302.41,311.88,1667,28.41,101,0,0,0,0,0,0
5567,M66388,M,303.17,314.0,1240,49.63,62,0,0,0,0,0,0
5568,M20372,M,302.11,313.09,1377,40.5,160,0,0,0,0,0,0
5569,M81333,M,299.35,310.57,1588,31.79,108,0,0,0,0,0,0
5570,H26283,H,296.92,309.21,1477,23.12,173,0,0,0,0,0,0
5571,H50857,H,302.81,313.33,1922,23.52,9,0,0,0,0,0,0
5572,L61772,L,302.74,314.0,1263,55.93,232,1,1,0,0,1,0
5573,M69670,M,298.66,309.76,1938,22.45,138,0,0,0,0,0,0
5574,M83133,M,301.84,312.25,1784,37.46,15,0,0,0,0,0,0
5575,M41261,M,299.34,312.44,1699,45.42,7,0,0,0,0,0,0
5576,L67154,L,303.0,314.0,1794,25.62,46,0,0,0,0,0,0
5577,M16107,M,298.97,309.22,1608,31.67,116,0,0,0,0,0,0
5578,H45561,H,303.96,314.0,1228,58.16,173,0,0,0,0,0,0
5579,H86674,H,301.57,312.91,1628,46.05,3,0,0,0,0,0,0
5580,L45268,L,303.6,314.0,1268,37.89,171,0,0,0,0,0,0
5581,L41608,L,299.07,309.91,1440,23.66,91,0,0,0,0,0,0
5582,L23138,L,300.81,310.69,1521,49.49,16,0,0,0,0,0,0
5583,M47693,M,298.06,307.08,1371,47.89,81,0,0,0,0,0,0
5584,M93000,M,301.69,312.49,1705,36.96,244,0,0,0,0,0,0
5585,L31248,L,301.8,312.64,1497,47.05,4,0,0,0,0,0,0
5586,L28632,L,304.5,314.0,1609,25.06,71,0,0,0,0,0,0
5587,L57547,L,300.96,311.09,1533,41.02,125,0,0,0,0,0,0
5588,L22100,L,301.45,310.81,1558,34.16,180,0,0,0,0,0,0
5589,H57930,H,299.06,308.79,1375,47.94,4,0,0,0,0,0,0
5590,M76861,M,301.08,312.84,1324,51.93,34,0,0,0,0,0,0
5591,L86905,L,299.24,309.27,1507,47.29,22,0,0,0,0,0,0
5592,L63025,L,300.23,310.49,1361,48.39,149,0,0,0,0,0,0
5593,L85876,L,300.35,310.74,1786,34.09,111,0,0,0,0,0,0
5594,H88944,H,299.3,309.38,1287,47.67,116,0,0,0,0,0,0
5595,L60840,L,300.13,310.13,1956,31.98,186,0,0,0,0,0,0
5596,L29369,L,299.25,309.08,1589,30.42,65,0,0,0,0,0,0
5597,L28460,L,299.24,311.34,1547,33.6,163,0,0,0,0,0,0
5598,M11461,M,302.15,313.53,1438,43.86,66,0,0,0,0,0,0
5599,M52362,M,300.35,312.3,1653,40.29,27,0,0,0,0,0,0
5600,M38610,M,300.69,312.84,1498,32.02,235,0,0,0,0,0,0
5601,L30995,L,297.09,305.44,1589,26.35,214,1,1,0,0,0,0
5602,L94716,L,300.85,311.89,1687,19.74,200,1,0,0,1,0,0
5603,L17717,L,301.06,311.17,1655,23.7,210,0,0,0,0,0,0
5604,M88867,M,299.2,311.02,1758,28.19,150,0,0,0,0,0,0
5605,L89472,L,304.17,314.0,1632,31.19,140,0,0,0,0,0,0
5606,L74022,L,295.42,305.07,1364,39.04,237,0,0,0,0,0,0
5607,M63668,M,301.57,310.83,1168,34.28,200,1,1,0,0,0,0
5608,M61645,M,301.43,311.82,1573,19.92,68,1,0,0,1,0,0
5609,L39550,L,301.08,312.7,1576,37.52,231,0,0,0,0,0,0
5610,L96151,L,300.35,311.31,1882,31.42,29,0,0,0,0,0,0
5611,L13576,L,301.1,310.6,1514,43.72,183,0,0,0,0,0,0
5612,M50868,M,301.74,314.0,1602,43.04,59,0,0,0,0,0,0
5613,M56380,M,298.55,309.9,1675,37.56,86,0,0,0,0,0,0
5614,L15728,L,300.6,312.08,1627,36.22,96,0,0,0,0,0,0
5615,L42800,L,299.63,311.62,1687,41.4,148,0,0,0,0,0,0
5616,M20886,M,297.81,306.87,1388,55.99,111,0,0,0,0,0,0
5617,M89614,M,301.43,311.22,1359,35.02,76,0,0,0,0,0,0
5618,L79909,L,298.87,310.39,1484,46.03,41,0,0,0,0,0,0
5619,L57236,L,297.0,306.89,1168,41.4,104,0,0,0,0,0,0
5620,L55805,L,298.92,309.35,1528,39.55,47,0,0,0,0,0,0
5621,L42532,L,298.4,309.02,1416,51.27,104,0,0,0,0,0,0
5622,H38688,H,302.06,311.48,1593,33.51,203,0,0,0,0,0,0
5623,M21063,M,300.31,310.65,1487,29.35,149,0,0,0,0,0,0
5624,M33089,M,302.76,314.0,1352,37.51,254,0,0,0,0,0,0
5625,L65942,L,298.67,310.1,1771,24.64,247,0,0,0,0,0,0
5626,M61829,M,301.75,313.56,1550,27.04,195,0,0,0,0,0,0
5627,L60553,L,304.5,314.0,1690,44.12,72,0,0,0,0,0,0
5628,L43585,L,300.71,311.82,1568,41.4,94,0,0,0,0,0,0
5629,L81739,L,301.72,312.75,1619,29.03,49,0,0,0,0,0,0
5630,L69004,L,301.39,312.34,1290,33.48,190,0,0,0,0,0,0
5631,M12438,M,297.16,307.23,1765,25.03,175,0,0,0,0,0,0
5632,L33212,L,301.17,310.84,1693,27.75,65,0,0,0,0,0,0
5633,L60362,L,300.61,310.62,1532,48.19,109,0,0,0,0,0,0
5634,L82177,L,299.48,309.85,1587,35.11,182,0,0,0,0,0,0
5635,L26983,L,298.23,308.28,1715,51.2,35,1,0,0,1,0,0
5636,L24026,L,301.39,312.5,1468,38.64,202,0,0,0,0,0,0
5637,L60998,L,298.06,308.96,1250,39.24,28,0,0,0,0,0,0
5638,M65744,M,304.27,314.0,1471,47.97,227,0,0,0,0,0,0
5639,L67013,L,300.23,311.28,1562,21.36,97,1,0,0,1,0,0
5640,L61039,L,297.55,309.45,1529,39.23,174,0,0,0,0,0,0
5641,L59831,L,298.97,309.66,1772,22.53,120,0,0,0,0,0,0
5642,M95172,M,299.44,311.15,1362,19.12,49,1,0,0,1,0,0
5643,L44603,L,304.5,314.0,1385,40.15,8,0,0,0,0,0,0
5644,L87758,L,298.23,310.06,1345,51.51,75,0,0,0,0,0,0
5645,L77713,L,299.77,312.08,1612,37.44,84,0,0,0,0,0,0
5646,L23105,L,298.92,310.2,1260,46.53,189,0,0,0,0,0,0
5647,L77182,L,301.0,311.8,1669,12.03,4,1,0,0,1,0,0
5648,M62147,M,298.96,309.75,1367,40.29,6,0,0,0,0,0,0
5649,M85400,M,297.72,307.95,1396,39.56,171,0,0,0,0,0,0
5650,L56434,L,299.61,309.81,1854,35.71,36,0,0,0,0,0,0
5651,M36515,M,299.4,311.0,1757,23.99,124,0,0,0,0,0,0
5652,M99298,M,298.82,308.55,1556,44.45,245,0,0,0,0,0,0
5653,L68001,L,298.92,311.24,1299,38.49,242,0,0,0,0,0,0
5654,L68397,L,302.37,312.92,1898,27.93,2,0,0,0,0,0,0
5655,L71415,L,299.36,312.92,1500,43.25,142,0,0,0,0,0,0
5656,L26960,L,297.73,307.74,1580,25.49,82,0,0,0,0,0,0
5657,M91838,M,299.08,310.03,1699,40.67,112,0,0,0,0,0,0
5658,M55778,M,300.11,310.46,1182,32.07,2,0,0,0,0,0,0
5659,H40941,H,297.33,307.23,1420,46.96,83,0,0,0,0,0,0
5660,M50955,M,303.25,314.0,1523,35.41,78,0,0,0,0,0,0
5661,L88565,L,301.74,311.33,1559,35.35,101,0,0,0,0,0,0
5662,L66908,L,302.86,312.88,1300,10.3,202,1,0,0,1,0,0
5663,M74067,M,300.78,312.07,1594,30.64,141,0,0,0,0,0,0
5664,L65696,L,295.81,307.26,1541,35.23,3,0,0,0,0,0,0
5665,M28429,M,303.07,312.38,1835,43.31,162,0,0,0,0,0,0
5666,M86676,M,298.27,309.55,1715,33.11,135,0,0,0,0,0,0
5667,M24847,M,298.44,309.26,1487,32.25,212,0,0,0,0,0,0
5668,M57191,M,300.31,310.09,1500,46.17,162,0,0,0,0,0,0
5669,L44256,L,302.76,312.67,1718,29.15,67,0,0,0,0,0,0
5670,M38774,M,302.11,310.77,1586,45.45,35,0,0,0,0,0,0
5671,M19127,M,301.81,314.0,1288,47.38,77,0,0,0,0,0,0
5672,L38205,L,299.38,311.09,1912,23.23,171,0,0,0,0,0,0
5673,M91163,M,299.34,308.76,1357,52.13,63,0,0,0,0,0,0
5674,L68764,L,300.69,312.19,1981,33.26,194,0,0,0,0,0,0
5675,H48664,H,299.74,309.87,1612,43.5,248,0,0,0,0,0,0
5676,L66795,L,301.78,313.39,1421,38.5,19,0,0,0,0,0,0
5677,L42333,L,301.66,311.86,1168,56.43,71,0,0,0,0,0,0
5678,L46079,L,301.18,311.52,1675,50.64,253,1,0,0,0,1,0
5679,M94225,M,295.0,305.41,1256,47.57,184,0,0,0,0,0,0
5680,L34259,L,300.26,310.3,1599,32.25,54,0,0,0,0,0,0
5681,L36571,L,299.78,311.88,1883,42.17,242,0,0,0,0,0,0
5682,L61119,L,300.34,311.93,1330,50.26,13,0,0,0,0,0,0
5683,H18009,H,298.49,309.3,1668,30.48,128,0,0,0,0,0,0
5684,L71829,L,297.35,309.07,1389,59.15,56,0,0,0,0,0,0
5685,L48230,L,300.93,310.0,1739,23.04,83,0,0,0,0,0,0
5686,M66049,M,299.29,308.76,1547,41.94,13,0,0,0,0,0,0
5687,L46498,L,301.15,312.32,1532,48.13,50,0,0,0,0,0,0
5688,H38820,H,298.66,310.09,1752,41.46,91,0,0,0,0,0,0
5689,L50315,L,302.83,313.81,1648,26.95,102,0,0,0,0,0,0
5690,M42795,M,302.0,310.82,1390,28.43,236,0,0,0,0,0,0
5691,L95411,L,300.59,310.23,1857,32.63,57,0,0,0,0,0,0
5692,L49191,L,299.57,310.69,1259,53.55,120,0,0,0,0,0,0
5693,M64453,M,301.7,314.0,1585,26.41,118,0,0,0,0,0,0
5694,L22453,L,300.79,312.7,1387,44.43,122,0,0,0,0,0,0
5695,M60325,M,300.48,312.75,1267,28.74,8,0,0,0,0,0,0
5696,L59490,L,302.09,313.13,1331,54.47,86,0,0,0,0,0,0
5697,L84796,L,302.85,313.89,1526,32.18,207,0,0,0,0,0,0
5698,L59993,L,297.5,307.16,1598,34.39,47,0,0,0,0,0,0
5699,H55706,H,297.9,309.55,1726,40.38,154,0,0,0,0,0,0
5700,L52817,L,298.44,309.07,1801,37.95,103,0,0,0,0,0,0
5701,L74544,L,297.0,308.39,1585,40.43,199,0,0,0,0,0,0
5702,L65710,L,299.87,310.61,1455,49.51,155,0,0,0,0,0,0
5703,L60799,L,301.2,312.18,1722,36.67,183,0,0,0,0,0,0
5704,L70964,L,299.96,310.57,1424,54.78,209,1,0,0,0,1,0
5705,H63678,H,298.93,309.86,1248,26.28,161,1,0,0,1,0,0
5706,L81150,L,302.25,313.95,1704,33.12,1,0,0,0,0,0,0
5707,M70438,M,300.28,309.71,1773,31.49,246,0,0,0,0,0,0
5708,L87223,L,300.69,309.89,1387,39.05,23,0,0,0,0,0,0
5709,M71926,M,302.31,313.43,1888,34.12,73,0,0,0,0,0,0
5710,H13801,H,299.75,311.89,1640,36.81,48,0,0,0,0,0,0
5711,L51048,L,304.12,314.0,1613,42.84,39,0,0,0,0,0,0
5712,H50144,H,299.1,308.58,1442,27.97,250,0,0,0,0,0,0
5713,L20148,L,304.0,314.0,1718,52.46,7,1,0,0,1,0,0
5714,H92819,H,298.05,307.27,1261,41.01,68,0,0,0,0,0,0
5715,M29861,M,301.03,311.18,1474,41.66,66,0,0,0,0,0,0
5716,L71717,L,298.71,310.54,1403,38.73,224,1,1,0,0,0,0
5717,L32480,L,302.24,312.93,1299,44.99,157,0,0,0,0,0,0
5718,L28637,L,299.04,309.37,1690,29.36,51,0,0,0,0,0,0
5719,L54621,L,300.58,311.83,1596,37.74,38,0,0,0,0,0,0
5720,L70304,L,298.7,308.6,1680,39.05,70,0,0,0,0,0,0
5721,L57431,L,301.87,314.0,1485,15.42,236,1,1,0,1,0,0
5722,L98921,L,298.69,309.4,1712,30.71,254,0,0,0,0,0,0
5723,M66172,M,303.37,313.67,1549,33.6,84,0,0,0,0,0,0
5724,L35437,L,298.01,309.29,1450,62.44,229,1,0,0,1,1,0
5725,L18149,L,297.31,308.95,1420,49.02,12,0,0,0,0,0,0
5726,M24671,M,301.9,314.0,1178,66.87,88,0,0,0,0,0,0
5727,L33119,L,298.82,309.31,1745,37.42,118,0,0,0,0,0,0
5728,L56117,L,299.99,311.77,1724,33.92,129,0,0,0,0,0,0
5729,L26279,L,299.36,310.16,2062,30.32,253,0,0,0,0,0,0
5730,H78835,H,297.37,307.46,1475,49.76,193,0,0,0,0,0,0
5731,M14803,M,299.85,309.77,1415,58.21,193,0,0,0,0,0,0
5732,L92897,L,302.53,312.13,1229,50.15,206,1,1,0,0,0,0
5733,M70805,M,302.01,311.96,1708,28.32,14,0,0,0,0,0,0
5734,L28201,L,300.46,312.28,1666,42.33,186,0,0,0,0,0,0
5735,M38634,M,302.22,313.63,1814,24.84,17,0,0,0,0,0,0
5736,M24760,M,297.88,307.34,1370,45.9,68,0,0,0,0,0,0
5737,M20826,M,299.35,308.3,1664,40.3,89,0,0,0,0,0,0
5738,L96821,L,300.79,310.38,1441,38.69,29,0,0,0,0,0,0
5739,L55775,L,299.74,309.66,1777,24.95,77,0,0,0,0,0,0
5740,L84676,L,299.51,309.9,1632,31.13,132,0,0,0,0,0,0
5741,M16798,M,297.6,309.47,1255,42.04,167,0,0,0,0,0,0
5742,L76103,L,295.84,305.99,1511,27.92,148,0,0,0,0,0,0
5743,M87160,M,301.64,314.0,1184,43.71,191,0,0,0,0,0,0
5744,H87751,H,300.49,309.51,1326,27.53,106,0,0,0,0,0,0
5745,L83502,L,301.8,312.16,1336,49.21,7,0,0,0,0,0,0
5746,M61410,M,299.13,310.61,1420,43.72,5,0,0,0,0,0,0
5747,M50888,M,298.57,310.12,1488,41.07,89,0,0,0,0,0,0
5748,H59047,H,300.01,310.38,1565,33.09,195,0,0,0,0,0,0
5749,H55955,H,301.71,313.41,1556,34.51,57,0,0,0,0,0,0
5750,M11982,M,299.54,311.05,1531,29.67,179,0,0,0,0,0,0
5751,L43864,L,301.6,311.62,1595,40.46,157,0,0,0,0,0,0
5752,M89118,M,297.99,309.0,1310,28.89,226,0,0,0,0,0,0
5753,L95490,L,299.68,311.08,1548,37.78,184,0,0,0,0,0,0
5754,M49265,M,299.86,309.95,1793,26.89,26,0,0,0,0,0,0
5755,H56313,H,302.45,314.0,1505,54.79,90,0,0,0,0,0,0
5756,L54350,L,300.42,310.28,1624,39.93,171,0,0,0,0,0,0
5757,M25378,M,303.49,314.0,1607,35.64,106,0,0,0,0,0,0
5758,L79815,L,297.3,306.75,1690,24.53,68,0,0,0,0,0,0
5759,L37924,L,300.26,311.06,1587,23.8,103,0,0,0,0,0,0
5760,L92593,L,300.36,309.99,1687,38.17,138,0,0,0,0,0,0
5761,M17312,M,301.24,311.65,1626,51.07,253,1,0,0,0,1,0
5762,H40353,H,298.37,307.49,1653,38.2,42,0,0,0,0,0,0
5763,H96450,H,303.37,314.0,1615,37.04,243,0,0,0,0,0,0
5764,L26192,L,300.03,311.08,1354,44.33,125,0,0,0,0,0,0
5765,M27450,M,297.83,309.61,1324,44.38,34,0,0,0,0,0,0
5766,M15432,M,299.97,310.32,1471,40.92,138,0,0,0,0,0,0
5767,L67225,L,299.37,311.21,1814,26.17,229,0,0,0,0,0,0
5768,L88711,L,304.5,314.0,1504,28.82,229,0,0,0,0,0,0
5769,L75604,L,302.1,312.91,1591,37.0,53,0,0,0,0,0,0
5770,H20295,H,300.1,312.91,1181,66.63,49,0,0,0,0,0,0
5771,M16774,M,299.78,309.99,1570,43.59,245,0,0,0,0,0,0
5772,M22190,M,301.9,313.83,1550,25.56,188,0,0,0,0,0,0
5773,L41286,L,302.0,313.18,1168,45.93,132,0,0,0,0,0,0
5774,M86325,M,295.0,305.13,1587,42.67,228,1,1,0,0,0,0
5775,L82427,L,301.29,310.67,1238,63.84,114,0,0,0,0,0,0
5776,L97513,L,300.06,309.72,1404,59.07,100,0,0,0,0,0,0
5777,M74014,M,297.38,309.21,1714,31.67,153,0,0,0,0,0,0
5778,L85852,L,301.76,314.0,1563,44.2,96,0,0,0,0,0,0
5779,M65256,M,304.49,314.0,1454,41.85,160,0,0,0,0,0,0
5780,L68630,L,301.11,311.96,1439,38.63,150,0,0,0,0,0,0
5781,M72771,M,302.2,313.68,1460,39.86,185,0,0,0,0,0,0
5782,L61715,L,303.61,314.0,1564,37.32,198,0,0,0,0,0,0
5783,L17466,L,298.34,310.14,1319,56.21,223,1,1,0,0,1,0
5784,L27637,L,296.28,307.28,1737,21.4,136,0,0,0,0,0,0
5785,L78745,L,301.31,312.15,1328,48.18,15,0,0,0,0,0,0
5786,H46317,H,299.5,309.51,1224,64.82,200,0,0,0,0,0,0
5787,L59766,L,297.25,307.01,1713,45.41,171,0,0,0,0,0,0
5788,M13078,M,299.84,307.38,1456,44.94,234,0,0,0,0,0,0
5789,H37299,H,301.46,313.39,1548,30.01,27,0,0,0,0,0,0
5790,L13543,L,299.7,310.26,1653,41.4,150,0,0,0,0,0,0
5791,L61052,L,298.43,308.73,1406,54.27,139,0,0,0,0,0,0
5792,M32064,M,299.55,308.3,1560,32.0,41,0,0,0,0,0,0
5793,H82287,H,299.96,310.02,1652,37.79,8,0,0,0,0,0,0
5794,H90442,H,296.14,306.07,1831,29.69,57,0,0,0,0,0,0
5795,L93632,L,299.71,309.62,1443,33.61,108,0,0,0,0,0,0
5796,M24425,M,297.31,308.34,1452,36.36,75,0,0,0,0,0,0
5797,L61481,L,301.32,312.14,1636,36.14,200,0,0,0,0,0,0
5798,H87347,H,296.88,306.22,1573,28.07,146,0,0,0,0,0,0
5799,H93114,H,302.03,311.43,1510,27.67,163,0,0,0,0,0,0
5800,L82317,L,299.18,308.58,1822,24.46,224,0,0,0,0,0,0
5801,L96826,L,298.91,311.42,1232,50.31,76,0,0,0,0,0,0
5802,L60530,L,300.59,312.78,1279,28.38,65,0,0,0,0,0,0
5803,L91099,L,298.27,308.12,1234,20.69,103,1,0,0,1,0,0
5804,M35888,M,300.56,309.28,1751,43.94,56,0,0,0,0,0,0
5805,L37491,L,298.54,309.36,1628,26.28,56,0,0,0,0,0,0
5806,L42352,L,298.89,309.63,1288,42.32,107,0,0,0,0,0,0
5807,L31676,L,300.81,311.83,1513,46.61,24,0,0,0,0,0,0
5808,H75836,H,297.72,309.16,1530,23.98,140,0,0,0,0,0,0
5809,M47463,M,297.47,308.62,1168,31.4,186,0,0,0,0,0,0
5810,L58990,L,300.5,310.08,1569,30.74,12,0,0,0,0,0,0
5811,L96544,L,299.95,310.94,1323,53.71,224,1,0,0,0,1,0
5812,H73627,H,300.34,311.89,1662,34.28,154,0,0,0,0,0,0
5813,M30221,M,300.66,310.63,1329,43.04,167,0,0,0,0,0,0
5814,L95837,L,300.11,311.11,1574,33.7,228,0,0,0,0,0,0
5815,L82843,L,301.22,311.36,1768,36.96,82,0,0,0,0,0,0
5816,L61313,L,300.19,312.89,1710,45.49,85,0,0,0,0,0,0
5817,L39251,L,295.99,305.36,1626,61.51,179,1,0,0,1,1,0
5818,L56586,L,296.5,308.36,1520,36.29,144,0,0,0,0,0,0
5819,H84418,H,303.86,312.89,1265,62.57,178,0,0,0,0,0,0
5820,L63884,L,300.0,312.49,1456,49.18,1,0,0,0,0,0,0
5821,M62620,M,301.9,311.46,1494,40.9,139,0,0,0,0,0,0
5822,L20040,L,299.31,310.2,1481,17.31,224,1,0,0,1,0,0
5823,M81677,M,299.88,308.95,1259,41.21,155,0,0,0,0,0,0
5824,M55878,M,299.09,308.44,1613,32.51,217,0,0,0,0,0,0
5825,L15969,L,304.5,314.0,1322,47.21,152,0,0,0,0,0,0
5826,L23162,L,300.51,312.23,1813,30.04,219,1,1,0,0,0,0
5827,M75435,M,298.93,309.87,1562,31.52,222,0,0,0,0,0,0
5828,L84667,L,296.7,308.14,1711,50.47,235,1,0,0,1,1,0
5829,L15037,L,303.95,314.0,1708,44.53,158,0,0,0,0,0,0
5830,L70526,L,299.67,309.69,1909,14.84,154,1,0,0,1,0,0
5831,H97914,H,301.49,310.79,1568,33.98,242,0,0,0,0,0,0
5832,L24693,L,301.71,312.4,1465,45.29,107,0,0,0,0,0,0
5833,M69090,M,299.07,309.2,1468,52.01,186,0,0,0,0,0,0
5834,L12451,L,301.34,312.43,1804,28.42,0,0,0,0,0,0,0
5835,M75560,M,298.79,310.04,1297,41.79,34,0,0,0,0,0,0
5836,L15962,L,298.02,308.04,1377,42.6,96,0,0,0,0,0,0
5837,M99552,M,302.33,313.73,1578,42.33,0,0,0,0,0,0,0
5838,L26444,L,299.68,311.04,1507,23.42,8,0,0,0,0,0,0
5839,M50443,M,301.04,312.46,1709,16.63,160,1,0,0,1,0,0
5840,M26506,M,300.82,311.11,1294,58.16,43,0,0,0,0,0,0
5841,L48384,L,301.28,312.76,1523,28.31,52,0,0,0,0,0,0
5842,L34248,L,296.89,308.11,1501,58.41,228,1,0,0,1,1,0
5843,L56162,L,298.83,310.17,1342,33.48,174,0,0,0,0,0,0
5844,L52690,L,299.35,311.73,1693,32.27,206,0,0,0,0,0,0
5845,M79625,M,298.34,309.36,1518,41.21,206,0,0,0,0,0,0
5846,L78008,L,300.86,310.95,1511,17.71,112,1,0,0,1,0,0
5847,L70309,L,302.37,311.96,1387,70.91,220,1,0,0,1,1,0
5848,M53237,M,302.69,314.0,1468,35.17,232,0,0,0,0,0,0
5849,L45732,L,299.32,310.38,1351,33.52,84,0,0,0,0,0,0
5850,L18104,L,300.58,312.95,1690,24.01,45,0,0,0,0,0,0
5851,L93230,L,300.89,309.56,1721,36.3,17,0,0,0,0,0,0
5852,H44980,H,301.24,312.85,1837,33.45,250,0,0,0,0,0,0
5853,M84990,M,298.24,308.68,1613,25.46,143,0,0,0,0,0,0
5854,M49560,M,303.64,313.99,1474,25.54,246,0,0,0,0,0,0
5855,L19554,L,301.85,311.79,1451,49.92,220,0,0,0,0,0,0
5856,M55987,M,301.91,313.5,1623,29.51,232,0,0,0,0,0,0
5857,L40985,L,302.41,313.72,1571,20.78,218,1,0,0,1,0,0
5858,L58167,L,301.07,310.63,1504,36.7,186,0,0,0,0,0,0
5859,L50428,L,297.95,308.81,1488,34.64,123,0,0,0,0,0,0
5860,L77238,L,299.72,311.13,1746,48.82,78,0,0,0,0,0,0
5861,L72723,L,296.7,307.58,1457,34.18,51,0,0,0,0,0,0
5862,L27038,L,300.83,312.64,1777,29.75,180,0,0,0,0,0,0
5863,L32219,L,299.66,310.07,1568,38.55,187,0,0,0,0,0,0
5864,L14271,L,299.92,308.36,1469,33.44,110,0,0,0,0,0,0
5865,M37397,M,302.41,313.29,1394,45.64,8,0,0,0,0,0,0
5866,L84491,L,299.09,309.97,1507,28.35,27,0,0,0,0,0,0
5867,M39602,M,299.5,310.51,1626,33.14,65,0,0,0,0,0,0
5868,L64471,L,300.04,311.85,1467,43.02,212,0,0,0,0,0,0
5869,M72150,M,296.32,305.07,1688,43.6,74,0,0,0,0,0,0
5870,L54227,L,299.47,309.93,1458,33.54,95,0,0,0,0,0,0
5871,L33116,L,295.03,305.0,1513,32.22,21,0,0,0,0,0,0
5872,L16674,L,298.83,308.32,1303,60.9,34,0,0,0,0,0,0
5873,M27469,M,301.71,312.34,1636,30.2,105,0,0,0,0,0,0
5874,M15446,M,300.89,312.3,1487,37.99,168,0,0,0,0,0,0
5875,L30760,L,298.81,309.81,1819,44.98,207,1,1,0,0,0,0
5876,L11963,L,300.08,310.09,1662,35.06,158,0,0,0,0,0,0
5877,M86002,M,297.85,308.4,1550,34.67,190,0,0,0,0,0,0
5878,M37262,M,300.0,311.63,1756,31.22,58,0,0,0,0,0,0
5879,L15177,L,304.5,314.0,1608,29.04,137,0,0,0,0,0,0
5880,L21160,L,303.69,313.84,1716,37.14,103,0,0,0,0,0,0
5881,L17543,L,300.11,310.19,1380,31.93,35,0,0,0,0,0,0
5882,M92162,M,300.32,309.3,1618,42.3,212,0,0,0,0,0,0
5883,L49278,L,298.04,308.31,1625,35.38,71,0,0,0,0,0,0
5884,H39607,H,298.4,307.36,1257,48.27,46,0,0,0,0,0,0
5885,L95835,L,300.72,313.49,1806,45.44,233,1,1,0,0,0,0
5886,L27221,L,298.95,308.8,1326,27.55,185,0,0,0,0,0,0
5887,L13323,L,301.81,313.62,1301,44.3,235,0,0,0,0,0,0
5888,H62105,H,303.14,314.0,1168,56.88,46,0,0,0,0,0,0
5889,M86151,M,300.67,311.58,1620,29.91,96,0,0,0,0,0,0
5890,L76968,L,300.2,310.8,1239,57.23,231,1,0,0,0,1,0
5891,M33238,M,296.64,306.02,1442,34.32,21,0,0,0,0,0,0
5892,L73830,L,301.5,311.69,1686,36.46,157,0,0,0,0,0,0
5893,L83967,L,297.71,310.02,1570,35.38,150,0,0,0,0,0,0
5894,L18330,L,299.16,310.22,1423,41.9,115,0,0,0,0,0,0
5895,L54153,L,301.92,312.65,1249,46.73,206,1,1,0,0,0,0
5896,L18611,L,302.06,314.0,1516,37.5,46,0,0,0,0,0,0
5897,H23872,H,299.07,310.46,1689,29.91,123,0,0,0,0,0,0
5898,L59455,L,299.18,309.73,1661,28.76,234,0,0,0,0,0,0
5899,H44930,H,298.6,309.52,1857,33.3,181,0,0,0,0,0,0
5900,L82022,L,297.6,307.54,1417,40.96,217,0,0,0,0,0,0
5901,M72714,M,298.73,308.87,1298,36.51,143,0,0,0,0,0,0
5902,L98794,L,296.77,307.27,1591,39.11,9,0,0,0,0,0,0
5903,L58716,L,301.37,312.62,1573,32.21,163,0,0,0,0,0,0
5904,L76704,L,300.79,310.24,1534,51.87,27,0,0,0,0,0,0
5905,L10415,L,301.12,311.9,1401,66.36,169,1,0,0,1,1,0
5906,M86441,M,298.09,308.4,1168,66.09,217,1,0,0,0,1,0
5907,L80779,L,297.61,307.41,1354,56.43,94,0,0,0,0,0,0
5908,M92069,M,300.11,310.42,1635,42.17,209,1,1,0,0,0,0
5909,L98444,L,300.13,308.51,1586,34.23,144,0,0,0,0,0,0
5910,L81435,L,299.71,309.65,1709,17.61,47,1,0,0,1,0,0
5911,L19888,L,299.42,309.02,1597,26.68,51,0,0,0,0,0,0
5912,H55299,H,303.42,313.84,1667,28.55,95,0,0,0,0,0,0
5913,M68765,M,300.85,309.27,1673,44.6,187,0,0,0,0,0,0
5914,L72714,L,303.94,314.0,1539,39.62,166,0,0,0,0,0,0
5915,L25935,L,302.54,314.0,1540,31.07,247,0,0,0,0,0,0
5916,L83002,L,303.41,313.99,1168,26.43,50,1,0,0,1,0,0
5917,H90631,H,297.85,309.05,1417,63.88,50,1,0,0,1,0,0
5918,M86729,M,301.19,311.37,1425,45.58,132,0,0,0,0,0,0
5919,L11320,L,299.14,308.28,1515,46.4,105,0,0,0,0,0,0
5920,L56032,L,296.67,307.37,1368,36.29,249,0,0,0,0,0,0
5921,L87763,L,302.99,314.0,1704,32.46,118,0,0,0,0,0,0
5922,H27907,H,299.41,308.79,1376,38.05,220,0,0,0,0,0,0
5923,L48002,L,297.89,308.12,1733,33.58,63,0,0,0,0,0,0
5924,M54838,M,299.17,309.62,1362,61.48,163,0,0,0,0,0,0
5925,L48912,L,298.41,311.96,1426,28.08,166,0,0,0,0,0,0
5926,M10552,M,298.61,309.54,1413,40.14,113,0,0,0,0,0,0
5927,M30140,M,299.56,308.35,1446,43.21,10,0,0,0,0,0,0
5928,M95591,M,303.46,312.01,1747,31.84,224,0,0,0,0,0,0
5929,M58737,M,298.67,310.1,1476,48.47,53,0,0,0,0,0,0
5930,M43367,M,303.32,314.0,1481,21.9,3,1,0,0,1,0,0
5931,L90634,L,301.7,312.12,1401,60.14,47,0,0,0,0,0,0
5932,L34061,L,300.79,311.15,1488,25.31,54,0,0,0,0,0,0
5933,L90336,L,301.5,312.63,1574,26.12,32,0,0,0,0,0,0
5934,H52124,H,300.03,309.93,1496,33.99,128,0,0,0,0,0,0
5935,L55638,L,302.57,310.73,1508,31.84,212,0,0,0,0,0,0
5936,M11982,M,301.13,312.87,1718,36.89,208,0,0,0,0,0,0
5937,M45765,M,296.67,306.76,1584,38.96,161,0,0,0,0,0,0
5938,L92606,L,300.59,312.34,1328,44.37,28,0,0,0,0,0,0
5939,L64681,L,301.57,311.51,1520,24.34,194,0,0,0,0,0,0
5940,L73232,L,299.42,310.24,1438,38.45,112,0,0,0,0,0,0
5941,L72349,L,300.25,311.81,1629,35.35,151,0,0,0,0,0,0
5942,L73474,L,298.77,310.54,1554,48.24,225,0,0,0,0,0,0
5943,L39513,L,297.24,308.18,1738,34.6,65,0,0,0,0,0,0
5944,M32592,M,296.9,307.78,1402,44.78,94,0,0,0,0,0,0
5945,H33618,H,296.93,308.25,1500,56.92,231,1,1,0,0,1,0
5946,L61632,L,301.34,312.5,1343,30.28,126,0,0,0,0,0,0
5947,L25409,L,295.02,305.0,1527,33.87,70,0,0,0,0,0,0
5948,L19529,L,298.67,308.09,1258,32.6,242,0,0,0,0,0,0
5949,M34154,M,298.47,307.06,1593,50.42,92,0,0,0,0,0,0
5950,M42882,M,299.44,310.9,1525,53.3,60,0,0,0,0,0,0
5951,L54917,L,296.29,306.59,1563,50.67,244,1,0,0,0,1,0
5952,L92488,L,300.81,312.33,1677,38.84,242,0,0,0,0,0,0
5953,M25701,M,297.45,308.56,1575,39.83,202,0,0,0,0,0,0
5954,M85281,M,302.26,311.96,1305,38.87,170,0,0,0,0,0,0
5955,L99871,L,298.76,309.34,1435,47.61,116,0,0,0,0,0,0
5956,M78225,M,299.81,310.05,1521,25.61,88,0,0,0,0,0,0
5957,L62492,L,300.01,310.1,1476,26.35,210,1,1,0,0,0,0
5958,L12988,L,300.49,312.1,1498,34.24,74,0,0,0,0,0,0
5959,M45919,M,300.07,313.28,1827,46.16,44,0,0,0,0,0,0
5960,M58426,M,299.15,310.96,1553,32.16,34,0,0,0,0,0,0
5961,L62167,L,300.69,311.36,1604,32.35,32,0,0,0,0,0,0
5962,H19013,H,300.93,312.89,1173,52.34,68,0,0,0,0,0,0
5963,L49113,L,298.47,310.88,1669,42.03,226,0,0,0,0,0,0
5964,M13574,M,300.85,310.16,2048,36.73,194,0,0,0,0,0,0
5965,L17838,L,302.38,314.0,1777,23.21,222,0,0,0,0,0,0
5966,M41368,M,301.41,312.88,1456,38.41,139,0,0,0,0,0,0
5967,H42228,H,301.86,313.75,1946,31.1,67,0,0,0,0,0,0
5968,L59711,L,300.34,311.86,1540,40.23,159,0,0,0,0,0,0
5969,H56097,H,298.13,308.6,1590,43.83,113,0,0,0,0,0,0
5970,M65773,M,298.38,311.11,1487,46.44,241,0,0,0,0,0,0
5971,M38639,M,300.64,311.68,1482,38.9,23,0,0,0,0,0,0
5972,L24823,L,301.89,312.15,1168,63.19,50,0,0,0,0,0,0
5973,M33510,M,304.5,314.0,1677,42.45,227,0,0,0,0,0,0
5974,M48333,M,301.96,313.64,1482,47.26,193,0,0,0,0,0,0
5975,L14435,L,297.66,308.45,1501,33.12,196,0,0,0,0,0,0
5976,H48418,H,298.47,309.56,1584,42.61,11,0,0,0,0,0,0
5977,L67955,L,304.5,314.0,1460,51.04,152,0,0,0,0,0,0
5978,L69507,L,299.57,309.61,1582,31.55,104,0,0,0,0,0,0
5979,L61033,L,300.1,309.97,1752,33.79,151,0,0,0,0,0,0
5980,L96089,L,298.08,307.38,1608,49.57,120,0,0,0,0,0,0
5981,M82972,M,303.13,314.0,1507,41.78,216,0,0,0,0,0,0
5982,L57219,L,301.0,311.48,1513,37.04,127,0,0,0,0,0,0
5983,H44477,H,298.45,305.72,1571,49.79,171,0,0,0,0,0,0
5984,L99780,L,298.01,309.11,1385,36.5,44,0,0,0,0,0,0
5985,L52721,L,300.61,311.69,1572,20.99,184,1,0,0,1,0,0
5986,L77228,L,300.09,308.92,1658,27.82,44,0,0,0,0,0,0
5987,L25523,L,301.66,311.53,1551,47.44,121,0,0,0,0,0,0
5988,H42326,H,301.09,310.92,1459,44.39,17,0,0,0,0,0,0
5989,M52205,M,299.47,309.43,1483,39.28,50,0,0,0,0,0,0
5990,M10125,M,298.91,310.83,1652,43.87,147,0,0,0,0,0,0
5991,L76735,L,299.68,310.23,1337,44.64,96,0,0,0,0,0,0
5992,L26375,L,298.9,309.17,1388,38.98,92,0,0,0,0,0,0
5993,L12711,L,299.74,311.56,1246,55.6,28,0,0,0,0,0,0
5994,L42437,L,300.03,311.23,1541,33.63,85,0,0,0,0,0,0
5995,L38022,L,298.2,307.16,1690,38.05,75,0,0,0,0,0,0
5996,M19182,M,301.26,311.34,1775,25.87,190,0,0,0,0,0,0
5997,L98148,L,299.26,310.28,1814,23.26,161,0,0,0,0,0,0
5998,M81531,M,298.32,308.08,1411,31.82,67,0,0,0,0,0,0
5999,L50950,L,299.3,312.03,1580,36.03,4,0,0,0,0,0,0
6000,L22920,L,300.48,311.3,1463,32.83,115,0,0,0,0,0,0
6001,M32144,M,300.17,310.11,1832,26.43,245,0,0,0,0,0,0
6002,L94418,L,300.84,310.42,1770,31.14,121,0,0,0,0,0,0
6003,M12565,M,301.8,313.42,1565,35.94,73,0,0,0,0,0,0
6004,M98909,M,302.61,312.66,1424,24.64,149,0,0,0,0,0,0
6005,L63942,L,300.57,311.65,1168,18.12,120,1,0,0,1,0,0
6006,H80560,H,297.86,307.41,1277,49.36,152,0,0,0,0,0,0
6007,L34691,L,299.46,310.23,1202,49.34,189,0,0,0,0,0,0
6008,L43799,L,297.99,308.06,1275,29.55,128,0,0,0,0,0,0
6009,M76777,M,303.39,313.78,1873,33.92,201,0,0,0,0,0,0
6010,L44510,L,303.97,313.88,1302,48.79,78,0,0,0,0,0,0
6011,M97919,M,301.3,313.03,1344,39.41,167,0,0,0,0,0,0
6012,M87366,M,301.72,311.93,1369,62.34,30,0,0,0,0,0,0
6013,H38975,H,300.5,311.06,2003,37.69,116,0,0,0,0,0,0
6014,L63242,L,300.73,311.34,1524,33.85,208,1,1,0,0,0,0
6015,L56546,L,296.81,309.12,1714,30.25,203,0,0,0,0,0,0
6016,M33267,M,299.85,311.44,1567,23.24,4,0,0,0,0,0,0
6017,L87911,L,298.24,309.73,1178,63.54,229,1,1,0,0,1,0
6018,L97049,L,300.56,309.68,1811,33.59,175,0,0,0,0,0,0
6019,L79939,L,299.88,309.92,1607,42.98,230,0,0,0,0,0,0
6020,L14897,L,303.89,314.0,1513,17.67,114,1,0,0,1,0,0
6021,L10163,L,301.83,311.36,1852,36.95,72,0,0,0,0,0,0
6022,M62540,M,300.57,311.35,1473,33.95,50,0,0,0,0,0,0
6023,M92915,M,299.47,309.1,1509,43.52,80,0,0,0,0,0,0
6024,L40030,L,303.35,313.09,1473,43.97,156,0,0,0,0,0,0
6025,L65313,L,299.94,312.32,1729,32.97,178,0,0,0,0,0,0
6026,L39870,L,300.66,312.08,1681,28.13,54,0,0,0,0,0,0
6027,M39482,M,300.08,311.77,1585,39.75,169,0,0,0,0,0,0
6028,L41058,L,299.19,310.68,1346,33.68,80,0,0,0,0,0,0
6029,M67255,M,300.07,310.63,1468,49.27,109,0,0,0,0,0,0
6030,L74930,L,296.08,306.08,1346,34.9,77,0,0,0,0,0,0
6031,M60500,M,296.9,307.2,1744,33.04,147,0,0,0,0,0,0
6032,L36379,L,300.7,311.21,1252,37.24,246,0,0,0,0,0,0
6033,M77787,M,303.14,314.0,1822,32.69,110,0,0,0,0,0,0
6034,L33674,L,300.7,310.06,1767,24.06,90,0,0,0,0,0,0
6035,M16590,M,298.56,308.71,1370,33.37,253,0,0,0,0,0,0
6036,L41432,L,297.11,306.9,1460,61.75,187,1,0,0,1,1,0
6037,M50426,M,301.57,313.33,1407,49.32,114,0,0,0,0,0,0
6038,M59584,M,298.87,311.42,1612,38.82,38,0,0,0,0,0,0
6039,L97663,L,301.29,312.3,1789,36.14,239,0,0,0,0,0,0
6040,M48015,M,300.78,311.87,1748,35.27,188,0,0,0,0,0,0
6041,L83251,L,300.96,311.75,1457,38.45,191,0,0,0,0,0,0
6042,L79353,L,300.07,311.2,1761,38.69,211,0,0,0,0,0,0
6043,L92990,L,300.77,312.24,1746,26.03,150,0,0,0,0,0,0
6044,L14600,L,299.76,310.89,1501,53.4,8,0,0,0,0,0,0
6045,M34690,M,298.73,309.93,1533,38.49,121,0,0,0,0,0,0
6046,M43762,M,298.07,309.55,1813,37.95,180,0,0,0,0,0,0
6047,L47499,L,295.23,305.0,1726,46.27,178,0,0,0,0,0,0
6048,L97988,L,299.64,310.34,1755,36.65,240,0,0,0,0,0,0
6049,M17670,M,303.04,314.0,2000,22.84,82,0,0,0,0,0,0
6050,H96687,H,301.46,312.58,1634,45.77,159,0,0,0,0,0,0
6051,L27341,L,300.46,310.98,1594,51.2,51,0,0,0,0,0,0
6052,H83823,H,298.53,309.39,1779,16.53,139,1,0,0,1,0,0
6053,L94074,L,301.99,311.97,1893,29.5,65,0,0,0,0,0,0
6054,L27015,L,299.76,308.69,1425,43.14,99,0,0,0,0,0,0
6055,M75126,M,303.15,314.0,1499,35.71,20,0,0,0,0,0,0
6056,L65197,L,298.04,307.6,1352,29.19,167,0,0,0,0,0,0
6057,L59849,L,298.5,309.04,1597,27.96,234,1,1,0,0,0,0
6058,L25852,L,298.31,308.26,1695,18.18,10,1,0,0,1,0,0
6059,M65361,M,297.04,309.32,1364,52.03,60,0,0,0,0,0,0
6060,M31258,M,298.13,308.75,1739,44.26,27,0,0,0,0,0,0
6061,L72355,L,300.21,310.6,1453,52.82,203,0,0,0,0,0,0
6062,L51508,L,298.58,310.02,1439,39.53,4,0,0,0,0,0,0
6063,L77784,L,295.0,307.86,1738,35.2,113,0,0,0,0,0,0
6064,L81728,L,302.15,313.25,1422,51.05,190,0,0,0,0,0,0
6065,L37410,L,296.63,306.95,1282,42.08,14,0,0,0,0,0,0
6066,M19895,M,301.18,312.58,1669,26.18,159,0,0,0,0,0,0
6067,L81942,L,300.06,309.19,1511,32.5,80,0,0,0,0,0,0
6068,L43924,L,304.23,314.0,1751,34.16,40,0,0,0,0,0,0
6069,L80831,L,301.99,314.0,1685,27.94,163,0,0,0,0,0,0
6070,L22264,L,298.99,309.85,1220,52.51,77,0,0,0,0,0,0
6071,H38038,H,298.6,309.4,1772,21.38,104,0,0,0,0,0,0
6072,L19136,L,303.01,313.73,1877,28.67,136,0,0,0,0,0,0
6073,L23213,L,297.05,307.35,1721,36.67,253,0,0,0,0,0,0
6074,L87608,L,300.38,311.4,1728,34.25,80,0,0,0,0,0,0
6075,L37431,L,299.74,311.21,1490,31.38,171,0,0,0,0,0,0
6076,L52290,L,299.31,309.68,1449,46.8,134,0,0,0,0,0,0
6077,L77539,L,300.71,308.92,1573,38.81,250,0,0,0,0,0,0
6078,L95535,L,300.38,311.54,1701,16.1,95,1,0,0,1,0,0
6079,L52747,L,300.91,313.75,1696,37.63,43,0,0,0,0,0,0
6080,L85974,L,300.28,310.6,1456,35.19,171,0,0,0,0,0,0
6081,L89763,L,300.84,310.06,1438,34.62,5,0,0,0,0,0,0
6082,H79208,H,300.19,311.56,1267,35.85,143,0,0,0,0,0,0
6083,L82994,L,298.68,311.12,1651,25.99,193,0,0,0,0,0,0
6084,L94075,L,300.01,311.24,1465,41.13,201,0,0,0,0,0,0
6085,L79015,L,298.57,311.0,1481,43.97,3,0,0,0,0,0,0
6086,L24887,L,298.44,309.93,1846,32.23,63,0,0,0,0,0,0
6087,M10051,M,299.33,310.73,1643,43.16,4,0,0,0,0,0,0
6088,L77695,L,299.76,309.94,1593,41.19,164,0,0,0,0,0,0
6089,M79926,M,300.07,311.06,1684,16.95,102,1,0,0,1,0,0
6090,L95571,L,301.83,312.5,1791,24.66,153,0,0,0,0,0,0
6091,L38491,L,299.0,309.64,1244,59.75,157,0,0,0,0,0,0
6092,M26080,M,300.39,310.84,1433,27.29,129,0,0,0,0,0,0
6093,L44880,L,300.24,311.16,1493,12.13,114,1,0,0,1,0,0
6094,L69965,L,298.78,308.19,1359,61.47,145,0,0,0,0,0,0
6095,L57361,L,300.15,311.66,1487,41.38,6,0,0,0,0,0,0
6096,M97685,M,302.01,311.83,1256,37.83,109,0,0,0,0,0,0
6097,L90875,L,300.37,310.82,1701,26.54,110,0,0,0,0,0,0
6098,M76890,M,300.45,311.48,1442,45.99,86,0,0,0,0,0,0
6099,L81156,L,298.59,308.36,1571,40.82,248,0,0,0,0,0,0
6100,M79290,M,303.94,312.67,1544,40.14,147,0,0,0,0,0,0
6101,L26593,L,298.7,309.02,1635,33.38,14,0,0,0,0,0,0
6102,M26167,M,296.66,305.93,1168,33.35,179,0,0,0,0,0,0
6103,L98091,L,301.72,313.13,1616,35.14,117,0,0,0,0,0,0
6104,H43005,H,299.77,309.32,1485,48.84,155,0,0,0,0,0,0
6105,L75471,L,299.39,311.58,1608,30.8,237,0,0,0,0,0,0
6106,L60728,L,298.91,309.6,1323,49.83,191,0,0,0,0,0,0
6107,L18691,L,303.74,314.0,1609,32.0,66,0,0,0,0,0,0
6108,L19756,L,300.71,309.43,1769,38.88,130,0,0,0,0,0,0
6109,L46308,L,301.1,311.94,1569,27.57,184,0,0,0,0,0,0
6110,H74079,H,300.33,310.95,1406,40.89,54,0,0,0,0,0,0
6111,H75524,H,300.54,309.94,1414,45.15,139,0,0,0,0,0,0
6112,L70466,L,302.8,313.58,1639,29.06,191,0,0,0,0,0,0
6113,H19327,H,299.5,309.8,1638,38.16,56,0,0,0,0,0,0
6114,L38520,L,297.09,307.57,1599,35.56,225,0,0,0,0,0,0
6115,L53308,L,301.74,312.46,1528,37.08,35,0,0,0,0,0,0
6116,M26533,M,300.99,311.22,1572,30.28,135,0,0,0,0,0,0
6117,M54488,M,300.22,311.16,1523,46.99,8,0,0,0,0,0,0
6118,H77160,H,300.94,311.55,1466,29.84,162,0,0,0,0,0,0
6119,L50429,L,299.26,310.43,1671,36.68,125,0,0,0,0,0,0
6120,M61726,M,300.04,310.21,1591,28.37,87,0,0,0,0,0,0
6121,L96348,L,299.74,309.37,1767,31.88,215,0,0,0,0,0,0
6122,L83065,L,298.82,308.81,1736,38.31,162,0,0,0,0,0,0
6123,L30653,L,302.38,314.0,1585,33.54,138,0,0,0,0,0,0
6124,H66921,H,297.18,308.83,1642,8.06,119,1,0,0,1,0,0
6125,M23654,M,304.5,314.0,1363,27.91,133,0,0,0,0,0,0
6126,M12108,M,301.75,313.74,1521,17.35,152,1,0,0,1,0,0
6127,L79483,L,296.44,306.68,1597,36.49,0,0,0,0,0,0,0
6128,L17899,L,299.55,310.55,1250,45.78,8,0,0,0,0,0,0
6129,L23372,L,299.66,310.44,1612,32.42,124,0,0,0,0,0,0
6130,L47682,L,300.78,312.14,1362,35.47,119,0,0,0,0,0,0
6131,L77799,L,298.02,308.43,1382,43.75,203,1,1,0,0,0,0
6132,M46583,M,300.06,310.86,1440,25.4,76,0,0,0,0,0,0
6133,L39295,L,299.76,310.53,1530,46.41,28,0,0,0,0,0,0
6134,L76113,L,298.52,309.76,1296,45.04,45,0,0,0,0,0,0
6135,L90565,L,298.25,309.6,1689,25.91,31,0,0,0,0,0,0
6136,L59574,L,301.84,312.63,1567,32.74,158,0,0,0,0,0,0
6137,L74934,L,296.61,307.43,1881,29.45,217,0,0,0,0,0,0
6138,H40066,H,300.96,311.88,1589,23.61,103,0,0,0,0,0,0
6139,M93149,M,301.6,313.94,1638,40.85,215,0,0,0,0,0,0
6140,M95096,M,299.56,308.53,1381,51.49,206,0,0,0,0,0,0
6141,L18945,L,300.1,309.84,1322,44.6,105,0,0,0,0,0,0
6142,L39418,L,302.33,313.7,1646,42.98,118,0,0,0,0,0,0
6143,L92607,L,298.59,309.56,1338,71.18,242,1,0,0,1,1,0
6144,M59874,M,298.8,309.76,1651,18.41,5,1,0,0,1,0,0
6145,M27130,M,299.01,310.38,1842,31.51,156,0,0,0,0,0,0
6146,L96257,L,302.33,313.24,1705,22.32,158,0,0,0,0,0,0
6147,L78248,L,302.58,312.73,1638,48.64,143,0,0,0,0,0,0
6148,L92627,L,297.21,308.54,1584,38.41,201,0,0,0,0,0,0
6149,M91393,M,302.01,312.73,1466,32.26,254,0,0,0,0,0,0
6150,H51394,H,301.64,311.89,1514,35.37,119,0,0,0,0,0,0
6151,L59635,L,303.11,314.0,1433,53.33,236,1,0,0,0,1,0
6152,L92089,L,300.77,312.12,1298,49.12,103,0,0,0,0,0,0
6153,L27404,L,299.91,310.83,1541,42.55,254,0,0,0,0,0,0
6154,L82629,L,302.29,314.0,1734,45.32,131,0,0,0,0,0,0
6155,L23156,L,301.4,313.42,1303,54.46,92,0,0,0,0,0,0
6156,L65618,L,304.49,314.0,1787,41.08,127,0,0,0,0,0,0
6157,M59999,M,301.92,314.0,1754,31.63,135,0,0,0,0,0,0
6158,M23785,M,300.31,310.86,1606,15.57,103,1,0,0,1,0,0
6159,L58359,L,297.65,307.89,1608,36.56,202,0,0,0,0,0,0
6160,M24694,M,298.84,310.4,1501,31.82,64,0,0,0,0,0,0
6161,L46114,L,297.13,307.58,1543,44.47,106,0,0,0,0,0,0
6162,L79549,L,299.57,310.28,1452,22.0,36,1,0,0,1,0,0
6163,L67230,L,301.85,311.57,1541,44.89,86,0,0,0,0,0,0
6164,L42799,L,299.99,311.3,1560,38.46,157,0,0,0,0,0,0
6165,L21156,L,302.04,311.27,1874,33.28,206,1,1,0,0,0,0
6166,L20304,L,300.68,311.28,1637,40.42,220,1,1,0,0,0,0
6167,L50645,L,299.19,309.88,1497,37.99,151,0,0,0,0,0,0
6168,H48938,H,300.18,310.44,1517,34.62,200,0,0,0,0,0,0
6169,L66982,L,300.94,309.89,1407,52.29,170,0,0,0,0,0,0
6170,L87614,L,300.28,309.21,1436,45.81,138,0,0,0,0,0,0
6171,L12315,L,300.3,310.26,1699,39.53,78,0,0,0,0,0,0
6172,M22420,M,298.46,309.7,1446,38.8,188,0,0,0,0,0,0
6173,L28312,L,299.13,310.12,1424,41.34,107,0,0,0,0,0,0
6174,M31395,M,304.5,314.0,1428,39.98,109,0,0,0,0,0,0
6175,L50301,L,302.46,312.27,1404,23.02,37,1,0,0,1,0,0
6176,L56972,L,297.05,308.09,1738,21.59,175,0,0,0,0,0,0
6177,L73294,L,295.27,305.0,1561,35.58,153,0,0,0,0,0,0
6178,L90853,L,300.15,308.46,1484,20.49,127,1,0,0,1,0,0
6179,L58225,L,301.79,312.24,1540,36.17,108,0,0,0,0,0,0
6180,L92504,L,298.96,309.11,1574,28.26,228,1,1,0,0,0,0
6181,L32854,L,302.04,313.76,1400,40.13,23,0,0,0,0,0,0
6182,L80780,L,300.12,310.98,1285,46.49,213,0,0,0,0,0,0
6183,L40929,L,299.67,312.02,1776,17.27,81,1,0,0,1,0,0
6184,H67103,H,301.51,311.66,1713,36.17,72,0,0,0,0,0,0
6185,L73620,L,298.94,310.12,1603,31.73,220,0,0,0,0,0,0
6186,M99590,M,299.43,309.87,1700,14.13,95,1,0,0,1,0,0
6187,M94124,M,301.34,313.42,1880,26.97,139,0,0,0,0,0,0
6188,L54590,L,299.94,310.43,1439,43.61,104,0,0,0,0,0,0
6189,L82554,L,303.82,314.0,1333,38.61,144,0,0,0,0,0,0
6190,L20621,L,301.39,311.01,1654,30.6,216,1,1,0,0,0,0
6191,M10973,M,301.26,311.54,1271,46.81,180,0,0,0,0,0,0
6192,M68786,M,299.9,310.52,1542,32.71,13,0,0,0,0,0,0
6193,M47097,M,301.75,313.71,1481,36.1,152,0,0,0,0,0,0
6194,H44245,H,299.35,307.86,1656,23.12,218,0,0,0,0,0,0
6195,M75211,M,300.56,310.93,1448,34.44,12,0,0,0,0,0,0
6196,L64841,L,298.17,308.5,1751,48.14,36,0,0,0,0,0,0
6197,L35346,L,302.08,310.7,1401,42.73,9,0,0,0,0,0,0
6198,M81980,M,300.58,310.82,1662,36.79,117,0,0,0,0,0,0
6199,L59153,L,303.97,313.12,1415,33.98,72,0,0,0,0,0,0
6200,L86942,L,304.5,312.87,1634,31.61,204,1,1,0,0,0,0
6201,M15972,M,301.53,311.96,1352,39.95,134,0,0,0,0,0,0
6202,L58063,L,300.14,310.54,1531,45.61,141,0,0,0,0,0,0
6203,H75488,H,298.11,308.56,1773,42.0,123,0,0,0,0,0,0
6204,M67055,M,301.81,312.76,1556,32.65,99,0,0,0,0,0,0
6205,L74366,L,300.42,310.24,1748,32.59,117,0,0,0,0,0,0
6206,H20931,H,301.08,313.57,1530,35.24,231,0,0,0,0,0,0
6207,L17702,L,303.46,314.0,1444,47.24,4,0,0,0,0,0,0
6208,L94834,L,298.35,310.34,1566,40.87,12,0,0,0,0,0,0
6209,L31540,L,298.15,307.17,1646,34.02,19,0,0,0,0,0,0
6210,L67450,L,299.53,309.39,1192,60.2,246,1,0,0,0,1,0
6211,L75252,L,301.64,313.03,1629,39.73,27,0,0,0,0,0,0
6212,L56904,L,301.11,311.58,1366,33.86,114,0,0,0,0,0,0
6213,L62320,L,298.21,307.84,1321,43.46,179,0,0,0,0,0,0
6214,L41000,L,301.51,310.37,1632,33.56,206,1,1,0,0,0,0
6215,M12599,M,297.6,309.03,1776,24.29,166,0,0,0,0,0,0
6216,M97636,M,298.32,309.68,1574,34.35,122,0,0,0,0,0,0
6217,L94719,L,299.77,310.71,1291,57.02,20,0,0,0,0,0,0
6218,L66165,L,298.89,309.1,1414,51.6,191,0,0,0,0,0,0
6219,L68855,L,301.78,311.37,1460,48.21,16,0,0,0,0,0,0
6220,L10018,L,300.57,311.22,1570,43.59,197,0,0,0,0,0,0
6221,M10858,M,303.53,312.92,1522,39.6,237,0,0,0,0,0,0
6222,M35992,M,299.51,309.45,1624,29.97,109,0,0,0,0,0,0
6223,L42580,L,299.76,311.72,1715,38.12,24,0,0,0,0,0,0
6224,L80916,L,302.42,311.27,1597,21.11,73,0,0,0,0,0,0
6225,L45800,L,299.82,311.2,1697,28.1,205,0,0,0,0,0,0
6226,M68770,M,302.99,314.0,1486,49.19,18,0,0,0,0,0,0
6227,L64941,L,301.08,312.6,2128,23.61,115,0,0,0,0,0,0
6228,H94451,H,295.29,306.39,1635,40.66,10,0,0,0,0,0,0
6229,M47487,M,302.36,312.59,1658,31.42,31,0,0,0,0,0,0
6230,L22943,L,301.83,311.88,1851,35.2,9,0,0,0,0,0,0
6231,L71457,L,301.9,310.35,1551,22.72,238,1,1,0,0,0,0
6232,H28836,H,296.18,306.92,1419,53.22,225,0,0,0,0,0,0
6233,L21394,L,298.67,308.97,1770,23.34,114,0,0,0,0,0,0
6234,L82158,L,298.82,308.82,1781,21.22,43,0,0,0,0,0,0
6235,L35280,L,298.32,309.0,1563,47.83,244,1,0,0,0,1,0
6236,M87318,M,303.48,314.0,1852,30.92,92,0,0,0,0,0,0
6237,M11159,M,299.98,310.04,1520,34.81,92,0,0,0,0,0,0
6238,M80162,M,299.93,312.24,1703,46.83,213,0,0,0,0,0,0
6239,M33440,M,301.1,312.53,1808,37.49,113,0,0,0,0,0,0
6240,M87166,M,301.14,312.73,1553,32.75,77,0,0,0,0,0,0
6241,H62712,H,295.0,305.6,1617,34.24,186,0,0,0,0,0,0
6242,L57656,L,298.71,309.92,1720,42.26,1,0,0,0,0,0,0
6243,L16589,L,297.17,306.98,1469,29.61,11,0,0,0,0,0,0
6244,M58241,M,300.8,312.17,1388,56.16,85,0,0,0,0,0,0
6245,M33233,M,299.42,309.92,1775,28.7,64,0,0,0,0,0,0
6246,M45011,M,300.03,309.71,1590,28.18,241,0,0,0,0,0,0
6247,L18177,L,295.84,306.52,1444,50.46,75,0,0,0,0,0,0
6248,M44528,M,299.38,309.79,1552,43.7,254,0,0,0,0,0,0
6249,M71351,M,302.23,314.0,1627,19.58,75,1,0,0,1,0,0
6250,L66831,L,302.82,313.95,1253,44.52,67,0,0,0,0,0,0
6251,L61827,L,301.44,313.72,1664,24.92,16,0,0,0,0,0,0
6252,L33508,L,297.33,309.16,1609,42.73,180,0,0,0,0,0,0
6253,L64933,L,302.52,313.26,1833,44.7,239,0,0,0,0,0,0
6254,L90501,L,301.45,311.7,1496,43.46,146,0,0,0,0,0,0
6255,L78772,L,299.77,308.73,1783,26.03,121,0,0,0,0,0,0
6256,L25611,L,295.95,305.78,1527,45.87,128,0,0,0,0,0,0
6257,M32282,M,301.91,313.27,1560,36.26,51,0,0,0,0,0,0
6258,M51003,M,298.82,309.21,1586,35.47,16,0,0,0,0,0,0
6259,M91365,M,300.69,311.77,1912,26.33,225,0,0,0,0,0,0
6260,L84216,L,300.14,308.81,1312,44.82,234,1,0,1,0,0,0
6261,L21340,L,303.08,314.0,1624,34.65,185,0,0,0,0,0,0
6262,M96643,M,299.75,311.55,1543,14.82,198,1,0,0,1,0,0
6263,L84684,L,299.97,308.89,1530,37.69,61,0,0,0,0,0,0
6264,H93035,H,303.16,314.0,1640,33.74,160,0,0,0,0,0,0
6265,M28165,M,298.68,310.73,1734,35.91,69,0,0,0,0,0,0
6266,L28260,L,301.63,314.0,1631,17.51,51,1,0,0,1,0,0
6267,H64515,H,299.6,309.8,1757,36.78,5,0,0,0,0,0,0
6268,L40480,L,297.99,309.47,1490,38.73,95,0,0,0,0,0,0
6269,L62527,L,300.0,312.13,1526,42.19,219,0,0,0,0,0,0
6270,M69789,M,301.38,312.48,1355,25.07,100,0,0,0,0,0,0
6271,L61902,L,302.71,314.0,1892,20.94,63,0,0,0,0,0,0
6272,H42191,H,302.95,313.61,1501,20.27,92,1,0,0,1,0,0
6273,L69488,L,299.41,310.5,1482,40.09,58,0,0,0,0,0,0
6274,L85082,L,298.03,308.1,1644,31.84,106,0,0,0,0,0,0
6275,L46044,L,299.36,309.9,1734,31.85,221,1,1,0,0,0,0
6276,M59600,M,297.64,308.77,1410,26.48,21,0,0,0,0,0,0
6277,L97457,L,299.57,309.57,1749,22.86,68,0,0,0,0,0,0
6278,L58776,L,299.32,309.79,1480,14.55,220,1,0,0,1,0,0
6279,M22836,M,301.45,312.92,1793,21.21,129,0,0,0,0,0,0
6280,L84525,L,295.59,308.34,1438,33.38,201,1,1,0,0,0,0
6281,M62648,M,298.53,307.18,1667,29.22,45,0,0,0,0,0,0
6282,L23740,L,298.55,311.23,1543,36.51,211,1,1,0,0,0,0
6283,M23102,M,302.37,312.81,1332,51.2,246,1,0,0,0,1,0
6284,M90893,M,297.77,309.44,1280,37.05,189,0,0,0,0,0,0
6285,L61334,L,300.45,312.31,1401,45.88,51,0,0,0,0,0,0
6286,L40255,L,299.74,312.01,1714,39.94,244,0,0,0,0,0,0
6287,M35221,M,302.09,312.06,1185,62.24,209,1,0,0,0,1,0
6288,L73265,L,301.19,311.67,1595,40.32,172,0,0,0,0,0,0
6289,H10719,H,300.24,310.89,1579,36.94,124,0,0,0,0,0,0
6290,L93442,L,298.89,309.23,1232,33.94,98,0,0,0,0,0,0
6291,L33140,L,296.3,308.31,1392,43.98,180,0,0,0,0,0,0
6292,L65779,L,300.49,311.12,1391,37.31,35,0,0,0,0,0,0
6293,H11069,H,301.06,310.14,1544,49.86,178,0,0,0,0,0,0
6294,L64714,L,296.85,306.92,1799,32.58,17,0,0,0,0,0,0
6295,M83285,M,297.53,306.65,1728,31.82,11,0,0,0,0,0,0
6296,M22935,M,300.5,310.98,1470,52.77,56,0,0,0,0,0,0
6297,L54035,L,300.68,312.05,1386,36.36,113,0,0,0,0,0,0
6298,L37937,L,298.02,308.06,1254,45.64,173,0,0,0,0,0,0
6299,M28540,M,298.85,309.15,1467,58.68,216,1,0,0,1,1,0
6300,L83480,L,296.33,306.75,1373,44.5,227,1,1,0,0,0,0
6301,M58702,M,302.75,313.6,1528,48.03,127,0,0,0,0,0,0
6302,L88283,L,297.4,308.62,1535,51.35,233,1,0,0,0,1,0
6303,L86041,L,301.08,312.59,1449,34.08,40,0,0,0,0,0,0
6304,M87233,M,299.93,312.89,1453,48.39,120,0,0,0,0,0,0
6305,L46907,L,302.58,313.4,1410,37.25,249,0,0,0,0,0,0
6306,L25221,L,298.42,309.85,1443,59.97,116,1,0,0,1,0,0
6307,L64781,L,300.12,309.23,1793,43.48,246,0,0,0,0,0,0
6308,L17087,L,296.6,306.92,1628,41.73,19,0,0,0,0,0,0
6309,L96998,L,296.12,306.55,1631,44.31,123,0,0,0,0,0,0
6310,M32789,M,301.19,310.88,1717,27.56,111,0,0,0,0,0,0
6311,L66023,L,296.43,306.59,1701,48.14,202,0,0,0,0,0,0
6312,L43400,L,299.54,310.14,1791,24.75,121,0,0,0,0,0,0
6313,M12199,M,302.02,312.22,1641,38.47,147,0,0,0,0,0,0
6314,L57316,L,301.49,314.0,1572,29.94,96,0,0,0,0,0,0
6315,L97273,L,298.67,309.88,1429,48.73,137,0,0,0,0,0,0
6316,H62062,H,296.82,309.52,1387,59.35,61,0,0,0,0,0,0
6317,M81609,M,301.02,313.21,1694,37.65,63,0,0,0,0,0,0
6318,L26744,L,302.68,312.75,1515,40.8,216,0,0,0,0,0,0
6319,M86095,M,298.68,309.41,1290,43.15,201,1,1,0,0,0,0
6320,L65517,L,298.39,308.66,1168,50.29,23,0,0,0,0,0,0
6321,M58865,M,298.95,309.49,1922,27.31,40,0,0,0,0,0,0
6322,L83937,L,301.14,310.87,1358,59.44,160,0,0,0,0,0,0
6323,L87195,L,302.46,312.72,1411,48.65,161,0,0,0,0,0,0
6324,L23894,L,297.52,308.58,1756,29.79,186,0,0,0,0,0,0
6325,L39160,L,297.0,308.04,1317,44.15,206,0,0,0,0,0,0
6326,L63095,L,304.5,314.0,1631,60.75,231,1,1,0,1,1,0
6327,H39272,H,299.65,310.29,1863,32.85,87,0,0,0,0,0,0
6328,L64021,L,300.51,312.07,1915,40.78,78,0,0,0,0,0,0
6329,L43645,L,298.62,309.06,1454,33.72,240,0,0,0,0,0,0
6330,L31179,L,300.98,313.07,1533,41.8,137,0,0,0,0,0,0
6331,L20691,L,301.92,310.77,1464,33.03,4,0,0,0,0,0,0
6332,M91646,M,300.6,311.96,1532,32.4,213,0,0,0,0,0,0
6333,L55311,L,303.48,314.0,1769,38.82,164,0,0,0,0,0,0
6334,L49038,L,299.35,309.37,1283,34.66,117,0,0,0,0,0,0
6335,L34967,L,299.47,309.82,1652,24.35,30,0,0,0,0,0,0
6336,M38478,M,300.46,311.63,1500,44.75,150,0,0,0,0,0,0
6337,L65775,L,300.93,312.55,1781,28.24,254,0,0,0,0,0,0
6338,L80624,L,300.46,309.41,1772,30.07,10,0,0,0,0,0,0
6339,L50332,L,297.43,308.76,1462,21.55,73,1,0,0,1,0,0
6340,L17066,L,300.63,310.87,1515,25.82,117,0,0,0,0,0,0
6341,L49313,L,299.25,311.08,1696,35.65,226,0,0,0,0,0,0
6342,M77857,M,298.84,307.7,1712,31.51,149,0,0,0,0,0,0
6343,M55900,M,300.06,313.21,1168,60.2,232,1,0,0,0,1,0
6344,M51098,M,298.08,307.89,1695,26.2,127,0,0,0,0,0,0
6345,L18294,L,297.73,309.86,1831,29.99,117,0,0,0,0,0,0
6346,L72580,L,295.0,305.63,1581,36.66,213,1,1,0,0,0,0
6347,L48101,L,303.49,313.38,1706,31.87,36,0,0,0,0,0,0
6348,H35059,H,301.11,312.08,1765,37.31,26,0,0,0,0,0,0
6349,L50626,L,299.77,311.5,1575,26.51,0,0,0,0,0,0,0
6350,M30703,M,298.67,307.81,1682,38.44,190,0,0,0,0,0,0
6351,L71417,L,295.0,306.4,1537,47.88,132,0,0,0,0,0,0
6352,L69228,L,298.54,309.23,1526,29.83,10,0,0,0,0,0,0
6353,L13205,L,301.43,312.71,1416,44.52,224,0,0,0,0,0,0
6354,L44929,L,301.88,312.6,1566,39.85,79,0,0,0,0,0,0
6355,H93384,H,301.28,311.41,1875,35.06,167,0,0,0,0,0,0
6356,H43411,H,300.32,309.9,1373,41.76,221,1,1,0,0,0,0
6357,L90522,L,302.61,313.98,1646,47.15,27,0,0,0,0,0,0
6358,L21628,L,299.34,310.71,1593,54.95,28,1,0,0,1,0,0
6359,H80089,H,302.17,313.53,1800,36.8,143,0,0,0,0,0,0
6360,M16518,M,299.23,310.36,1834,33.69,128,0,0,0,0,0,0
6361,L48491,L,298.24,309.88,1369,42.01,62,0,0,0,0,0,0
6362,L17946,L,297.99,310.09,1432,26.88,199,0,0,0,0,0,0
6363,L10610,L,297.87,306.69,1441,25.56,3,0,0,0,0,0,0
6364,L79838,L,301.32,309.68,1448,28.16,50,0,0,0,0,0,0
6365,L44311,L,298.51,310.93,1463,41.76,99,0,0,0,0,0,0
6366,L51876,L,297.93,307.29,1597,34.14,125,0,0,0,0,0,0
6367,L90192,L,301.43,311.04,1382,57.3,188,0,0,0,0,0,0
6368,L60333,L,300.66,311.07,1407,15.22,81,1,0,0,1,0,0
6369,L61298,L,301.93,310.97,1393,41.56,210,0,0,0,0,0,0
6370,M94192,M,301.03,311.34,1624,39.11,99,0,0,0,0,0,0
6371,M51811,M,298.49,308.25,1524,46.05,72,0,0,0,0,0,0
6372,L80072,L,300.15,310.62,1492,39.79,25,0,0,0,0,0,0
6373,H52974,H,300.25,311.23,1383,45.19,129,0,0,0,0,0,0
6374,H29856,H,298.16,308.52,1246,48.0,194,0,0,0,0,0,0
6375,L54830,L,297.79,308.1,1829,34.78,219,1,1,0,0,0,0
6376,L91983,L,298.64,309.6,1483,38.45,44,0,0,0,0,0,0
6377,M55823,M,304.07,314.0,2023,43.31,59,1,0,0,1,0,0
6378,M84397,M,299.17,311.48,1674,39.17,147,0,0,0,0,0,0
6379,H95814,H,302.47,312.95,1864,32.25,18,0,0,0,0,0,0
6380,M77078,M,299.06,311.59,1714,27.26,210,0,0,0,0,0,0
6381,M77951,M,301.78,313.35,1564,33.51,104,0,0,0,0,0,0
6382,L22905,L,301.8,311.27,1427,55.29,36,0,0,0,0,0,0
6383,L31601,L,301.91,311.34,1359,15.97,142,1,0,0,1,0,0
6384,L97099,L,300.78,310.9,1737,33.46,122,0,0,0,0,0,0
6385,L50955,L,302.75,314.0,1583,35.98,232,0,0,0,0,0,0
6386,M82179,M,300.76,310.96,1646,39.16,197,0,0,0,0,0,0
6387,L58435,L,303.43,312.23,1682,36.33,105,0,0,0,0,0,0
6388,M34044,M,296.76,307.23,1599,49.41,247,1,0,0,0,1,0
6389,L21246,L,300.7,309.42,1450,40.48,64,0,0,0,0,0,0
6390,L12458,L,300.57,310.21,1717,32.83,12,0,0,0,0,0,0
6391,L68507,L,298.13,308.24,1499,47.31,55,0,0,0,0,0,0
6392,L16028,L,301.16,312.01,1551,51.09,112,0,0,0,0,0,0
6393,M61901,M,297.02,308.74,1664,40.34,109,0,0,0,0,0,0
6394,M16306,M,298.69,310.09,1524,47.09,184,0,0,0,0,0,0
6395,H37678,H,296.0,305.52,1208,44.86,2,0,0,0,0,0,0
6396,L22363,L,303.12,313.45,1722,34.31,44,0,0,0,0,0,0
6397,L24066,L,299.54,310.31,1761,44.62,248,1,0,0,0,1,0
6398,L73804,L,304.33,314.0,1205,53.79,71,0,0,0,0,0,0
6399,L58544,L,301.61,312.04,1347,39.96,214,0,0,0,0,0,0
6400,M10189,M,300.9,309.87,1899,30.41,155,0,0,0,0,0,0
6401,M21752,M,298.83,308.37,1577,45.76,32,0,0,0,0,0,0
6402,M17482,M,297.91,308.2,1536,47.82,118,0,0,0,0,0,0
6403,L26679,L,301.05,308.65,1458,31.02,97,0,0,0,0,0,0
6404,M10799,M,299.86,311.2,1349,46.31,97,0,0,0,0,0,0
6405,L19934,L,297.32,306.65,1500,38.12,24,0,0,0,0,0,0
6406,M67558,M,296.97,308.35,1710,32.95,61,0,0,0,0,0,0
6407,L69223,L,298.08,309.38,1532,49.83,104,0,0,0,0,0,0
6408,L94620,L,303.64,313.8,1645,32.76,123,0,0,0,0,0,0
6409,L51556,L,304.43,314.0,1853,26.47,64,0,0,0,0,0,0
6410,H19909,H,300.41,311.85,1431,31.89,234,0,0,0,0,0,0
6411,L53558,L,300.3,310.69,1590,34.47,70,0,0,0,0,0,0
6412,L89382,L,299.33,309.61,1716,27.26,116,0,0,0,0,0,0
6413,M97793,M,298.13,309.93,1367,32.85,165,0,0,0,0,0,0
6414,L38013,L,302.75,313.68,1567,28.43,155,0,0,0,0,0,0
6415,L32875,L,303.75,314.0,1872,24.25,80,0,0,0,0,0,0
6416,L21408,L,298.21,306.52,1474,31.48,101,0,0,0,0,0,0
6417,L45607,L,299.83,310.63,1727,36.48,122,0,0,0,0,0,0
6418,H71684,H,299.1,308.22,1510,19.36,111,1,0,0,1,0,0
6419,M46281,M,299.16,309.83,1859,25.41,29,0,0,0,0,0,0
6420,L37326,L,302.37,313.79,1239,45.09,128,0,0,0,0,0,0
6421,H23601,H,297.38,309.82,1547,47.68,219,0,0,0,0,0,0
6422,L11135,L,300.93,310.69,1269,42.38,99,0,0,0,0,0,0
6423,L32741,L,301.46,311.63,1409,39.11,145,0,0,0,0,0,0
6424,L21913,L,299.72,310.32,1408,39.8,129,0,0,0,0,0,0
6425,L20101,L,301.79,311.51,1487,20.96,96,1,0,0,1,0,0
6426,L28631,L,300.3,311.97,1321,50.52,70,0,0,0,0,0,0
6427,H82084,H,302.43,313.06,1522,43.45,111,0,0,0,0,0,0
6428,M46870,M,296.96,307.78,1618,42.63,236,0,0,0,0,0,0
6429,L58985,L,299.3,310.62,1259,74.0,58,1,0,0,1,0,0
6430,L37215,L,299.86,310.48,1421,27.24,177,0,0,0,0,0,0
6431,M72110,M,295.0,305.0,1992,18.06,230,1,1,0,0,0,0
6432,H29215,H,297.83,308.47,1594,42.28,17,0,0,0,0,0,0
6433,M24024,M,298.37,308.22,1208,43.44,6,0,0,0,0,0,0
6434,L86949,L,301.9,312.7,1283,33.66,188,0,0,0,0,0,0
6435,M91855,M,298.59,310.28,1576,33.79,125,0,0,0,0,0,0
6436,L94982,L,298.36,307.89,1553,31.19,195,0,0,0,0,0,0
6437,L55483,L,301.63,310.8,1429,57.37,120,0,0,0,0,0,0
6438,L88157,L,296.76,307.51,1930,46.48,144,1,0,0,1,0,0
6439,L20511,L,295.86,305.79,2006,16.88,82,0,0,0,0,0,0
6440,L29923,L,299.28,310.01,1487,24.3,196,0,0,0,0,0,0
6441,L20558,L,297.1,308.12,1692,27.43,102,0,0,0,0,0,0
6442,L10526,L,297.18,305.74,1701,27.87,182,0,0,0,0,0,0
6443,M11753,M,301.15,312.54,1725,26.78,229,0,0,0,0,0,0
6444,L36248,L,301.75,311.28,1420,38.4,228,1,1,0,0,0,0
6445,L24656,L,301.58,312.26,1884,27.01,12,0,0,0,0,0,0
6446,L33266,L,302.22,312.26,1523,24.9,203,1,1,0,0,0,0
6447,H74555,H,302.48,312.63,1611,26.44,100,0,0,0,0,0,0
6448,L72995,L,295.74,308.14,1535,51.74,195,0,0,0,0,0,0
6449,L85756,L,300.9,311.92,1510,34.56,216,0,0,0,0,0,0
6450,L93574,L,298.94,310.55,1585,32.45,222,0,0,0,0,0,0
6451,M88277,M,298.51,309.36,1322,26.88,39,0,0,0,0,0,0
6452,H80377,H,301.12,312.44,1180,42.93,142,0,0,0,0,0,0
6453,L75402,L,296.54,307.66,1497,47.48,27,0,0,0,0,0,0
6454,L64176,L,296.5,307.45,1377,47.82,184,0,0,0,0,0,0
6455,H51733,H,301.27,313.07,1634,42.19,191,0,0,0,0,0,0
6456,L24418,L,300.98,311.83,1613,24.83,246,0,0,0,0,0,0
6457,M47185,M,300.27,313.26,1537,25.9,202,0,0,0,0,0,0
6458,L51745,L,298.24,309.9,1802,40.81,220,0,0,0,0,0,0
6459,L63787,L,301.49,311.05,1534,45.07,122,0,0,0,0,0,0
6460,L90123,L,301.36,311.88,1273,42.12,132,0,0,0,0,0,0
6461,L62035,L,300.17,311.27,1495,46.51,61,0,0,0,0,0,0
6462,M97804,M,297.65,308.39,1746,22.95,234,1,1,0,0,0,0
6463,H75984,H,299.15,310.54,1196,33.01,169,0,0,0,0,0,0
6464,L62462,L,301.68,313.17,1518,22.48,65,0,0,0,0,0,0
6465,M47353,M,302.65,311.99,1639,38.13,19,0,0,0,0,0,0
6466,L83644,L,299.35,311.33,2012,30.01,85,0,0,0,0,0,0
6467,L58302,L,299.5,309.7,1752,28.42,167,0,0,0,0,0,0
6468,L86979,L,299.68,309.78,1559,29.58,154,0,0,0,0,0,0
6469,H32435,H,300.55,310.65,1629,56.41,148,1,0,0,1,0,0
6470,M67728,M,298.84,310.35,1193,44.9,120,0,0,0,0,0,0
6471,M11238,M,295.0,305.43,1346,57.34,19,0,0,0,0,0,0
6472,M90857,M,302.39,312.42,1652,33.41,31,0,0,0,0,0,0
6473,M91610,M,303.59,313.87,1564,32.05,181,0,0,0,0,0,0
6474,H23049,H,298.78,307.68,1587,48.89,35,0,0,0,0,0,0
6475,M67193,M,297.87,307.72,1541,44.52,245,0,0,0,0,0,0
6476,H45584,H,299.73,309.19,1534,37.12,185,0,0,0,0,0,0
6477,L76634,L,299.62,310.06,1554,47.33,111,0,0,0,0,0,0
6478,L24679,L,301.99,313.36,1345,69.44,109,1,0,0,1,0,0
6479,L44505,L,300.11,311.36,1494,31.33,66,0,0,0,0,0,0
6480,L61341,L,298.41,310.37,1311,48.86,250,1,0,0,0,1,0
6481,L60374,L,297.36,309.1,1423,36.13,199,0,0,0,0,0,0
6482,L56998,L,301.73,311.9,1750,25.09,29,0,0,0,0,0,0
6483,M86970,M,301.2,311.92,1502,28.96,195,0,0,0,0,0,0
6484,L65701,L,302.12,312.79,1642,48.78,134,0,0,0,0,0,0
6485,L54859,L,298.06,306.61,1556,20.03,121,1,0,0,1,0,0
6486,L43178,L,303.68,313.16,1466,44.05,151,0,0,0,0,0,0
6487,H37575,H,296.51,307.05,1353,33.6,8,0,0,0,0,0,0
6488,L29329,L,301.42,311.95,1463,56.52,33,0,0,0,0,0,0
6489,L67254,L,296.18,307.39,1568,34.05,226,0,0,0,0,0,0
6490,M94029,M,298.42,309.58,1639,31.77,200,0,0,0,0,0,0
6491,M97366,M,303.12,312.05,1557,51.24,54,0,0,0,0,0,0
6492,L83662,L,301.66,312.88,1652,42.29,102,0,0,0,0,0,0
6493,L50068,L,298.91,309.79,1261,51.72,115,0,0,0,0,0,0
6494,L68951,L,298.96,310.29,1691,40.71,78,0,0,0,0,0,0
6495,H97629,H,300.2,311.97,1332,31.37,112,0,0,0,0,0,0
6496,L45171,L,301.03,311.59,1712,39.67,11,0,0,0,0,0,0
6497,L18262,L,302.5,314.0,1625,33.5,247,0,0,0,0,0,0
6498,L53270,L,299.09,308.9,1198,52.13,57,0,0,0,0,0,0
6499,L30785,L,296.78,306.53,1668,38.52,248,0,0,0,0,0,0
6500,M49469,M,300.31,311.44,1714,24.15,252,0,0,0,0,0,0
6501,L78831,L,299.09,309.42,1761,37.36,186,0,0,0,0,0,0
6502,L91223,L,297.4,308.36,1397,39.11,67,0,0,0,0,0,0
6503,L55643,L,300.6,313.29,1567,25.23,16,0,0,0,0,0,0
6504,L77657,L,299.57,310.67,1660,33.25,200,0,0,0,0,0,0
6505,L13582,L,300.61,311.53,1668,34.53,222,0,0,0,0,0,0
6506,M40280,M,298.21,308.04,1609,40.9,157,0,0,0,0,0,0
6507,M52589,M,300.97,309.97,1458,15.83,244,1,0,0,1,0,0
6508,H50000,H,297.37,307.99,1713,36.7,190,0,0,0,0,0,0
6509,M11085,M,298.34,310.11,1714,29.15,189,0,0,0,0,0,0
6510,M91427,M,299.51,309.89,1507,45.71,189,0,0,0,0,0,0
6511,L25600,L,303.48,314.0,1394,41.08,229,0,0,0,0,0,0
6512,M69801,M,301.57,313.7,1404,37.41,17,0,0,0,0,0,0
6513,M71739,M,302.15,314.0,1781,30.75,148,0,0,0,0,0,0
6514,M84181,M,302.83,313.96,1706,36.38,208,0,0,0,0,0,0
6515,L51596,L,304.5,314.0,1531,45.91,162,0,0,0,0,0,0
6516,L80410,L,300.08,309.26,1499,29.7,144,0,0,0,0,0,0
6517,M89303,M,302.84,312.91,1217,43.04,208,0,0,0,0,0,0
6518,M62188,M,302.03,312.44,1520,51.55,88,0,0,0,0,0,0
6519,H36825,H,301.99,311.84,1321,39.47,181,0,0,0,0,0,0
6520,L20913,L,303.55,314.0,1564,40.01,204,1,1,0,0,0,0
6521,L91751,L,299.16,311.77,1748,22.66,151,0,0,0,0,0,0
6522,L94269,L,299.0,311.22,1359,24.1,14,1,0,0,1,0,0
6523,M24332,M,300.64,311.58,1578,26.87,84,0,0,0,0,0,0
6524,L64895,L,299.63,311.11,1715,27.65,251,0,0,0,0,0,0
6525,L14432,L,300.64,310.61,1575,45.85,75,0,0,0,0,0,0
6526,H98095,H,303.13,314.0,1441,51.2,13,0,0,0,0,0,0
6527,L36570,L,299.04,308.18,1537,19.34,174,1,0,0,1,0,0
6528,M16103,M,299.39,311.0,1707,29.02,109,0,0,0,0,0,0
6529,L25900,L,300.35,311.54,1582,42.53,91,0,0,0,0,0,0
6530,M68415,M,299.54,309.49,1534,36.36,216,1,1,0,0,0,0
6531,L77567,L,296.17,306.66,1743,45.23,91,0,0,0,0,0,0
6532,H72713,H,298.84,308.41,1628,41.13,30,0,0,0,0,0,0
6533,H93169,H,301.37,310.98,1318,40.55,99,0,0,0,0,0,0
6534,L68639,L,302.88,311.98,1649,33.2,207,0,0,0,0,0,0
6535,L98728,L,297.69,309.16,1706,33.11,57,0,0,0,0,0,0
6536,L95476,L,297.68,309.59,1312,34.43,167,0,0,0,0,0,0
6537,M18988,M,300.06,308.6,1168,60.57,189,1,0,1,0,0,0
6538,M88488,M,295.85,308.39,1347,50.41,181,0,0,0,0,0,0
6539,L12977,L,299.11,309.8,1517,42.07,252,0,0,0,0,0,0
6540,M64641,M,296.53,307.52,1717,35.4,187,0,0,0,0,0,0
6541,L11268,L,302.74,311.97,1375,31.07,92,0,0,0,0,0,0
6542,M64431,M,298.46,310.48,1635,39.46,138,0,0,0,0,0,0
6543,H26756,H,303.31,314.0,1168,50.64,253,0,0,0,0,0,0
6544,L30764,L,302.23,314.0,1567,54.85,153,1,0,0,1,0,0
6545,L69912,L,298.71,310.63,1462,26.52,26,0,0,0,0,0,0
6546,L50385,L,297.86,309.89,1913,24.54,29,0,0,0,0,0,0
6547,L25032,L,299.61,309.66,1194,28.94,52,0,0,0,0,0,0
6548,L55702,L,299.79,310.28,1532,35.35,36,0,0,0,0,0,0
6549,L21885,L,300.69,310.78,1193,27.12,2,1,0,0,1,0,0
6550,L19796,L,298.45,310.04,1436,51.72,243,1,0,0,0,1,0
6551,L42863,L,301.49,312.53,1229,59.36,73,0,0,0,0,0,0
6552,L91014,L,300.53,312.3,1949,28.22,95,1,0,0,0,0,1
6553,L42117,L,299.32,311.13,1471,29.08,68,0,0,0,0,0,0
6554,L30753,L,298.58,307.55,1497,23.69,136,0,0,0,0,0,0
6555,M30325,M,299.63,311.68,1527,30.91,153,0,0,0,0,0,0
6556,M17021,M,298.37,310.02,1331,49.77,162,0,0,0,0,0,0
6557,L90721,L,300.12,310.45,1725,26.68,68,0,0,0,0,0,0
6558,L63096,L,300.17,311.22,1650,51.29,79,0,0,0,0,0,0
6559,M81404,M,300.52,311.1,1700,46.26,204,0,0,0,0,0,0
6560,H23071,H,303.53,314.0,1316,43.55,221,0,0,0,0,0,0
6561,L74649,L,299.74,310.06,1739,29.14,138,0,0,0,0,0,0
6562,L18041,L,302.01,313.19,1719,28.6,120,0,0,0,0,0,0
6563,L92051,L,300.46,311.23,1493,53.71,157,0,0,0,0,0,0
6564,L50058,L,299.52,309.79,1696,28.23,112,0,0,0,0,0,0
6565,L58263,L,299.76,310.65,1584,44.62,148,0,0,0,0,0,0
6566,L54470,L,299.88,313.29,1248,46.16,3,0,0,0,0,0,0
6567,M97826,M,300.56,310.57,1502,44.95,144,0,0,0,0,0,0
6568,L38223,L,298.08,308.53,1448,31.45,224,0,0,0,0,0,0
6569,L43575,L,297.07,307.1,1550,33.88,246,0,0,0,0,0,0
6570,L55799,L,301.31,311.45,1719,33.13,187,0,0,0,0,0,0
6571,L31661,L,301.8,313.31,1240,38.93,158,0,0,0,0,0,0
6572,L91975,L,301.49,312.91,1455,51.67,5,0,0,0,0,0,0
6573,L46432,L,300.31,311.0,1387,33.41,224,1,1,0,0,0,0
6574,M41147,M,301.53,313.26,1395,35.15,115,0,0,0,0,0,0
6575,L39114,L,301.43,312.92,1387,55.35,38,0,0,0,0,0,0
6576,M16030,M,301.58,312.11,1547,47.81,106,0,0,0,0,0,0
6577,H57429,H,298.28,307.45,1629,49.13,117,0,0,0,0,0,0
6578,L57743,L,297.81,309.34,1598,18.75,41,1,0,0,1,0,0
6579,L75615,L,299.22,310.09,1568,38.36,49,0,0,0,0,0,0
6580,L57577,L,299.97,310.69,1647,35.57,26,0,0,0,0,0,0
6581,M12966,M,299.52,309.75,1963,25.08,216,0,0,0,0,0,0
6582,H13728,H,296.25,307.69,1559,39.72,105,0,0,0,0,0,0
6583,M47304,M,303.44,314.0,1719,30.66,82,0,0,0,0,0,0
6584,L59277,L,299.45,309.92,1709,34.89,129,0,0,0,0,0,0
6585,M10947,M,300.35,309.82,1855,57.16,64,1,0,0,1,0,0
6586,L88101,L,302.49,314.0,1636,37.8,13,0,0,0,0,0,0
6587,L91380,L,295.31,306.61,1383,45.15,107,0,0,0,0,0,0
6588,L76130,L,298.98,309.93,1590,43.44,14,0,0,0,0,0,0
6589,L31414,L,299.23,307.27,1580,37.9,178,0,0,0,0,0,0
6590,M92060,M,299.33,309.99,1682,24.72,149,0,0,0,0,0,0
6591,L29439,L,299.65,310.11,1378,24.47,57,0,0,0,0,0,0
6592,L68220,L,302.89,312.98,1763,32.26,80,0,0,0,0,0,0
6593,L56785,L,301.35,312.8,1536,34.79,189,0,0,0,0,0,0
6594,M46973,M,301.92,313.33,1686,17.3,177,1,0,0,1,0,0
6595,M97091,M,300.09,311.23,1591,50.69,168,0,0,0,0,0,0
6596,L83318,L,297.2,308.94,1557,37.78,31,0,0,0,0,0,0
6597,L78196,L,295.84,305.52,1577,49.4,160,0,0,0,0,0,0
6598,L16089,L,296.94,307.19,1656,15.29,192,1,0,0,1,0,0
6599,H80854,H,300.72,311.49,1888,41.42,40,0,0,0,0,0,0
6600,L72235,L,300.06,310.14,1172,42.96,82,0,0,0,0,0,0
6601,L39400,L,299.58,311.01,1632,46.15,101,0,0,0,0,0,0
6602,L25405,L,299.26,309.44,1543,39.13,123,0,0,0,0,0,0
6603,L62763,L,304.02,314.0,1503,42.44,114,0,0,0,0,0,0
6604,M40209,M,298.35,308.12,1168,54.63,241,1,0,0,0,1,0
6605,L83598,L,301.86,314.0,1639,31.23,58,0,0,0,0,0,0
6606,L27424,L,300.0,312.73,1513,31.76,98,0,0,0,0,0,0
6607,L99523,L,299.88,310.48,1385,37.64,185,0,0,0,0,0,0
6608,L30556,L,302.35,314.0,1543,23.47,131,0,0,0,0,0,0
6609,H29330,H,302.93,313.22,1482,34.01,74,0,0,0,0,0,0
6610,L91266,L,299.52,311.23,1221,38.74,240,0,0,0,0,0,0
6611,M13236,M,301.6,312.12,1551,23.13,2,0,0,0,0,0,0
6612,M79216,M,300.73,310.14,1639,38.96,118,0,0,0,0,0,0
6613,L40312,L,300.01,307.18,1436,39.97,65,0,0,0,0,0,0
6614,L31191,L,300.41,310.84,1582,38.44,246,0,0,0,0,0,0
6615,L93457,L,298.62,309.6,1554,43.29,35,0,0,0,0,0,0
6616,M46640,M,299.39,311.42,1723,31.27,150,0,0,0,0,0,0
6617,L72293,L,298.84,309.58,1516,28.92,138,0,0,0,0,0,0
6618,L46688,L,301.8,313.51,1679,36.71,162,0,0,0,0,0,0
6619,L81229,L,299.81,310.06,1479,10.44,246,1,0,0,1,0,0
6620,M95802,M,297.4,307.77,1889,29.51,249,0,0,0,0,0,0
6621,L34122,L,298.55,310.31,1456,46.87,28,0,0,0,0,0,0
6622,L51224,L,295.0,305.0,1412,51.21,60,0,0,0,0,0,0
6623,L16331,L,299.01,309.72,1517,32.77,189,0,0,0,0,0,0
6624,L97102,L,300.08,310.38,1404,17.94,6,1,0,0,1,0,0
6625,M52262,M,299.73,311.79,1310,14.94,18,1,0,0,1,0,0
6626,L96314,L,303.96,314.0,1666,39.88,69,0,0,0,0,0,0
6627,M69592,M,301.15,312.37,1168,44.71,88,0,0,0,0,0,0
6628,M43926,M,301.06,312.68,1406,61.31,207,1,0,0,1,1,0
6629,L96287,L,296.71,305.92,1293,28.67,122,0,0,0,0,0,0
6630,M27528,M,299.27,309.83,1561,39.86,61,0,0,0,0,0,0
6631,L10068,L,299.03,309.3,1168,69.44,22,0,0,0,0,0,0
6632,L79253,L,298.43,310.07,1634,36.88,52,0,0,0,0,0,0
6633,M90754,M,298.4,309.78,1653,20.87,138,0,0,0,0,0,0
6634,L53968,L,296.38,306.85,1241,76.6,96,1,0,0,1,0,0
6635,M58623,M,297.45,307.1,1569,50.94,71,0,0,0,0,0,0
6636,L52129,L,301.75,313.49,1628,33.2,227,0,0,0,0,0,0
6637,H71321,H,299.71,310.35,1704,40.5,250,0,0,0,0,0,0
6638,L21526,L,298.99,308.07,1271,54.45,113,0,0,0,0,0,0
6639,L36709,L,299.99,309.16,1245,53.39,216,1,1,0,0,1,0
6640,L25063,L,302.33,313.47,1805,20.77,34,0,0,0,0,0,0
6641,M14723,M,300.01,309.43,1387,44.65,140,0,0,0,0,0,0
6642,M14213,M,301.08,313.64,1440,54.32,197,0,0,0,0,0,0
6643,L32797,L,298.31,308.07,1649,39.13,226,0,0,0,0,0,0
6644,M94946,M,298.76,309.46,1325,47.55,109,0,0,0,0,0,0
6645,L98918,L,300.71,311.57,1487,33.36,60,0,0,0,0,0,0
6646,L55217,L,303.79,313.76,1696,26.16,166,0,0,0,0,0,0
6647,M78283,M,302.86,311.32,1279,27.18,241,1,0,1,0,0,0
6648,M33655,M,301.17,312.06,1445,47.16,67,0,0,0,0,0,0
6649,M87990,M,300.3,310.25,1332,40.63,236,0,0,0,0,0,0
6650,M22587,M,302.8,313.62,1396,27.29,170,0,0,0,0,0,0
6651,L32555,L,301.59,312.17,1748,40.77,127,0,0,0,0,0,0
6652,M38071,M,295.41,306.38,1788,27.34,169,0,0,0,0,0,0
6653,L30239,L,297.89,310.15,1581,28.46,15,0,0,0,0,0,0
6654,L59151,L,300.68,310.83,1631,30.77,120,0,0,0,0,0,0
6655,L12203,L,296.43,306.66,1626,33.54,10,0,0,0,0,0,0
6656,L23635,L,298.2,307.24,1414,45.16,87,0,0,0,0,0,0
6657,L62571,L,298.6,309.11,1578,28.37,205,1,1,0,0,0,0
6658,L11144,L,299.49,310.6,1302,55.13,103,0,0,0,0,0,0
6659,L42699,L,299.43,309.64,1362,47.14,62,0,0,0,0,0,0
6660,L94619,L,299.42,310.54,1519,32.86,199,0,0,0,0,0,0
6661,L22213,L,301.65,312.17,1344,40.93,118,0,0,0,0,0,0
6662,L26944,L,299.47,308.87,1306,39.24,221,0,0,0,0,0,0
6663,L76723,L,299.23,310.24,1407,41.4,30,0,0,0,0,0,0
6664,M78669,M,297.3,307.8,1741,45.41,197,0,0,0,0,0,0
6665,M78947,M,302.05,312.87,1815,28.15,23,0,0,0,0,0,0
6666,M44457,M,298.66,308.79,1529,39.24,182,0,0,0,0,0,0
6667,L45191,L,297.83,307.87,1640,28.84,128,0,0,0,0,0,0
6668,M82264,M,300.43,311.28,1434,45.28,165,0,0,0,0,0,0
6669,L67924,L,298.47,308.94,1168,52.44,183,0,0,0,0,0,0
6670,L43744,L,298.95,311.37,1374,55.55,173,0,0,0,0,0,0
6671,L63424,L,300.52,312.02,1479,30.7,212,1,1,0,0,0,0
6672,M98417,M,299.35,310.59,1560,43.06,133,0,0,0,0,0,0
6673,L88337,L,304.5,314.0,1517,49.71,78,0,0,0,0,0,0
6674,L86084,L,299.85,308.52,1484,34.38,159,0,0,0,0,0,0
6675,L42886,L,301.24,311.13,1432,38.75,81,0,0,0,0,0,0
6676,M94963,M,296.12,306.17,1597,37.59,110,0,0,0,0,0,0
6677,M10972,M,298.28,308.7,1289,41.8,95,0,0,0,0,0,0
6678,L16621,L,297.83,308.49,1679,35.63,139,0,0,0,0,0,0
6679,L59738,L,298.09,309.45,1429,46.83,202,0,0,0,0,0,0
6680,L67694,L,300.83,311.8,1907,29.19,33,0,0,0,0,0,0
6681,M64777,M,302.07,313.93,1478,37.58,65,0,0,0,0,0,0
6682,L24530,L,300.69,311.08,1449,42.19,171,0,0,0,0,0,0
6683,M17354,M,299.55,310.5,1434,35.98,85,0,0,0,0,0,0
6684,L56529,L,298.74,309.78,1450,36.05,20,0,0,0,0,0,0
6685,M61714,M,302.23,313.17,1644,27.01,197,0,0,0,0,0,0
6686,L98759,L,304.14,314.0,1527,37.12,5,0,0,0,0,0,0
6687,L51232,L,300.27,311.77,1713,37.2,11,0,0,0,0,0,0
6688,L62079,L,301.88,311.26,1619,33.02,131,0,0,0,0,0,0
6689,L22550,L,300.69,311.27,1541,30.0,6,0,0,0,0,0,0
6690,L98196,L,301.51,312.2,1602,34.9,75,0,0,0,0,0,0
6691,M70385,M,297.67,310.52,1750,35.98,221,1,1,0,0,0,0
6692,L74736,L,299.02,309.39,1653,35.77,72,0,0,0,0,0,0
6693,M40268,M,300.79,310.51,1586,56.28,6,1,0,0,1,0,0
6694,M14290,M,302.42,313.56,1611,29.73,239,1,1,0,0,0,0
6695,L65034,L,298.36,309.56,1328,41.54,46,0,0,0,0,0,0
6696,M40138,M,295.93,306.56,1998,34.27,21,0,0,0,0,0,0
6697,M81982,M,299.0,309.48,1630,29.05,154,0,0,0,0,0,0
6698,L23432,L,302.02,313.67,1648,51.53,251,1,0,0,0,1,0
6699,M77058,M,296.83,306.68,1530,37.5,226,0,0,0,0,0,0
6700,L68175,L,297.65,308.01,1168,55.94,37,0,0,0,0,0,0
6701,L43329,L,300.31,310.49,1487,38.71,87,0,0,0,0,0,0
6702,M79076,M,299.77,311.56,1549,46.42,13,0,0,0,0,0,0
6703,L22328,L,301.19,312.17,1387,30.34,167,0,0,0,0,0,0
6704,L44247,L,297.54,307.18,1385,57.61,99,0,0,0,0,0,0
6705,L16677,L,299.35,309.09,1474,41.12,204,0,0,0,0,0,0
6706,M71810,M,302.39,314.0,1674,39.86,100,0,0,0,0,0,0
6707,H60357,H,297.61,309.4,1761,26.53,115,0,0,0,0,0,0
6708,L65812,L,302.95,314.0,1566,39.68,49,0,0,0,0,0,0
6709,M51616,M,297.87,308.58,1433,30.31,202,0,0,0,0,0,0
6710,H71284,H,301.7,313.91,1470,50.44,31,0,0,0,0,0,0
6711,L59741,L,299.25,308.85,1553,25.0,68,0,0,0,0,0,0
6712,L63478,L,297.71,309.16,1574,37.8,208,1,1,0,0,0,0
6713,M64056,M,299.01,309.26,1613,32.07,193,0,0,0,0,0,0
6714,M55534,M,301.09,311.54,1456,23.98,223,0,0,0,0,0,0
6715,M89056,M,299.99,311.41,1630,26.93,86,0,0,0,0,0,0
6716,L74162,L,302.24,312.79,1616,39.44,4,0,0,0,0,0,0
6717,L54711,L,302.87,313.14,1464,30.37,121,0,0,0,0,0,0
6718,L32805,L,297.63,307.84,1225,38.93,39,0,0,0,0,0,0
6719,L30143,L,297.49,306.2,1376,45.54,165,1,0,1,0,0,0
6720,L85828,L,297.39,308.85,1817,38.74,199,0,0,0,0,0,0
6721,M72473,M,298.2,307.89,1230,54.27,218,0,0,0,0,0,0
6722,L26017,L,302.21,314.0,1772,31.95,253,0,0,0,0,0,0
6723,M73202,M,301.12,311.53,1224,49.36,189,0,0,0,0,0,0
6724,L51423,L,298.91,310.92,1396,42.27,1,0,0,0,0,0,0
6725,L51713,L,299.98,308.87,1468,28.93,39,0,0,0,0,0,0
6726,L97856,L,302.81,314.0,1856,33.03,248,0,0,0,0,0,0
6727,L84310,L,303.82,314.0,1540,27.49,247,0,0,0,0,0,0
6728,L12205,L,300.52,312.52,1496,44.17,70,0,0,0,0,0,0
6729,H63266,H,295.0,305.0,1367,43.34,231,0,0,0,0,0,0
6730,M22342,M,300.59,310.59,1629,16.14,177,1,0,0,1,0,0
6731,L79563,L,301.87,313.15,1443,49.44,149,0,0,0,0,0,0
6732,L73190,L,300.45,311.3,1494,33.35,134,0,0,0,0,0,0
6733,H91863,H,301.45,312.45,1470,33.07,124,0,0,0,0,0,0
6734,L31200,L,300.71,311.05,1665,42.65,238,0,0,0,0,0,0
6735,L17188,L,297.53,309.78,1672,32.87,72,0,0,0,0,0,0
6736,L12808,L,298.23,311.54,1375,47.9,237,1,0,0,0,1,0
6737,H23851,H,299.36,310.16,1422,33.71,250,0,0,0,0,0,0
6738,L90890,L,302.13,313.28,1404,49.0,108,0,0,0,0,0,0
6739,L74928,L,298.47,309.22,1568,38.34,162,0,0,0,0,0,0
6740,H25058,H,300.91,312.9,1698,37.15,101,0,0,0,0,0,0
6741,L24620,L,300.61,312.14,1570,34.86,23,0,0,0,0,0,0
6742,L62755,L,303.17,312.81,1168,69.04,163,1,0,0,0,1,0
6743,L72995,L,299.92,310.0,1672,50.3,52,0,0,0,0,0,0
6744,M46681,M,296.49,306.18,1292,19.91,209,1,0,0,1,0,0
6745,L74509,L,301.29,314.0,1406,50.18,106,0,0,0,0,0,0
6746,H93339,H,304.28,314.0,1571,26.63,153,0,0,0,0,0,0
6747,M77703,M,301.42,311.53,1520,42.5,230,0,0,0,0,0,0
6748,L77680,L,298.42,308.45,1692,18.81,206,1,0,0,1,0,0
6749,H77703,H,297.84,309.34,1425,44.26,55,0,0,0,0,0,0
6750,L52136,L,298.09,309.7,1361,33.3,85,0,0,0,0,0,0
6751,L98456,L,304.01,314.0,1479,34.3,88,0,0,0,0,0,0
6752,L93086,L,299.35,309.62,1711,29.87,42,0,0,0,0,0,0
6753,L46343,L,298.67,309.68,1648,28.38,242,0,0,0,0,0,0
6754,L28254,L,299.68,310.49,1551,30.41,88,0,0,0,0,0,0
6755,L71273,L,299.37,309.13,1774,29.09,40,0,0,0,0,0,0
6756,L69611,L,303.14,312.91,1741,31.64,88,0,0,0,0,0,0
6757,M70002,M,297.97,309.08,1677,36.93,165,0,0,0,0,0,0
6758,L95683,L,302.36,313.26,1323,63.45,216,1,0,0,0,1,0
6759,H22926,H,300.24,311.5,1676,26.09,6,0,0,0,0,0,0
6760,L74264,L,302.41,313.91,1499,39.44,39,0,0,0,0,0,0
6761,L99527,L,303.17,314.0,1464,46.7,247,1,0,0,0,1,0
6762,L37563,L,300.17,310.09,1412,33.38,107,0,0,0,0,0,0
6763,L40688,L,299.37,310.7,1504,16.6,151,1,0,0,1,0,0
6764,L44130,L,300.13,311.58,1422,21.05,82,1,0,0,1,0,0
6765,M10925,M,299.81,310.2,1566,16.28,149,1,0,0,1,0,0
6766,H61595,H,296.69,307.51,1504,52.77,45,0,0,0,0,0,0
6767,H26321,H,303.1,313.52,1575,41.97,22,0,0,0,0,0,0
6768,L20769,L,300.49,313.3,1635,41.68,83,0,0,0,0,0,0
6769,M46748,M,297.67,308.48,1482,48.15,254,1,0,0,0,1,0
6770,L50028,L,295.86,307.02,1402,34.98,83,0,0,0,0,0,0
6771,L26151,L,295.34,305.78,1174,76.6,134,1,0,0,1,0,0
6772,M86133,M,301.54,311.76,1674,37.1,161,0,0,0,0,0,0
6773,M44187,M,298.76,308.16,1549,36.31,138,0,0,0,0,0,0
6774,L53835,L,299.09,310.89,1503,48.69,170,0,0,0,0,0,0
6775,L10059,L,300.98,312.44,1746,38.29,71,0,0,0,0,0,0
6776,L95717,L,298.97,309.37,1303,58.65,101,0,0,0,0,0,0
6777,M37235,M,301.09,310.89,1545,50.0,138,0,0,0,0,0,0
6778,L77114,L,300.19,311.07,1361,38.37,42,0,0,0,0,0,0
6779,H55366,H,299.83,310.03,1653,36.28,24,0,0,0,0,0,0
6780,L91583,L,296.85,307.33,1168,37.9,30,0,0,0,0,0,0
6781,L42160,L,298.36,307.8,1680,20.22,228,0,0,0,0,0,0
6782,L15277,L,301.21,312.12,1672,41.43,153,0,0,0,0,0,0
6783,L11780,L,298.64,309.57,1369,51.87,201,0,0,0,0,0,0
6784,L56579,L,302.41,314.0,1547,18.68,224,1,1,0,1,0,0
6785,M70750,M,304.5,314.0,1373,34.25,70,0,0,0,0,0,0
6786,M66902,M,301.31,311.68,1612,36.04,227,0,0,0,0,0,0
6787,H90198,H,302.99,312.13,1683,35.34,172,0,0,0,0,0,0
6788,M42161,M,301.44,313.24,1354,63.95,185,1,0,0,1,0,0
6789,M54499,M,298.93,310.52,1302,37.12,63,0,0,0,0,0,0
6790,L41886,L,300.4,311.13,1732,31.66,19,0,0,0,0,0,0
6791,M18800,M,304.03,313.4,1884,35.34,78,0,0,0,0,0,0
6792,L59460,L,298.95,308.44,1624,32.19,79,0,0,0,0,0,0
6793,L80975,L,297.92,308.07,1637,30.58,98,0,0,0,0,0,0
6794,L79843,L,297.73,309.4,1475,33.14,189,0,0,0,0,0,0
6795,L12364,L,299.56,310.56,1567,38.68,188,0,0,0,0,0,0
6796,L26568,L,297.99,307.2,1598,34.28,212,1,1,0,0,0,0
6797,H48092,H,303.35,314.0,1502,44.65,53,0,0,0,0,0,0
6798,L81019,L,300.43,310.29,1778,35.11,34,0,0,0,0,0,0
6799,L72679,L,301.94,312.12,1567,9.92,103,1,0,0,1,0,0
6800,L75781,L,299.4,311.07,1590,20.26,111,1,0,0,1,0,0
6801,L18430,L,297.72,309.19,1506,33.29,33,0,0,0,0,0,0
6802,L83719,L,297.38,309.17,1524,46.8,102,0,0,0,0,0,0
6803,L48692,L,298.18,308.86,1754,27.34,124,0,0,0,0,0,0
6804,L40086,L,300.7,312.28,1561,40.14,128,0,0,0,0,0,0
6805,L59671,L,301.04,311.15,1565,42.08,8,0,0,0,0,0,0
6806,M23901,M,301.21,311.65,1568,41.48,104,0,0,0,0,0,0
6807,M13907,M,297.02,307.4,1469,33.66,93,0,0,0,0,0,0
6808,L38604,L,300.0,310.72,1282,31.88,20,0,0,0,0,0,0
6809,L47869,L,297.95,307.36,1818,21.18,209,0,0,0,0,0,0
6810,L24537,L,300.8,311.28,1727,57.81,21,1,0,0,1,0,0
6811,M22501,M,300.96,313.11,1760,36.26,107,0,0,0,0,0,0
6812,L47371,L,297.66,307.26,1342,62.34,89,0,0,0,0,0,0
6813,L46821,L,301.94,311.31,1795,25.27,203,0,0,0,0,0,0
6814,M98732,M,304.5,313.95,1889,39.8,158,0,0,0,0,0,0
6815,L16073,L,301.67,314.0,1723,29.29,36,0,0,0,0,0,0
6816,L71005,L,299.67,310.84,1832,31.06,254,0,0,0,0,0,0
6817,L86097,L,299.37,309.8,1679,31.69,234,0,0,0,0,0,0
6818,H28101,H,299.58,310.35,1383,32.33,227,0,0,0,0,0,0
6819,M41426,M,298.48,309.41,1626,27.62,175,0,0,0,0,0,0
6820,M17313,M,300.5,310.56,1351,41.98,235,0,0,0,0,0,0
6821,L40773,L,297.72,307.91,1427,34.25,129,0,0,0,0,0,0
6822,L38003,L,296.22,306.76,1592,37.13,228,0,0,0,0,0,0
6823,H69668,H,300.44,310.41,1568,28.89,103,0,0,0,0,0,0
6824,H81250,H,300.04,310.35,1618,41.67,143,0,0,0,0,0,0
6825,L52294,L,298.86,309.91,1212,41.82,49,0,0,0,0,0,0
6826,M23582,M,297.43,307.14,1507,53.57,124,0,0,0,0,0,0
6827,L23760,L,300.58,313.89,1634,34.62,22,0,0,0,0,0,0
6828,L81791,L,298.02,309.47,1670,33.44,123,0,0,0,0,0,0
6829,M92158,M,299.72,309.15,1681,47.73,98,0,0,0,0,0,0
6830,L45983,L,303.53,311.75,1580,31.77,5,0,0,0,0,0,0
6831,H50309,H,301.3,311.31,1467,35.09,188,0,0,0,0,0,0
6832,L39715,L,297.26,308.65,1625,29.08,35,0,0,0,0,0,0
6833,L46415,L,297.45,308.64,1481,40.66,149,0,0,0,0,0,0
6834,H97328,H,300.3,310.89,1697,27.55,189,0,0,0,0,0,0
6835,H98260,H,297.25,307.35,1612,42.45,138,0,0,0,0,0,0
6836,L61581,L,296.0,305.79,1524,37.16,225,0,0,0,0,0,0
6837,L13652,L,301.06,311.36,1397,49.63,121,0,0,0,0,0,0
6838,M36297,M,300.64,310.33,1737,38.98,212,0,0,0,0,0,0
6839,L24028,L,300.9,311.2,1636,30.54,76,0,0,0,0,0,0
6840,H23803,H,300.53,312.56,1914,24.43,172,0,0,0,0,0,0
6841,H16307,H,299.87,309.8,1630,32.27,209,1,1,0,0,0,0
6842,L41325,L,298.68,309.99,1645,34.91,55,0,0,0,0,0,0
6843,L68616,L,301.03,312.5,1271,48.83,172,0,0,0,0,0,0
6844,L70483,L,303.06,312.68,1591,40.02,171,0,0,0,0,0,0
6845,H41574,H,299.0,308.85,1478,38.46,93,0,0,0,0,0,0
6846,L94798,L,297.96,309.73,1684,28.23,104,0,0,0,0,0,0
6847,L77071,L,297.73,307.5,1595,30.65,215,0,0,0,0,0,0
6848,L24932,L,298.27,308.91,1712,37.8,128,0,0,0,0,0,0
6849,L25749,L,300.41,313.15,1919,25.01,228,0,0,0,0,0,0
6850,L18727,L,295.72,307.4,1391,46.95,27,0,0,0,0,0,0
6851,L65406,L,300.88,311.66,1705,38.58,3,0,0,0,0,0,0
6852,H27332,H,301.29,312.83,1658,47.81,131,0,0,0,0,0,0
6853,H20834,H,296.4,307.05,1891,26.65,77,0,0,0,0,0,0
6854,M30325,M,298.04,309.76,1662,31.67,202,0,0,0,0,0,0
6855,L19213,L,300.16,308.81,1643,14.71,86,1,0,0,1,0,0
6856,L11403,L,299.71,310.27,1688,25.94,237,0,0,0,0,0,0
6857,M66971,M,301.04,309.65,1701,25.63,203,0,0,0,0,0,0
6858,L64030,L,299.72,310.58,1797,35.92,239,1,1,0,0,0,0
6859,H83042,H,302.53,312.99,1388,59.95,57,0,0,0,0,0,0
6860,M17591,M,299.36,311.42,1464,44.81,110,0,0,0,0,0,0
6861,L22996,L,298.03,309.45,1847,38.7,41,0,0,0,0,0,0
6862,H62485,H,297.87,308.05,1182,39.84,195,0,0,0,0,0,0
6863,H57830,H,301.47,311.76,1520,26.41,192,0,0,0,0,0,0
6864,L44370,L,300.06,311.14,1562,34.46,242,0,0,0,0,0,0
6865,L67572,L,301.27,311.39,1503,32.17,39,0,0,0,0,0,0
6866,L89008,L,301.23,311.89,1820,24.71,253,0,0,0,0,0,0
6867,L39098,L,295.96,307.98,1621,37.28,73,0,0,0,0,0,0
6868,L71561,L,297.72,307.59,1465,27.51,134,0,0,0,0,0,0
6869,L12196,L,297.96,308.21,1421,48.66,129,0,0,0,0,0,0
6870,H21091,H,298.37,308.76,1586,32.52,214,0,0,0,0,0,0
6871,L90576,L,299.16,313.02,1745,32.47,33,0,0,0,0,0,0
6872,L75254,L,302.0,313.31,1560,37.65,117,0,0,0,0,0,0
6873,M59262,M,302.4,314.0,1511,33.5,119,0,0,0,0,0,0
6874,L16023,L,299.41,310.88,1410,53.5,50,0,0,0,0,0,0
6875,M30543,M,299.5,311.03,1602,21.4,11,0,0,0,0,0,0
6876,L70029,L,298.59,309.76,1592,47.53,242,1,0,0,0,1,0
6877,L52337,L,300.18,311.24,1405,37.25,55,0,0,0,0,0,0
6878,L50409,L,300.41,309.65,1720,40.99,75,0,0,0,0,0,0
6879,M80540,M,301.61,312.67,1842,32.67,236,1,1,0,0,0,0
6880,L19963,L,301.6,312.19,1544,45.0,15,0,0,0,0,0,0
6881,M23796,M,295.4,306.64,1589,34.98,135,0,0,0,0,0,0
6882,L50972,L,299.69,310.32,1336,45.44,169,0,0,0,0,0,0
6883,L82613,L,302.77,314.0,1668,43.79,5,0,0,0,0,0,0
6884,L88062,L,299.12,310.76,1619,36.25,206,1,1,0,0,0,0
6885,H13261,H,302.28,310.07,1476,51.72,176,0,0,0,0,0,0
6886,H27046,H,299.39,309.65,1401,44.49,138,0,0,0,0,0,0
6887,L23397,L,300.35,309.19,1868,25.06,189,0,0,0,0,0,0
6888,L70436,L,297.73,308.67,1604,32.55,242,0,0,0,0,0,0
6889,L35757,L,297.8,308.2,1370,51.11,157,0,0,0,0,0,0
6890,L25299,L,301.45,313.51,1689,23.41,137,0,0,0,0,0,0
6891,L11902,L,301.76,312.67,1576,43.55,86,0,0,0,0,0,0
6892,H52399,H,300.05,310.27,1546,33.68,17,0,0,0,0,0,0
6893,H58330,H,297.54,309.18,1711,22.69,61,0,0,0,0,0,0
6894,L56308,L,300.09,310.47,1168,51.6,8,0,0,0,0,0,0
6895,L13846,L,302.51,312.72,1210,39.07,72,0,0,0,0,0,0
6896,M22359,M,303.49,314.0,1783,27.54,113,0,0,0,0,0,0
6897,M59376,M,299.37,311.68,1512,31.97,133,0,0,0,0,0,0
6898,L78056,L,296.68,308.23,1458,40.42,79,0,0,0,0,0,0
6899,L50832,L,301.68,312.95,1294,39.96,75,0,0,0,0,0,0
6900,L30098,L,299.45,312.9,1570,40.06,129,0,0,0,0,0,0
6901,L59962,L,301.89,311.85,1592,45.1,208,1,1,0,0,0,0
6902,L98672,L,300.56,310.51,1794,36.26,153,0,0,0,0,0,0
6903,L45885,L,298.23,309.08,1602,51.91,8,0,0,0,0,0,0
6904,M31157,M,300.12,312.33,1480,58.55,4,1,0,0,1,0,0
6905,L58372,L,302.62,312.37,1608,33.05,91,0,0,0,0,0,0
6906,L29674,L,299.7,312.16,1735,23.51,93,0,0,0,0,0,0
6907,L42357,L,297.93,307.19,1695,31.35,144,0,0,0,0,0,0
6908,M22578,M,296.82,307.4,1647,35.82,61,0,0,0,0,0,0
6909,M12251,M,298.46,309.33,1584,56.28,46,1,0,0,1,0,0
6910,L89049,L,299.18,309.0,1430,36.3,38,0,0,0,0,0,0
6911,L47429,L,301.64,311.72,1349,45.42,127,0,0,0,0,0,0
6912,H56871,H,297.76,309.25,1321,36.0,58,0,0,0,0,0,0
6913,L96526,L,303.11,314.0,1606,32.59,210,0,0,0,0,0,0
6914,L35499,L,297.33,305.91,1625,24.56,5,0,0,0,0,0,0
6915,L16421,L,304.5,314.0,1732,20.98,195,0,0,0,0,0,0
6916,L62204,L,303.45,314.0,1636,46.93,235,1,0,0,0,1,0
6917,L34591,L,300.28,311.09,1724,42.09,114,0,0,0,0,0,0
6918,H70940,H,296.7,307.09,1512,34.4,253,0,0,0,0,0,0
6919,M96371,M,299.89,309.3,1674,43.33,165,0,0,0,0,0,0
6920,L22202,L,299.23,311.47,1355,28.47,183,0,0,0,0,0,0
6921,H29290,H,297.45,309.31,1524,35.96,245,0,0,0,0,0,0
6922,L28130,L,300.58,311.18,1205,49.61,141,0,0,0,0,0,0
6923,L47077,L,298.35,308.56,1541,48.96,79,0,0,0,0,0,0
6924,L29396,L,298.57,308.66,1755,34.25,181,0,0,0,0,0,0
6925,M70848,M,299.59,307.71,1548,42.06,100,0,0,0,0,0,0
6926,L93488,L,298.85,309.9,1665,30.37,159,0,0,0,0,0,0
6927,L70530,L,304.16,314.0,1584,38.55,158,0,0,0,0,0,0
6928,M74274,M,298.93,309.77,1432,52.65,196,0,0,0,0,0,0
6929,M37122,M,300.88,311.5,1501,22.74,144,0,0,0,0,0,0
6930,M39381,M,300.29,311.12,1747,42.1,3,0,0,0,0,0,0
6931,L55435,L,300.71,310.55,1664,32.63,106,0,0,0,0,0,0
6932,L33267,L,300.86,311.06,1424,26.1,215,0,0,0,0,0,0
6933,L71978,L,301.76,312.3,1285,41.6,5,0,0,0,0,0,0
6934,L17088,L,300.53,311.93,1572,48.2,191,0,0,0,0,0,0
6935,H22822,H,300.45,312.53,1430,35.23,157,0,0,0,0,0,0
6936,L60216,L,300.12,310.59,1503,40.97,118,0,0,0,0,0,0
6937,L46589,L,299.72,309.38,1273,26.85,235,0,0,0,0,0,0
6938,M75262,M,298.18,308.91,1722,18.08,74,1,0,0,1,0,0
6939,L67911,L,299.88,312.59,1518,27.59,90,0,0,0,0,0,0
6940,L11436,L,300.48,310.22,1545,46.48,8,0,0,0,0,0,0
6941,M71854,M,300.8,312.39,1385,40.84,151,0,0,0,0,0,0
6942,M71888,M,300.36,312.4,1485,49.19,19,0,0,0,0,0,0
6943,M37281,M,299.53,309.87,1557,47.45,12,0,0,0,0,0,0
6944,L98017,L,299.89,309.89,1425,32.6,54,0,0,0,0,0,0
6945,L94403,L,298.89,310.17,1496,53.3,91,0,0,0,0,0,0
6946,M63952,M,300.63,311.68,1785,27.74,238,0,0,0,0,0,0
6947,L32766,L,299.56,310.95,1220,58.71,222,1,0,0,0,1,0
6948,L31213,L,300.36,313.13,1568,45.3,95,0,0,0,0,0,0
6949,M72239,M,302.0,312.87,1394,41.78,226,0,0,0,0,0,0
6950,L32537,L,298.58,308.09,1776,32.81,100,0,0,0,0,0,0
6951,M12794,M,301.19,311.96,1502,41.19,18,0,0,0,0,0,0
6952,L69204,L,300.07,311.01,1347,43.78,46,0,0,0,0,0,0
6953,L42324,L,304.04,314.0,1496,34.56,251,0,0,0,0,0,0
6954,L66764,L,299.57,310.07,1598,31.59,70,0,0,0,0,0,0
6955,M40858,M,301.39,311.68,2035,25.47,66,0,0,0,0,0,0
6956,L52850,L,300.03,309.36,1168,63.99,39,0,0,0,0,0,0
6957,L23018,L,297.22,308.47,1319,26.19,93,0,0,0,0,0,0
6958,M93017,M,298.96,313.01,1770,28.35,57,0,0,0,0,0,0
6959,M60790,M,301.76,312.24,1263,41.66,30,0,0,0,0,0,0
6960,H91120,H,299.13,310.29,1537,35.16,44,0,0,0,0,0,0
6961,L19850,L,295.56,305.71,1448,42.5,239,0,0,0,0,0,0
6962,L55975,L,299.94,309.36,1420,26.75,103,0,0,0,0,0,0
6963,H75510,H,297.82,308.95,1504,47.86,53,0,0,0,0,0,0
6964,M75696,M,300.26,310.99,1475,47.45,72,0,0,0,0,0,0
6965,L35832,L,303.1,311.42,1725,38.81,97,0,0,0,0,0,0
6966,L97826,L,301.54,313.85,1774,30.62,213,0,0,0,0,0,0
6967,M34886,M,303.07,314.0,1612,28.99,154,0,0,0,0,0,0
6968,L18418,L,298.88,309.65,1493,35.27,51,0,0,0,0,0,0
6969,M17081,M,299.71,309.99,1582,36.78,54,0,0,0,0,0,0
6970,L20114,L,297.91,309.02,1680,39.79,26,0,0,0,0,0,0
6971,L28722,L,298.63,309.78,1715,32.72,96,0,0,0,0,0,0
6972,M97508,M,298.15,309.25,1602,39.0,115,0,0,0,0,0,0
6973,L27985,L,297.39,309.15,1810,28.22,108,0,0,0,0,0,0
6974,L15888,L,302.73,314.0,1424,43.12,172,0,0,0,0,0,0
6975,L79254,L,295.82,308.52,1740,30.87,170,0,0,0,0,0,0
6976,L93845,L,302.74,312.6,1662,36.79,41,0,0,0,0,0,0
6977,M29299,M,302.49,312.62,1425,22.44,243,1,0,0,1,0,0
6978,M66050,M,301.0,312.06,1577,40.76,5,0,0,0,0,0,0
6979,M32036,M,297.77,307.69,1589,40.92,47,0,0,0,0,0,0
6980,L95421,L,296.84,306.92,1509,42.98,185,0,0,0,0,0,0
6981,L39346,L,298.9,310.08,1507,28.63,26,0,0,0,0,0,0
6982,L36691,L,301.25,312.85,1261,37.38,159,0,0,0,0,0,0
6983,H27986,H,300.01,311.98,1411,31.79,165,0,0,0,0,0,0
6984,M37846,M,297.91,308.42,1492,41.57,85,0,0,0,0,0,0
6985,M59665,M,302.3,313.46,1432,46.6,243,0,0,0,0,0,0
6986,L51401,L,303.37,314.0,1381,34.26,180,0,0,0,0,0,0
6987,L83728,L,299.55,310.26,1726,44.11,204,0,0,0,0,0,0
6988,L60054,L,300.22,310.1,1516,50.09,95,0,0,0,0,0,0
6989,L48487,L,296.98,306.74,1925,30.79,26,0,0,0,0,0,0
6990,L19412,L,299.17,310.54,1575,39.75,235,0,0,0,0,0,0
6991,H91499,H,301.02,310.89,1722,19.3,39,1,0,0,1,0,0
6992,L61473,L,300.71,309.63,1498,33.2,93,0,0,0,0,0,0
6993,L76553,L,298.98,309.65,1416,27.8,162,0,0,0,0,0,0
6994,L15279,L,299.45,311.61,1582,27.97,204,0,0,0,0,0,0
6995,H85948,H,299.11,307.01,1768,36.57,117,0,0,0,0,0,0
6996,L17712,L,299.44,309.85,1519,44.85,189,0,0,0,0,0,0
6997,M25817,M,300.85,312.22,1615,42.54,128,0,0,0,0,0,0
6998,H63832,H,296.06,305.0,1581,38.42,233,0,0,0,0,0,0
6999,L66224,L,299.85,310.34,1517,42.7,154,0,0,0,0,0,0
7000,M16624,M,300.7,310.26,1527,22.62,21,0,0,0,0,0,0
7001,L39126,L,298.86,308.55,1355,28.65,248,0,0,0,0,0,0
7002,L92115,L,299.04,309.34,1533,35.42,124,0,0,0,0,0,0
7003,M90667,M,299.1,308.68,1653,39.85,110,0,0,0,0,0,0
7004,M47462,M,299.04,308.54,1588,32.04,234,1,1,0,0,0,0
7005,L68676,L,300.01,310.65,1568,24.11,175,0,0,0,0,0,0
7006,L56815,L,300.26,313.19,1666,28.45,23,0,0,0,0,0,0
7007,L98911,L,295.8,307.26,1570,27.98,244,0,0,0,0,0,0
7008,L36093,L,301.31,313.02,1538,21.2,150,1,0,0,1,0,0
7009,L42525,L,299.42,310.92,1667,53.47,180,1,0,0,1,0,0
7010,L39030,L,303.87,313.87,1560,48.06,34,0,0,0,0,0,0
7011,L54067,L,297.62,308.63,1492,19.43,72,1,0,0,1,0,0
7012,M15207,M,298.27,310.06,1619,18.38,154,1,0,0,1,0,0
7013,L86433,L,299.59,311.12,1529,29.93,6,0,0,0,0,0,0
7014,L36639,L,300.83,311.72,1484,24.23,151,0,0,0,0,0,0
7015,L12792,L,296.1,307.32,1563,58.49,207,1,0,0,1,1,0
7016,M10420,M,298.34,311.5,1565,29.27,127,0,0,0,0,0,0
7017,L29198,L,301.18,312.72,1336,46.75,22,0,0,0,0,0,0
7018,L45608,L,298.1,308.49,1595,31.38,6,0,0,0,0,0,0
7019,L56205,L,302.74,313.37,1867,21.73,231,0,0,0,0,0,0
7020,M92951,M,299.09,308.74,1359,53.21,55,0,0,0,0,0,0
7021,L27875,L,298.2,311.25,1445,46.16,149,0,0,0,0,0,0
7022,M80511,M,301.22,313.52,2035,27.73,92,0,0,0,0,0,0
7023,H31331,H,303.22,314.0,1387,65.91,147,1,0,0,1,0,0
7024,M26893,M,300.83,313.71,1767,34.34,228,0,0,0,0,0,0
7025,M74913,M,302.52,313.85,1494,33.98,5,0,0,0,0,0,0
7026,L28243,L,303.35,313.62,1546,54.81,30,0,0,0,0,0,0
7027,L25535,L,298.16,309.76,1511,41.74,218,0,0,0,0,0,0
7028,H73203,H,301.88,312.98,1612,50.02,104,0,0,0,0,0,0
7029,L80597,L,296.95,308.49,1251,45.37,228,0,0,0,0,0,0
7030,L77394,L,300.85,310.18,1569,9.0,200,1,1,0,1,0,0
7031,M35489,M,299.86,309.75,1462,23.91,189,0,0,0,0,0,0
7032,L89214,L,302.49,314.0,1200,60.69,88,0,0,0,0,0,0
7033,L94886,L,302.34,314.0,1737,28.13,127,0,0,0,0,0,0
7034,L23346,L,301.14,313.25,1168,52.16,119,0,0,0,0,0,0
7035,L58005,L,300.6,313.52,1922,38.27,41,0,0,0,0,0,0
7036,M16773,M,301.02,312.29,1646,36.37,101,0,0,0,0,0,0
7037,L85324,L,300.12,311.33,1290,34.87,224,1,1,0,0,0,0
7038,L42343,L,299.88,309.66,1776,32.17,12,0,0,0,0,0,0
7039,L84783,L,302.89,313.0,1400,42.02,100,0,0,0,0,0,0
7040,M55963,M,303.13,311.84,1408,36.54,154,0,0,0,0,0,0
7041,M51983,M,299.72,310.1,1211,30.94,82,0,0,0,0,0,0
7042,L45972,L,300.48,309.12,1379,37.84,79,1,0,1,0,0,0
7043,M26959,M,300.16,311.94,1401,39.96,46,0,0,0,0,0,0
7044,L99343,L,296.78,307.87,1682,21.77,184,0,0,0,0,0,0
7045,H44133,H,299.33,308.0,1745,25.3,77,0,0,0,0,0,0
7046,L99754,L,303.2,313.71,1312,35.85,237,0,0,0,0,0,0
7047,M61150,M,298.5,311.17,1584,19.35,3,1,0,0,1,0,0
7048,L31734,L,304.23,314.0,1204,49.12,102,0,0,0,0,0,0
7049,L98364,L,302.34,312.05,1584,38.31,149,0,0,0,0,0,0
7050,L27400,L,300.8,309.72,1924,25.72,110,0,0,0,0,0,0
7051,M30002,M,301.12,310.07,1215,31.03,53,0,0,0,0,0,0
7052,L46492,L,298.17,309.4,1352,46.68,228,0,0,0,0,0,0
7053,H40875,H,299.47,309.74,1666,39.09,128,0,0,0,0,0,0
7054,L35046,L,302.88,313.23,1687,34.8,253,0,0,0,0,0,0
7055,L33664,L,298.77,309.04,1366,42.39,178,0,0,0,0,0,0
7056,L34453,L,302.12,312.68,1800,36.55,212,1,1,0,0,0,0
7057,M14746,M,297.25,306.72,1388,40.29,113,0,0,0,0,0,0
7058,L99509,L,297.6,308.62,1836,24.04,62,0,0,0,0,0,0
7059,M23217,M,303.8,313.08,1619,34.76,29,0,0,0,0,0,0
7060,H73184,H,299.98,309.92,1764,29.3,90,0,0,0,0,0,0
7061,H98898,H,298.92,310.63,1602,35.14,237,0,0,0,0,0,0
7062,L51835,L,302.73,313.8,1653,42.32,161,0,0,0,0,0,0
7063,M19133,M,302.49,313.88,1663,24.1,28,0,0,0,0,0,0
7064,M50533,M,301.84,314.0,1741,34.37,67,0,0,0,0,0,0
7065,L15404,L,298.86,309.5,1529,25.74,198,0,0,0,0,0,0
7066,M43339,M,299.43,310.15,1373,32.15,224,0,0,0,0,0,0
7067,L38725,L,300.62,311.06,1521,52.5,56,0,0,0,0,0,0
7068,L84332,L,301.39,311.65,1415,45.13,203,1,0,0,0,0,1
7069,L55380,L,298.98,308.67,1427,41.78,32,0,0,0,0,0,0
7070,L58073,L,300.34,311.13,1833,18.3,109,0,0,0,0,0,0
7071,L70873,L,300.53,311.59,1647,32.74,215,0,0,0,0,0,0
7072,L96900,L,302.57,313.68,1639,16.84,101,1,0,0,1,0,0
7073,M51341,M,301.51,312.27,1728,33.46,192,0,0,0,0,0,0
7074,L11236,L,296.99,308.61,1646,23.96,118,0,0,0,0,0,0
7075,L77916,L,299.57,310.3,1871,34.89,161,0,0,0,0,0,0
7076,L24538,L,298.14,308.43,1168,51.03,208,0,0,0,0,0,0
7077,L21971,L,301.14,310.91,1355,29.42,103,0,0,0,0,0,0
7078,M93453,M,301.85,311.0,1409,44.55,49,0,0,0,0,0,0
7079,L48655,L,300.2,312.36,1287,67.8,184,1,0,0,1,1,0
7080,M87022,M,299.46,309.46,1555,34.97,85,0,0,0,0,0,0
7081,L70784,L,300.14,309.91,1564,44.7,48,0,0,0,0,0,0
7082,M71289,M,300.42,310.7,1891,14.37,175,1,0,0,1,0,0
7083,L47410,L,298.72,309.14,1698,37.7,218,0,0,0,0,0,0
7084,L61302,L,297.56,309.9,1444,34.04,206,0,0,0,0,0,0
7085,M31703,M,295.9,306.27,1624,32.91,78,0,0,0,0,0,0
7086,L54191,L,302.53,314.0,1206,54.57,183,0,0,0,0,0,0
7087,M64112,M,300.99,311.76,1561,34.48,86,0,0,0,0,0,0
7088,M21399,M,300.73,313.48,1551,22.0,139,0,0,0,0,0,0
7089,L22685,L,302.53,314.0,1373,57.68,218,1,1,0,0,1,0
7090,L97777,L,297.49,308.55,1499,24.37,112,0,0,0,0,0,0
7091,L14487,L,296.53,308.81,1410,32.1,55,0,0,0,0,0,0
7092,H22018,H,300.77,312.59,1367,43.25,241,0,0,0,0,0,0
7093,M40825,M,300.59,311.92,1656,35.78,231,0,0,0,0,0,0
7094,L17750,L,296.54,309.55,1721,36.85,136,0,0,0,0,0,0
7095,L68956,L,300.72,310.92,1627,36.39,110,0,0,0,0,0,0
7096,L60229,L,299.2,308.9,1456,50.64,108,0,0,0,0,0,0
7097,M93220,M,298.39,308.41,1416,45.43,156,0,0,0,0,0,0
7098,L53118,L,299.33,311.79,1462,27.58,164,0,0,0,0,0,0
7099,L69615,L,295.12,307.27,1495,13.43,148,1,0,0,1,0,0
7100,M89946,M,298.82,308.99,1378,43.15,118,0,0,0,0,0,0
7101,L67290,L,298.59,306.94,1725,45.4,0,0,0,0,0,0,0
7102,L25105,L,301.11,311.61,1499,26.26,244,0,0,0,0,0,0
7103,H28913,H,299.68,309.37,1673,25.26,75,0,0,0,0,0,0
7104,M59515,M,301.28,311.48,1283,48.62,64,0,0,0,0,0,0
7105,L57342,L,295.0,305.0,1411,45.51,154,0,0,0,0,0,0
7106,L62184,L,298.32,307.41,1690,43.42,23,0,0,0,0,0,0
7107,L93247,L,301.11,313.7,1692,47.75,87,0,0,0,0,0,0
7108,L70506,L,299.38,309.4,1319,46.02,176,0,0,0,0,0,0
7109,M34967,M,301.69,313.8,1590,27.69,33,0,0,0,0,0,0
7110,L46023,L,296.39,306.87,1594,27.89,102,0,0,0,0,0,0
7111,M64288,M,301.46,311.03,1408,35.17,118,0,0,0,0,0,0
7112,H36622,H,298.72,309.93,1599,45.06,123,0,0,0,0,0,0
7113,L55201,L,298.53,308.84,1251,40.09,56,0,0,0,0,0,0
7114,L85033,L,301.98,312.47,1368,51.95,226,1,0,0,0,1,0
7115,L26350,L,302.32,313.17,1643,21.58,49,0,0,0,0,0,0
7116,H64820,H,302.07,311.96,1540,39.87,173,0,0,0,0,0,0
7117,M58709,M,304.08,313.16,1550,30.03,9,0,0,0,0,0,0
7118,L98232,L,302.53,313.18,1503,43.08,127,0,0,0,0,0,0
7119,M37470,M,298.41,310.07,1632,32.87,215,0,0,0,0,0,0
7120,L40889,L,300.28,310.08,1640,41.89,90,0,0,0,0,0,0
7121,H20224,H,299.28,310.13,1677,30.44,6,0,0,0,0,0,0
7122,L15465,L,304.06,314.0,1558,36.55,141,0,0,0,0,0,0
7123,L92418,L,302.21,312.82,1465,47.01,226,0,0,0,0,0,0
7124,M65214,M,299.62,310.41,1435,38.92,234,0,0,0,0,0,0
7125,L12944,L,301.76,312.51,1345,43.23,142,0,0,0,0,0,0
7126,L34336,L,297.54,307.55,1462,46.62,50,0,0,0,0,0,0
7127,L48624,L,300.5,310.21,1426,39.41,182,0,0,0,0,0,0
7128,L75206,L,298.12,307.83,1823,18.97,124,0,0,0,0,0,0
7129,L54764,L,296.62,307.69,1347,36.48,107,0,0,0,0,0,0
7130,H55420,H,301.57,313.03,1722,17.28,159,1,0,0,1,0,0
7131,L99758,L,301.82,313.32,1487,36.13,186,0,0,0,0,0,0
7132,L75671,L,300.91,311.24,1498,42.76,100,0,0,0,0,0,0
7133,M25773,M,299.63,311.43,1607,36.76,72,0,0,0,0,0,0
7134,L36447,L,297.47,308.47,1280,60.39,249,1,0,0,0,1,0
7135,L14033,L,297.68,308.45,1391,54.4,38,0,0,0,0,0,0
7136,M65852,M,298.06,305.42,1312,46.49,174,1,0,1,0,0,0
7137,M30497,M,299.53,309.42,1467,15.7,32,1,0,0,1,0,0
7138,M89714,M,302.15,311.33,1371,48.79,32,0,0,0,0,0,0
7139,M82082,M,302.12,313.45,1772,26.09,37,0,0,0,0,0,0
7140,L83932,L,296.7,307.5,1430,48.89,223,0,0,0,0,0,0
7141,H30978,H,298.61,308.24,1168,52.89,20,0,0,0,0,0,0
7142,L22882,L,298.56,309.56,1475,45.22,68,0,0,0,0,0,0
7143,M26945,M,295.0,305.0,1680,38.37,170,0,0,0,0,0,0
7144,L97320,L,301.13,310.79,1828,50.06,10,1,0,0,1,0,0
7145,H66485,H,299.51,309.5,1494,43.36,220,1,1,0,0,0,0
7146,M78850,M,299.77,311.01,1442,27.02,187,0,0,0,0,0,0
7147,M69870,M,302.69,314.0,1532,47.4,173,0,0,0,0,0,0
7148,L28595,L,300.18,310.29,1610,31.76,125,0,0,0,0,0,0
7149,L94291,L,299.14,311.16,1332,57.49,199,1,0,0,0,1,0
7150,M74038,M,301.14,311.89,1491,53.25,218,1,1,0,0,0,0
7151,M66126,M,302.12,313.05,1526,43.38,55,0,0,0,0,0,0
7152,L45449,L,300.59,311.23,1543,25.27,237,1,1,0,0,0,0
7153,H28639,H,301.38,311.88,1509,33.6,40,0,0,0,0,0,0
7154,M55370,M,299.71,310.85,1367,55.98,106,0,0,0,0,0,0
7155,L84628,L,299.84,311.28,1596,53.84,42,0,0,0,0,0,0
7156,M81918,M,300.23,310.04,1527,38.1,51,0,0,0,0,0,0
7157,L52710,L,298.49,309.0,1527,34.95,244,0,0,0,0,0,0
7158,L64051,L,298.86,311.23,1340,30.14,47,0,0,0,0,0,0
7159,L70639,L,302.76,313.63,1650,24.59,11,0,0,0,0,0,0
7160,L13159,L,304.02,314.0,1364,44.44,134,0,0,0,0,0,0
7161,M81192,M,303.18,314.0,1826,36.88,98,0,0,0,0,0,0
7162,L76988,L,297.35,307.55,1323,27.21,43,0,0,0,0,0,0
7163,M28706,M,297.16,307.83,1672,41.37,133,0,0,0,0,0,0
7164,M19862,M,297.62,309.14,1192,64.58,146,0,0,0,0,0,0
7165,M20219,M,300.27,312.21,1168,56.79,227,1,0,0,0,1,0
7166,L99017,L,295.0,305.0,1435,56.42,105,0,0,0,0,0,0
7167,M44536,M,298.82,308.79,1168,53.41,231,1,0,0,0,1,0
7168,L81632,L,302.81,312.52,1666,37.52,105,0,0,0,0,0,0
7169,L87391,L,301.96,312.54,1531,40.66,143,0,0,0,0,0,0
7170,L72886,L,298.98,308.76,1787,42.95,138,0,0,0,0,0,0
7171,L89996,L,299.13,310.5,1505,43.19,99,0,0,0,0,0,0
7172,M43937,M,301.13,312.01,1579,31.49,58,0,0,0,0,0,0
7173,L31094,L,301.87,313.46,1487,42.62,91,0,0,0,0,0,0
7174,M37924,M,298.93,310.59,1378,46.09,236,0,0,0,0,0,0
7175,L93325,L,299.53,310.91,1462,37.12,123,0,0,0,0,0,0
7176,L10123,L,298.87,309.23,1318,54.57,115,0,0,0,0,0,0
7177,H63149,H,297.34,308.14,1605,36.52,86,0,0,0,0,0,0
7178,M81445,M,299.56,309.8,1480,45.55,162,0,0,0,0,0,0
7179,L41854,L,299.41,308.74,1517,42.58,59,0,0,0,0,0,0
7180,L70796,L,297.48,309.13,2043,22.95,162,0,0,0,0,0,0
7181,L79432,L,301.29,311.91,1462,29.58,250,0,0,0,0,0,0
7182,L68968,L,300.97,310.16,1591,29.56,144,0,0,0,0,0,0
7183,M50834,M,301.39,312.63,1525,36.8,166,0,0,0,0,0,0
7184,M27111,M,298.46,308.94,1743,45.94,234,0,0,0,0,0,0
7185,L82575,L,296.03,305.0,1578,35.88,131,0,0,0,0,0,0
7186,H34099,H,300.93,310.26,1486,42.16,175,0,0,0,0,0,0
7187,L79206,L,298.67,308.67,1948,35.84,198,0,0,0,0,0,0
7188,L60293,L,298.22,309.13,1380,37.79,47,0,0,0,0,0,0
7189,L25029,L,297.49,308.97,1500,34.23,81,0,0,0,0,0,0
7190,M41811,M,299.45,310.9,1700,42.56,244,0,0,0,0,0,0
7191,L25793,L,303.15,314.0,1388,47.15,107,0,0,0,0,0,0
7192,L58106,L,298.99,309.65,1673,29.42,61,0,0,0,0,0,0
7193,L95662,L,297.82,310.24,1449,35.47,126,0,0,0,0,0,0
7194,L94764,L,301.3,312.7,1716,34.11,22,0,0,0,0,0,0
7195,M94131,M,300.35,311.27,1711,36.25,187,0,0,0,0,0,0
7196,L10972,L,295.76,307.03,1519,49.46,155,0,0,0,0,0,0
7197,L10360,L,301.32,311.63,1355,47.91,104,0,0,0,0,0,0
7198,M12632,M,304.26,314.0,1465,29.5,41,0,0,0,0,0,0
7199,H45958,H,295.0,305.0,1532,30.04,227,0,0,0,0,0,0
7200,H90882,H,297.53,307.84,1695,36.42,165,0,0,0,0,0,0
7201,L28008,L,295.0,307.46,1593,37.26,82,0,0,0,0,0,0
7202,L87656,L,299.85,310.7,1632,27.7,241,0,0,0,0,0,0
7203,L40283,L,301.98,312.79,1598,45.3,57,0,0,0,0,0,0
7204,L60908,L,300.21,311.91,1687,14.87,235,1,0,0,1,0,0
7205,H17818,H,302.78,313.84,1499,41.43,190,0,0,0,0,0,0
7206,L80655,L,301.66,311.57,1565,22.46,186,0,0,0,0,0,0
7207,L40579,L,303.4,314.0,1540,45.39,241,0,0,0,0,0,0
7208,L65178,L,302.32,311.89,1456,36.74,254,0,0,0,0,0,0
7209,L67584,L,299.19,310.08,1717,39.61,20,0,0,0,0,0,0
7210,M75020,M,300.13,310.0,1713,30.17,226,0,0,0,0,0,0
7211,L10975,L,298.26,309.89,1752,43.54,49,0,0,0,0,0,0
7212,L73479,L,299.54,309.73,1398,21.87,129,1,0,0,1,0,0
7213,L26265,L,300.12,310.0,1598,43.73,242,0,0,0,0,0,0
7214,L73518,L,299.83,310.42,1732,28.06,80,0,0,0,0,0,0
7215,L14318,L,302.68,313.75,1806,34.71,74,0,0,0,0,0,0
7216,M45081,M,299.34,308.83,1263,50.08,12,0,0,0,0,0,0
7217,L68649,L,298.14,308.31,1534,24.34,55,0,0,0,0,0,0
7218,M53069,M,298.26,309.07,1501,47.69,232,1,1,0,0,0,0
7219,H88670,H,301.31,313.35,1821,34.55,219,0,0,0,0,0,0
7220,H86377,H,297.19,305.37,1168,50.49,16,1,0,1,0,0,0
7221,H22427,H,299.6,310.91,1346,46.65,44,0,0,0,0,0,0
7222,L50251,L,302.66,312.97,1793,32.96,52,0,0,0,0,0,0
7223,L35165,L,300.59,310.79,1450,47.74,87,0,0,0,0,0,0
7224,L77285,L,299.85,309.87,1301,38.86,236,0,0,0,0,0,0
7225,M74927,M,299.93,310.26,1807,38.33,225,0,0,0,0,0,0
7226,H83170,H,297.94,309.26,1277,51.28,240,0,0,0,0,0,0
7227,M86150,M,298.29,308.45,1719,31.9,36,0,0,0,0,0,0
7228,L34866,L,299.61,311.97,1254,66.77,141,0,0,0,0,0,0
7229,H20282,H,300.54,311.87,1275,50.0,112,0,0,0,0,0,0
7230,L30319,L,301.9,312.79,1571,38.25,197,0,0,0,0,0,0
7231,L46726,L,300.19,310.72,1382,47.4,168,0,0,0,0,0,0
7232,L25412,L,302.71,314.0,1584,35.22,183,0,0,0,0,0,0
7233,L83586,L,303.21,314.0,1859,40.07,171,0,0,0,0,0,0
7234,L34583,L,301.59,311.13,1507,37.81,149,0,0,0,0,0,0
7235,L93577,L,302.45,312.45,1828,37.76,83,0,0,0,0,0,0
7236,L71922,L,298.02,309.35,1593,26.36,150,0,0,0,0,0,0
7237,M16185,M,297.7,309.34,1707,18.5,171,1,0,0,1,0,0
7238,M96348,M,301.04,311.44,1168,53.99,159,0,0,0,0,0,0
7239,M66389,M,297.32,307.28,1650,31.4,213,0,0,0,0,0,0
7240,L27423,L,299.42,310.2,1622,33.62,230,0,0,0,0,0,0
7241,M61268,M,301.54,313.72,1470,16.16,113,1,0,0,1,0,0
7242,H51644,H,302.83,313.57,1876,43.52,86,0,0,0,0,0,0
7243,L46786,L,299.49,308.93,1446,40.65,126,0,0,0,0,0,0
7244,L85525,L,298.7,309.51,1245,61.36,249,1,0,0,0,1,0
7245,L93744,L,300.64,312.12,1676,22.29,83,0,0,0,0,0,0
7246,L98590,L,297.85,308.45,1279,45.91,164,0,0,0,0,0,0
7247,M40477,M,299.65,311.61,1549,40.76,234,1,1,0,0,0,0
7248,M13571,M,299.98,311.55,1776,33.34,45,0,0,0,0,0,0
7249,L29576,L,299.94,310.58,1625,37.32,38,0,0,0,0,0,0
7250,M72703,M,300.18,310.92,1490,25.08,249,0,0,0,0,0,0
7251,M19680,M,298.33,307.19,1472,42.01,106,0,0,0,0,0,0
7252,H35706,H,298.55,310.46,1763,25.66,161,0,0,0,0,0,0
7253,L89854,L,298.51,308.88,1315,36.83,80,0,0,0,0,0,0
7254,H96195,H,296.76,307.06,1675,34.36,206,1,1,0,0,0,0
7255,L74527,L,300.68,310.83,1930,27.08,84,0,0,0,0,0,0
7256,L80565,L,301.79,312.95,1633,32.51,121,0,0,0,0,0,0
7257,L58436,L,301.59,311.16,1492,49.19,0,0,0,0,0,0,0
7258,L12774,L,299.48,309.19,1506,36.56,108,0,0,0,0,0,0
7259,M26972,M,298.38,309.03,1449,35.63,165,0,0,0,0,0,0
7260,L24048,L,301.49,311.56,1418,39.17,97,0,0,0,0,0,0
7261,L90225,L,301.28,312.31,1556,26.59,156,0,0,0,0,0,0
7262,L92273,L,300.43,310.54,1657,35.98,193,0,0,0,0,0,0
7263,M91550,M,303.49,314.0,1825,37.06,147,0,0,0,0,0,0
7264,L97354,L,299.95,311.34,1183,52.24,41,0,0,0,0,0,0
7265,M86680,M,299.49,310.87,1168,49.5,241,0,0,0,0,0,0
7266,L67602,L,299.2,309.3,1828,36.05,56,0,0,0,0,0,0
7267,L76403,L,296.88,309.98,1545,31.94,235,1,1,0,0,0,0
7268,L37182,L,301.32,311.58,1555,37.21,114,0,0,0,0,0,0
7269,L89876,L,299.79,309.78,1625,47.58,76,0,0,0,0,0,0
7270,L87373,L,301.02,312.43,1501,35.36,7,0,0,0,0,0,0
7271,L57059,L,303.68,314.0,1891,34.91,214,0,0,0,0,0,0
7272,H18787,H,299.22,309.1,1624,40.87,58,0,0,0,0,0,0
7273,M10393,M,295.32,308.22,1454,31.93,239,0,0,0,0,0,0
7274,L71775,L,300.96,312.64,1471,45.66,138,0,0,0,0,0,0
7275,L69454,L,300.33,311.04,1509,32.21,86,0,0,0,0,0,0
7276,M22056,M,298.54,311.64,1395,45.47,243,0,0,0,0,0,0
7277,L71483,L,300.79,312.31,1839,26.3,35,0,0,0,0,0,0
7278,L54957,L,301.57,312.26,1557,39.38,27,0,0,0,0,0,0
7279,M38429,M,298.11,311.09,1324,44.66,80,0,0,0,0,0,0
7280,M55909,M,299.4,310.76,1608,36.63,71,0,0,0,0,0,0
7281,L62906,L,302.95,314.0,1794,34.11,0,0,0,0,0,0,0
7282,L96290,L,298.56,308.87,1726,28.79,92,0,0,0,0,0,0
7283,L54389,L,300.13,310.88,1398,29.03,179,0,0,0,0,0,0
7284,M30905,M,295.0,305.29,1335,43.78,2,0,0,0,0,0,0
7285,L99619,L,297.04,309.18,1792,40.79,12,0,0,0,0,0,0
7286,L63730,L,300.32,309.41,1243,52.83,96,0,0,0,0,0,0
7287,L67557,L,302.46,314.0,1602,39.77,22,0,0,0,0,0,0
7288,L96113,L,297.28,307.1,1433,34.88,214,0,0,0,0,0,0
7289,H76199,H,300.15,310.79,1771,33.85,33,0,0,0,0,0,0
7290,M57301,M,299.25,309.65,1345,33.75,153,0,0,0,0,0,0
7291,M94752,M,301.91,312.09,1392,36.81,4,0,0,0,0,0,0
7292,L57259,L,297.56,308.95,1646,37.92,135,0,0,0,0,0,0
7293,L84801,L,300.86,311.55,1678,18.64,80,1,0,0,1,0,0
7294,L14574,L,298.69,308.72,1780,46.11,124,0,0,0,0,0,0
7295,L98291,L,300.45,311.3,1620,23.57,152,0,0,0,0,0,0
7296,H66776,H,300.14,310.14,1598,52.79,214,0,0,0,0,0,0
7297,L98212,L,299.5,309.66,1724,26.27,182,0,0,0,0,0,0
7298,L97097,L,300.96,310.16,1288,35.04,27,0,0,0,0,0,0
7299,L34737,L,300.09,310.34,1377,37.48,225,0,0,0,0,0,0
7300,M33390,M,299.73,310.93,1303,39.13,7,0,0,0,0,0,0
7301,L62330,L,299.29,310.02,1168,41.63,234,0,0,0,0,0,0
7302,L81082,L,300.16,312.67,1687,30.82,123,0,0,0,0,0,0
7303,L63642,L,300.44,313.76,1792,32.7,18,0,0,0,0,0,0
7304,M31280,M,298.02,308.26,1635,27.18,140,0,0,0,0,0,0
7305,L31037,L,299.3,309.17,1603,43.24,153,0,0,0,0,0,0
7306,H50576,H,297.89,309.72,1550,50.01,166,0,0,0,0,0,0
7307,M38564,M,299.92,310.96,1545,19.06,50,1,0,0,1,0,0
7308,L95439,L,298.82,310.65,1840,45.58,5,0,0,0,0,0,0
7309,M99928,M,301.54,312.64,1814,37.69,12,0,0,0,0,0,0
7310,L38087,L,301.35,311.85,1430,42.66,240,0,0,0,0,0,0
7311,H97829,H,298.15,308.67,1735,28.29,51,0,0,0,0,0,0
7312,L86213,L,300.0,311.13,1756,33.98,248,0,0,0,0,0,0
7313,L22803,L,301.28,311.77,1652,42.46,246,0,0,0,0,0,0
7314,L56002,L,299.65,311.57,1605,59.0,86,1,0,0,1,0,0
7315,L76761,L,298.54,307.94,1599,55.48,35,1,0,0,1,0,0
7316,H81310,H,297.82,309.73,1268,27.91,121,0,0,0,0,0,0
7317,L88579,L,301.71,310.54,1252,43.38,106,0,0,0,0,0,0
7318,M26163,M,301.81,312.65,1676,34.85,144,0,0,0,0,0,0
7319,L78380,L,299.58,309.95,1337,57.25,192,0,0,0,0,0,0
7320,H82883,H,301.53,310.72,1285,43.66,42,0,0,0,0,0,0
7321,L61885,L,295.0,305.0,1168,39.79,242,0,0,0,0,0,0
7322,L96340,L,302.66,312.26,1449,40.06,140,0,0,0,0,0,0
7323,L46764,L,299.69,310.43,1602,32.31,91,0,0,0,0,0,0
7324,M72126,M,300.28,310.38,1617,44.18,190,0,0,0,0,0,0
7325,L77224,L,299.36,309.02,1688,54.2,182,1,0,0,1,0,0
7326,L57055,L,302.79,314.0,1465,48.03,205,0,0,0,0,0,0
7327,L61599,L,297.88,307.35,1554,45.63,111,0,0,0,0,0,0
7328,M92787,M,302.95,314.0,1687,44.45,141,0,0,0,0,0,0
7329,L88040,L,300.79,310.6,1619,39.42,198,0,0,0,0,0,0
7330,L49720,L,301.25,310.82,1430,36.08,100,0,0,0,0,0,0
7331,L54484,L,299.34,309.44,1589,33.35,40,0,0,0,0,0,0
7332,M48852,M,297.38,308.7,1178,61.97,170,0,0,0,0,0,0
7333,H23219,H,301.86,311.19,1535,40.02,190,0,0,0,0,0,0
7334,L58865,L,300.62,311.61,1424,30.36,81,0,0,0,0,0,0
7335,L64457,L,302.72,312.46,1808,42.05,168,0,0,0,0,0,0
7336,L46817,L,299.61,309.53,1359,34.0,8,0,0,0,0,0,0
7337,L78993,L,299.16,310.26,1556,26.44,229,0,0,0,0,0,0
7338,L62380,L,302.78,314.0,1458,30.69,147,0,0,0,0,0,0
7339,M60400,M,303.82,313.61,1435,43.0,148,0,0,0,0,0,0
7340,L46258,L,300.02,311.44,1603,44.44,101,0,0,0,0,0,0
7341,H91006,H,298.49,308.88,1460,41.75,99,0,0,0,0,0,0
7342,L58957,L,301.62,311.85,1868,26.4,24,0,0,0,0,0,0
7343,M28281,M,299.49,311.26,1180,38.76,234,1,1,0,0,0,0
7344,L87264,L,301.2,311.06,1649,41.45,193,0,0,0,0,0,0
7345,L61331,L,299.48,309.03,1520,36.83,235,0,0,0,0,0,0
7346,L55680,L,303.13,314.0,1526,40.75,29,0,0,0,0,0,0
7347,L48723,L,298.6,310.9,1589,34.78,127,0,0,0,0,0,0
7348,L20162,L,300.96,312.41,1715,35.92,71,0,0,0,0,0,0
7349,M61095,M,299.02,308.32,1583,39.73,24,0,0,0,0,0,0
7350,H21338,H,299.44,309.52,1715,53.66,93,1,0,0,1,0,0
7351,L97832,L,299.18,310.86,1543,40.86,157,0,0,0,0,0,0
7352,L21675,L,301.48,313.76,1349,38.36,204,0,0,0,0,0,0
7353,L99606,L,301.84,312.77,1519,39.38,30,0,0,0,0,0,0
7354,L30080,L,301.12,311.24,1743,25.07,95,0,0,0,0,0,0
7355,L23936,L,299.78,312.13,1461,29.82,35,0,0,0,0,0,0
7356,M20019,M,300.28,310.91,1340,56.11,168,0,0,0,0,0,0
7357,H77282,H,301.8,311.89,1647,37.44,60,0,0,0,0,0,0
7358,H59681,H,301.86,311.78,1596,45.95,156,0,0,0,0,0,0
7359,L98304,L,295.0,305.0,1396,24.37,239,0,0,0,0,0,0
7360,M83861,M,299.46,312.99,1493,29.02,161,0,0,0,0,0,0
7361,M14486,M,299.55,311.67,1502,40.98,18,0,0,0,0,0,0
7362,L92021,L,301.34,311.38,1536,29.61,217,0,0,0,0,0,0
7363,L89864,L,299.87,312.3,1651,22.34,4,0,0,0,0,0,0
7364,M29112,M,301.44,312.67,1462,28.62,147,0,0,0,0,0,0
7365,L61697,L,297.84,309.02,1661,31.73,205,1,1,0,0,0,0
7366,L65998,L,300.52,310.5,1439,43.93,234,1,1,0,0,0,0
7367,L36576,L,301.8,311.99,1835,44.61,28,0,0,0,0,0,0
7368,L60100,L,297.05,307.71,1839,22.96,2,0,0,0,0,0,0
7369,L91238,L,304.5,313.23,1381,31.11,83,0,0,0,0,0,0
7370,H31320,H,302.38,312.59,1314,27.78,24,0,0,0,0,0,0
7371,M93973,M,300.0,310.71,1711,38.28,232,0,0,0,0,0,0
7372,M75729,M,298.34,310.35,1581,37.36,68,0,0,0,0,0,0
7373,L94879,L,299.65,309.73,1634,26.6,54,0,0,0,0,0,0
7374,M39144,M,300.17,311.68,1417,32.03,183,0,0,0,0,0,0
7375,L67326,L,300.88,309.52,1511,36.74,156,0,0,0,0,0,0
7376,L87148,L,303.0,314.0,1473,38.24,241,0,0,0,0,0,0
7377,L29307,L,299.05,308.85,1590,26.67,124,0,0,0,0,0,0
7378,L70598,L,301.13,311.96,1311,45.65,232,1,1,0,0,0,0
7379,L29623,L,297.42,308.52,1517,24.77,40,0,0,0,0,0,0
7380,L30249,L,299.17,310.08,1309,44.31,129,0,0,0,0,0,0
7381,L83765,L,300.75,311.35,1442,37.96,5,0,0,0,0,0,0
7382,L82131,L,301.38,310.84,1517,41.54,227,0,0,0,0,0,0
7383,H48377,H,298.49,308.3,1626,45.9,186,0,0,0,0,0,0
7384,L62365,L,299.12,310.81,1641,31.67,192,0,0,0,0,0,0
7385,M44551,M,302.92,313.02,1672,34.27,30,0,0,0,0,0,0
7386,L52926,L,302.32,312.92,1268,22.81,90,1,0,0,1,0,0
7387,L97750,L,300.42,309.62,1763,48.53,108,0,0,0,0,0,0
7388,H48599,H,295.53,307.09,1419,21.6,100,1,0,0,1,0,0
7389,L32593,L,304.5,313.88,1432,39.18,45,0,0,0,0,0,0
7390,L70334,L,299.96,311.58,1583,13.13,59,1,0,0,1,0,0
7391,M69893,M,299.37,309.01,1474,30.84,45,0,0,0,0,0,0
7392,L52636,L,298.96,310.67,1600,51.34,18,0,0,0,0,0,0
7393,M79225,M,300.75,311.46,1634,45.11,0,0,0,0,0,0,0
7394,L50363,L,300.77,310.91,1398,51.09,222,1,0,0,0,1,0
7395,L65959,L,301.9,314.0,1502,36.31,17,0,0,0,0,0,0
7396,L90223,L,298.15,308.78,1507,53.7,134,0,0,0,0,0,0
7397,L95917,L,299.38,309.71,1707,35.71,112,0,0,0,0,0,0
7398,M99125,M,304.06,314.0,1451,46.29,159,0,0,0,0,0,0
7399,M11120,M,300.45,309.67,1443,65.96,226,1,0,0,1,1,0
7400,L26491,L,299.65,307.83,1351,53.97,223,1,0,1,0,1,0
7401,L53638,L,298.12,309.97,1371,41.1,58,0,0,0,0,0,0
7402,M49062,M,301.01,310.88,1292,50.01,64,0,0,0,0,0,0
7403,L15193,L,302.06,313.63,1408,54.96,224,1,0,0,0,1,0
7404,L99144,L,301.75,312.5,1822,36.34,11,0,0,0,0,0,0
7405,L25213,L,299.48,309.02,1659,41.29,172,0,0,0,0,0,0
7406,L89766,L,300.72,312.03,1765,42.92,151,0,0,0,0,0,0
7407,M93959,M,303.34,313.63,1364,68.58,181,1,0,0,1,1,0
7408,H27187,H,302.14,311.76,1184,37.07,3,0,0,0,0,0,0
7409,L20040,L,298.43,308.08,1592,42.31,78,0,0,0,0,0,0
7410,L76302,L,295.0,305.0,1869,34.18,223,1,1,0,0,0,0
7411,L39949,L,300.59,311.7,1448,35.76,23,0,0,0,0,0,0
7412,L13527,L,301.6,311.36,1553,30.92,22,0,0,0,0,0,0
7413,L86557,L,297.82,308.49,1252,64.64,88,0,0,0,0,0,0
7414,M93408,M,299.98,310.5,1540,27.7,176,0,0,0,0,0,0
7415,L87294,L,299.47,309.23,1513,24.54,217,0,0,0,0,0,0
7416,L28757,L,300.21,309.39,1168,42.15,20,0,0,0,0,0,0
7417,L35412,L,298.91,312.14,1348,23.56,197,1,0,0,1,0,0
7418,L24312,L,302.58,313.23,1334,33.87,149,0,0,0,0,0,0
7419,L32119,L,300.3,312.82,1251,33.76,121,0,0,0,0,0,0
7420,M21804,M,298.24,310.11,1405,41.67,108,0,0,0,0,0,0
7421,L63986,L,301.83,312.21,1627,47.95,230,1,0,0,0,1,0
7422,M56545,M,297.47,308.35,1421,34.38,228,0,0,0,0,0,0
7423,L86519,L,302.57,313.42,1742,40.01,202,0,0,0,0,0,0
7424,L39999,L,301.98,314.0,1470,46.31,36,0,0,0,0,0,0
7425,L49758,L,302.78,314.0,1594,15.99,29,1,0,0,1,0,0
7426,L79519,L,299.68,309.58,1625,30.4,30,0,0,0,0,0,0
7427,L13768,L,299.01,310.06,1811,28.66,32,0,0,0,0,0,0
7428,L11504,L,300.17,311.67,1406,44.63,108,0,0,0,0,0,0
7429,M77986,M,299.83,309.36,1615,40.54,75,0,0,0,0,0,0
7430,M86772,M,298.69,309.89,1365,45.46,154,0,0,0,0,0,0
7431,L18002,L,298.89,310.94,1845,24.11,249,0,0,0,0,0,0
7432,L85427,L,299.27,309.11,1348,35.78,77,0,0,0,0,0,0
7433,L48787,L,297.66,307.64,1604,22.3,254,0,0,0,0,0,0
7434,L23898,L,301.36,313.22,1816,32.08,116,0,0,0,0,0,0
7435,L20472,L,299.9,310.24,1320,39.43,57,0,0,0,0,0,0
7436,M90800,M,299.38,309.1,1642,39.54,128,0,0,0,0,0,0
7437,L93227,L,297.78,309.36,1356,49.6,63,0,0,0,0,0,0
7438,L42632,L,297.68,308.96,1954,26.87,249,0,0,0,0,0,0
7439,L43743,L,303.87,314.0,1195,51.35,108,0,0,0,0,0,0
7440,L88538,L,298.75,310.57,1262,42.96,113,0,0,0,0,0,0
7441,M53386,M,301.22,313.12,1333,31.01,112,0,0,0,0,0,0
7442,L53388,L,300.33,310.94,1339,34.23,71,0,0,0,0,0,0
7443,L31323,L,295.0,307.67,1629,15.22,71,1,0,0,1,0,0
7444,M79269,M,303.58,314.0,1859,27.77,231,0,0,0,0,0,0
7445,L51319,L,301.37,310.08,1743,28.0,220,1,1,0,0,0,0
7446,M77759,M,298.46,308.13,1577,26.38,25,0,0,0,0,0,0
7447,L26868,L,299.94,308.39,1537,44.92,89,0,0,0,0,0,0
7448,L12080,L,297.7,308.08,1426,45.47,176,0,0,0,0,0,0
7449,M23776,M,303.65,313.14,1605,40.63,211,0,0,0,0,0,0
7450,L76231,L,298.18,308.07,1497,44.88,171,0,0,0,0,0,0
7451,L65452,L,298.95,310.74,1569,36.5,42,0,0,0,0,0,0
7452,L63812,L,298.54,307.49,1402,40.75,48,0,0,0,0,0,0
7453,L73271,L,300.16,310.99,1319,52.47,179,0,0,0,0,0,0
7454,M87585,M,302.74,313.56,1540,43.42,70,0,0,0,0,0,0
7455,M68542,M,303.58,314.0,1536,46.9,159,0,0,0,0,0,0
7456,H25628,H,299.2,310.03,1428,39.69,105,0,0,0,0,0,0
7457,M18265,M,300.76,309.22,1397,30.9,54,0,0,0,0,0,0
7458,L34671,L,300.16,310.05,1636,37.11,112,0,0,0,0,0,0
7459,L22460,L,298.04,310.28,1617,30.31,249,0,0,0,0,0,0
7460,L13477,L,304.5,314.0,1873,35.59,17,0,0,0,0,0,0
7461,L12202,L,302.73,314.0,1784,34.44,122,0,0,0,0,0,0
7462,L99410,L,300.38,309.67,1320,43.96,213,0,0,0,0,0,0
7463,H21850,H,303.16,312.34,1501,34.44,186,0,0,0,0,0,0
7464,L30809,L,302.42,312.17,1289,55.56,28,0,0,0,0,0,0
7465,L80886,L,300.16,311.99,1204,58.58,159,0,0,0,0,0,0
7466,L12806,L,300.65,310.81,1930,25.52,181,0,0,0,0,0,0
7467,M17163,M,303.02,314.0,1801,22.04,240,0,0,0,0,0,0
7468,M10185,M,298.11,308.88,1422,42.11,83,0,0,0,0,0,0
7469,M34718,M,303.35,313.99,1759,42.23,30,0,0,0,0,0,0
7470,L87081,L,299.55,311.52,1786,21.97,170,0,0,0,0,0,0
7471,M66202,M,303.05,314.0,1189,53.84,168,0,0,0,0,0,0
7472,L35215,L,299.99,309.55,1688,26.97,135,0,0,0,0,0,0
7473,M38325,M,300.68,311.1,1447,29.54,42,0,0,0,0,0,0
7474,L28458,L,299.93,312.37,1604,44.04,227,0,0,0,0,0,0
7475,L26006,L,298.94,309.96,2077,32.07,178,0,0,0,0,0,0
7476,L42969,L,299.46,308.65,1820,30.28,135,0,0,0,0,0,0
7477,M86820,M,302.76,312.02,1512,45.38,124,0,0,0,0,0,0
7478,L37655,L,295.37,306.96,1791,37.46,8,0,0,0,0,0,0
7479,M91234,M,297.52,308.92,1189,30.28,77,0,0,0,0,0,0
7480,L19102,L,298.55,308.33,1626,35.99,173,0,0,0,0,0,0
7481,L77107,L,297.84,309.29,1630,47.57,32,0,0,0,0,0,0
7482,L31553,L,303.02,314.0,1662,38.56,57,0,0,0,0,0,0
7483,L94079,L,302.52,314.0,1443,13.74,78,1,0,0,1,0,0
7484,L89570,L,301.18,313.49,1604,26.16,221,0,0,0,0,0,0
7485,L76865,L,298.72,309.98,1689,42.37,93,0,0,0,0,0,0
7486,M51420,M,302.67,313.19,1168,42.22,231,0,0,0,0,0,0
7487,L35382,L,296.82,307.12,1478,49.63,158,0,0,0,0,0,0
7488,H79235,H,304.28,314.0,1372,63.1,196,1,0,0,1,0,0
7489,L48795,L,298.63,308.45,1654,32.58,82,0,0,0,0,0,0
7490,M61425,M,299.48,309.82,1783,27.17,47,0,0,0,0,0,0
7491,L67402,L,299.14,311.12,1425,30.1,105,0,0,0,0,0,0
7492,L72539,L,297.85,306.94,1339,50.9,138,0,0,0,0,0,0
7493,L86203,L,303.85,313.01,1556,31.27,127,0,0,0,0,0,0
7494,L33459,L,301.58,313.11,1327,38.82,228,1,1,0,0,0,0
7495,M59649,M,302.43,312.78,1494,27.72,73,0,0,0,0,0,0
7496,L82495,L,297.55,306.33,1475,34.64,111,0,0,0,0,0,0
7497,L56384,L,300.36,311.0,1639,28.77,127,0,0,0,0,0,0
7498,M81746,M,301.04,311.54,1592,18.16,99,1,0,0,1,0,0
7499,L88053,L,300.54,310.81,1564,28.95,160,0,0,0,0,0,0
7500,M66278,M,297.68,309.06,1830,37.16,188,0,0,0,0,0,0
7501,L88156,L,302.15,311.52,1584,48.38,87,0,0,0,0,0,0
7502,M46744,M,300.24,310.96,1460,38.2,14,0,0,0,0,0,0
7503,L98340,L,298.09,308.58,1482,38.99,28,0,0,0,0,0,0
7504,L40568,L,296.29,307.03,1397,43.93,230,0,0,0,0,0,0
7505,L27991,L,301.21,310.18,1352,63.19,154,0,0,0,0,0,0
7506,H18912,H,304.5,314.0,1285,33.33,19,0,0,0,0,0,0
7507,L42527,L,297.97,308.69,1739,22.55,163,0,0,0,0,0,0
7508,L60426,L,300.34,311.58,1406,40.23,13,0,0,0,0,0,0
7509,M30407,M,302.22,314.0,1592,39.54,252,0,0,0,0,0,0
7510,H22344,H,297.46,308.97,1481,38.36,36,0,0,0,0,0,0
7511,M12355,M,299.04,310.2,1530,24.68,240,0,0,0,0,0,0
7512,H64733,H,298.28,310.25,1743,40.15,227,1,1,0,0,0,0
7513,L76285,L,301.97,312.37,1567,35.31,100,0,0,0,0,0,0
7514,L94971,L,302.65,314.0,1369,47.66,215,0,0,0,0,0,0
7515,M55733,M,300.32,312.14,1433,55.49,48,0,0,0,0,0,0
7516,M66915,M,298.32,308.57,1690,21.5,234,1,1,0,0,0,0
7517,L62716,L,299.11,311.74,1622,20.15,163,1,0,0,1,0,0
7518,L48526,L,298.74,309.89,1701,38.45,185,0,0,0,0,0,0
7519,M28088,M,298.05,310.94,1492,18.87,249,1,0,0,1,0,0
7520,L75377,L,299.8,310.8,1284,40.17,220,0,0,0,0,0,0
7521,L54405,L,301.15,311.29,1626,30.2,14,0,0,0,0,0,0
7522,L48842,L,300.98,310.91,1581,39.51,166,0,0,0,0,0,0
7523,L71788,L,299.98,310.33,1585,30.12,4,0,0,0,0,0,0
7524,M61529,M,300.11,310.24,1286,50.02,237,1,1,0,0,0,0
7525,L99939,L,299.84,311.81,1420,29.59,96,0,0,0,0,0,0
7526,M62383,M,297.41,308.08,1366,28.92,230,0,0,0,0,0,0
7527,L49177,L,300.32,309.41,1607,35.83,236,0,0,0,0,0,0
7528,L49056,L,298.83,309.75,1613,36.45,44,0,0,0,0,0,0
7529,M98249,M,297.31,308.13,1527,40.29,128,0,0,0,0,0,0
7530,L76421,L,300.74,310.97,1709,45.92,46,0,0,0,0,0,0
7531,L43632,L,298.78,309.74,1803,41.94,33,0,0,0,0,0,0
7532,L49685,L,300.46,311.11,1599,39.89,231,1,1,0,0,0,0
7533,L87222,L,301.7,313.03,1656,41.61,248,0,0,0,0,0,0
7534,L78590,L,298.1,309.37,1438,42.47,135,0,0,0,0,0,0
7535,M18977,M,300.18,311.25,1404,52.83,215,0,0,0,0,0,0
7536,M58967,M,296.38,305.78,1717,36.41,237,0,0,0,0,0,0
7537,M84072,M,303.07,314.0,1378,35.85,53,0,0,0,0,0,0
7538,L25070,L,297.28,306.43,1660,28.01,86,0,0,0,0,0,0
7539,L92473,L,298.97,309.54,1845,40.0,227,1,1,0,0,0,0
7540,L31500,L,302.68,312.28,1653,33.08,59,0,0,0,0,0,0
7541,L20011,L,299.53,310.63,1520,55.74,204,1,0,0,0,1,0
7542,L58039,L,297.61,308.44,1294,32.06,36,0,0,0,0,0,0
7543,L18896,L,301.43,311.96,1564,48.08,173,0,0,0,0,0,0
7544,H90118,H,301.38,313.6,1717,29.82,17,0,0,0,0,0,0
7545,L49958,L,298.73,310.54,1503,42.01,9,0,0,0,0,0,0
7546,L51912,L,298.95,309.32,1719,22.49,250,0,0,0,0,0,0
7547,M10814,M,299.13,310.63,1601,19.34,67,1,0,0,1,0,0
7548,L85276,L,299.59,311.85,1587,49.45,198,0,0,0,0,0,0
7549,M34719,M,296.21,308.02,1478,34.51,227,0,0,0,0,0,0
7550,M30150,M,299.64,310.2,1273,56.1,85,0,0,0,0,0,0
7551,H80494,H,303.57,312.68,1458,32.84,106,0,0,0,0,0,0
7552,L13825,L,298.21,309.23,1457,49.02,234,1,0,0,0,1,0
7553,M60368,M,298.83,310.2,1639,31.22,75,0,0,0,0,0,0
7554,L24800,L,297.63,307.56,1532,26.08,151,0,0,0,0,0,0
7555,M85535,M,301.22,311.95,1730,38.47,46,0,0,0,0,0,0
7556,L96390,L,302.41,313.02,1586,44.67,36,0,0,0,0,0,0
7557,L85017,L,302.36,314.0,1444,46.02,199,0,0,0,0,0,0
7558,L58505,L,297.5,310.06,1388,39.78,211,0,0,0,0,0,0
7559,L67899,L,301.0,312.87,1426,22.61,42,1,0,0,1,0,0
7560,M92782,M,302.87,313.48,1564,26.85,209,0,0,0,0,0,0
7561,M32601,M,301.02,312.87,1468,32.18,24,0,0,0,0,0,0
7562,M20677,M,300.96,312.31,1341,39.96,241,0,0,0,0,0,0
7563,L39552,L,299.06,309.68,1716,42.82,86,0,0,0,0,0,0
7564,M97858,M,300.44,313.23,1562,35.6,229,0,0,0,0,0,0
7565,L77891,L,302.47,312.43,1584,17.12,145,1,0,0,1,0,0
7566,M84693,M,300.66,311.96,1387,14.55,178,1,0,0,1,0,0
7567,H43292,H,297.5,309.04,1348,35.13,251,0,0,0,0,0,0
7568,L76097,L,299.09,309.5,1506,33.17,45,0,0,0,0,0,0
7569,M83703,M,302.42,313.68,1170,53.33,202,0,0,0,0,0,0
7570,L26184,L,300.65,312.29,1675,21.78,186,0,0,0,0,0,0
7571,L99336,L,300.24,311.18,1408,26.62,166,0,0,0,0,0,0
7572,L71046,L,298.89,310.06,1487,42.91,77,0,0,0,0,0,0
7573,L76741,L,302.38,313.18,1612,47.4,111,0,0,0,0,0,0
7574,M71377,M,303.32,314.0,1495,19.52,253,1,0,0,1,0,0
7575,L22039,L,302.53,313.0,1325,34.94,85,0,0,0,0,0,0
7576,L55161,L,302.89,313.27,1806,40.54,236,1,1,0,0,0,0
7577,L45006,L,299.28,310.0,1259,56.12,165,0,0,0,0,0,0
7578,M27544,M,299.0,310.88,1168,37.7,182,0,0,0,0,0,0
7579,H22987,H,299.69,308.64,1692,43.67,78,0,0,0,0,0,0
7580,M15239,M,300.08,309.87,1272,45.54,4,0,0,0,0,0,0
7581,M54785,M,302.86,314.0,1761,37.92,112,0,0,0,0,0,0
7582,L33358,L,302.33,313.31,1603,29.45,132,0,0,0,0,0,0
7583,L92674,L,301.08,311.37,1586,38.77,120,0,0,0,0,0,0
7584,L66450,L,297.14,308.63,1433,28.34,177,0,0,0,0,0,0
7585,L98520,L,296.62,306.54,1386,35.67,41,1,0,0,0,0,1
7586,M38428,M,300.48,309.08,1467,36.15,146,0,0,0,0,0,0
7587,L19096,L,301.76,312.82,1377,43.06,161,0,0,0,0,0,0
7588,M57582,M,299.84,309.81,1752,52.37,52,1,0,0,1,0,0
7589,L34536,L,303.83,314.0,1401,67.05,207,1,0,0,1,1,0
7590,L67395,L,297.84,308.86,1626,31.82,20,0,0,0,0,0,0
7591,L78157,L,297.58,308.43,1716,45.74,44,0,0,0,0,0,0
7592,M79484,M,298.67,307.66,1376,30.08,223,0,0,0,0,0,0
7593,M11287,M,298.6,309.32,1603,39.32,59,0,0,0,0,0,0
7594,M64510,M,301.05,312.2,1374,34.55,180,0,0,0,0,0,0
7595,L33902,L,299.16,308.46,1504,33.81,245,0,0,0,0,0,0
7596,H66188,H,296.9,306.09,1452,65.69,18,1,0,0,1,0,0
7597,L31164,L,301.78,311.41,1410,36.71,215,0,0,0,0,0,0
7598,L91204,L,296.48,307.93,1563,30.69,34,0,0,0,0,0,0
7599,H11772,H,297.86,306.56,1316,32.64,81,1,0,1,0,0,0
7600,L63054,L,296.75,308.28,1702,27.19,248,0,0,0,0,0,0
7601,M64878,M,300.41,311.51,1340,27.55,13,0,0,0,0,0,0
7602,L42238,L,300.37,310.81,1307,46.28,85,0,0,0,0,0,0
7603,L68293,L,303.83,313.05,1490,40.43,102,0,0,0,0,0,0
7604,H91298,H,301.83,311.73,1468,42.33,221,0,0,0,0,0,0
7605,L17213,L,302.88,314.0,1599,35.73,11,0,0,0,0,0,0
7606,M24941,M,300.58,312.53,1550,31.72,176,0,0,0,0,0,0
7607,L25964,L,298.05,307.71,1242,38.55,203,0,0,0,0,0,0
7608,M36855,M,300.26,312.1,1713,34.79,221,0,0,0,0,0,0
7609,L68769,L,301.18,312.57,1485,38.08,2,0,0,0,0,0,0
7610,L93504,L,301.41,312.1,1578,30.53,118,0,0,0,0,0,0
7611,L11046,L,299.06,309.02,1931,27.54,103,0,0,0,0,0,0
7612,L24909,L,300.98,311.1,1767,44.92,95,0,0,0,0,0,0
7613,H89114,H,298.13,310.66,1573,54.37,154,0,0,0,0,0,0
7614,L33368,L,297.91,308.79,1288,42.04,219,0,0,0,0,0,0
7615,L81255,L,297.77,309.8,1291,36.24,209,0,0,0,0,0,0
7616,L91496,L,300.05,310.99,1744,32.5,244,0,0,0,0,0,0
7617,L99142,L,297.64,307.89,1463,50.3,116,0,0,0,0,0,0
7618,M25624,M,299.15,310.43,1505,37.66,152,0,0,0,0,0,0
7619,H20352,H,301.81,314.0,1329,46.95,254,0,0,0,0,0,0
7620,L90539,L,297.94,308.0,1615,29.64,142,0,0,0,0,0,0
7621,M19223,M,298.99,310.61,1740,23.32,114,0,0,0,0,0,0
7622,L88254,L,300.14,311.03,1809,37.7,236,0,0,0,0,0,0
7623,L76851,L,300.49,309.74,1454,41.32,239,0,0,0,0,0,0
7624,M60044,M,299.0,308.23,1651,40.39,26,0,0,0,0,0,0
7625,L97089,L,301.57,311.82,1518,21.6,14,1,0,0,1,0,0
7626,M95000,M,301.18,312.23,1693,49.34,157,0,0,0,0,0,0
7627,M41419,M,302.28,313.86,1534,39.7,202,0,0,0,0,0,0
7628,L23767,L,299.84,308.97,1387,22.65,186,1,0,0,1,0,0
7629,H82002,H,298.97,310.33,1773,40.3,172,0,0,0,0,0,0
7630,M41028,M,298.63,309.22,1553,33.46,180,0,0,0,0,0,0
7631,L57953,L,300.61,311.32,1472,39.23,77,0,0,0,0,0,0
7632,M67965,M,299.25,310.53,1567,32.2,44,0,0,0,0,0,0
7633,L79776,L,298.86,311.31,1402,39.86,91,0,0,0,0,0,0
7634,H41459,H,299.1,310.11,1610,35.17,199,0,0,0,0,0,0
7635,M92331,M,298.63,307.98,1500,22.25,188,1,0,0,1,0,0
7636,L34689,L,300.4,310.91,1392,50.07,10,0,0,0,0,0,0
7637,L90446,L,297.17,308.73,1963,30.01,77,0,0,0,0,0,0
7638,M77982,M,300.61,312.19,1354,47.05,178,0,0,0,0,0,0
7639,L13346,L,301.35,312.72,1599,43.15,110,0,0,0,0,0,0
7640,L55179,L,298.84,309.03,1545,38.2,213,0,0,0,0,0,0
7641,L50517,L,303.84,313.18,1350,45.94,216,0,0,0,0,0,0
7642,L79678,L,300.04,311.32,1474,24.58,201,1,1,0,0,0,0
7643,L91606,L,296.88,306.36,1293,35.1,227,1,1,0,0,0,0
7644,L82623,L,299.44,310.83,1907,30.68,166,0,0,0,0,0,0
7645,L99288,L,300.13,311.52,1487,40.33,23,0,0,0,0,0,0
7646,M91171,M,300.9,311.13,1502,41.97,133,0,0,0,0,0,0
7647,L68916,L,299.49,310.07,1885,41.08,32,0,0,0,0,0,0
7648,L97754,L,297.98,308.88,1387,40.35,149,0,0,0,0,0,0
7649,L58575,L,297.81,307.9,1768,35.35,59,0,0,0,0,0,0
7650,L55039,L,298.69,308.01,1642,35.42,147,0,0,0,0,0,0
7651,L59955,L,298.88,309.55,1179,45.57,10,0,0,0,0,0,0
7652,L90260,L,297.73,308.5,1468,36.97,114,0,0,0,0,0,0
7653,L65871,L,298.53,310.6,1614,28.55,34,0,0,0,0,0,0
7654,M70678,M,301.32,311.24,1541,36.08,162,0,0,0,0,0,0
7655,M41351,M,303.3,314.0,1542,35.13,64,0,0,0,0,0,0
7656,M70693,M,301.51,311.06,1426,38.66,105,0,0,0,0,0,0
7657,M41433,M,302.61,311.97,1407,22.99,89,1,0,0,1,0,0
7658,M84797,M,301.95,312.35,1479,37.77,205,0,0,0,0,0,0
7659,L89015,L,301.67,311.43,1888,23.69,176,0,0,0,0,0,0
7660,M25804,M,299.32,308.67,1372,41.13,65,0,0,0,0,0,0
7661,L55101,L,300.28,312.93,1448,28.74,173,0,0,0,0,0,0
7662,M70115,M,299.16,309.41,1540,37.66,132,0,0,0,0,0,0
7663,M88363,M,299.56,312.57,1272,41.71,166,0,0,0,0,0,0
7664,L54700,L,300.14,309.84,1613,29.96,78,0,0,0,0,0,0
7665,L87576,L,301.43,310.42,1303,47.15,212,0,0,0,0,0,0
7666,L29477,L,300.85,312.84,1339,46.8,220,0,0,0,0,0,0
7667,M26127,M,299.68,309.65,1331,42.53,178,0,0,0,0,0,0
7668,M96718,M,300.11,310.95,1240,52.79,148,0,0,0,0,0,0
7669,M36049,M,300.87,310.21,1763,29.14,165,0,0,0,0,0,0
7670,L22473,L,301.33,312.0,1629,38.69,243,0,0,0,0,0,0
7671,M92245,M,296.96,306.29,1701,33.33,163,0,0,0,0,0,0
7672,L71836,L,297.85,308.47,1685,25.51,13,0,0,0,0,0,0
7673,M52464,M,302.21,312.44,1505,30.45,160,0,0,0,0,0,0
7674,L23714,L,299.88,310.81,1530,48.37,22,0,0,0,0,0,0
7675,L70878,L,299.15,310.48,1717,46.51,71,0,0,0,0,0,0
7676,L44208,L,299.47,310.41,1830,36.89,211,0,0,0,0,0,0
7677,M97104,M,299.47,310.62,1309,37.4,165,0,0,0,0,0,0
7678,H84683,H,301.12,311.71,1989,39.1,46,0,0,0,0,0,0
7679,L91803,L,297.78,308.05,1298,50.89,63,0,0,0,0,0,0
7680,L51514,L,300.05,311.22,1452,42.78,229,0,0,0,0,0,0
7681,H15136,H,300.49,311.08,1548,54.05,174,0,0,0,0,0,0
7682,L41516,L,300.79,311.42,1565,28.74,0,0,0,0,0,0,0
7683,M86982,M,300.45,311.54,1888,36.2,41,0,0,0,0,0,0
7684,L73878,L,301.03,310.7,1717,26.57,67,0,0,0,0,0,0
7685,L55099,L,298.85,310.98,1609,30.2,205,0,0,0,0,0,0
7686,M23188,M,298.12,308.57,1721,54.94,213,1,0,0,1,0,0
7687,M61188,M,304.5,314.0,1597,40.38,203,0,0,0,0,0,0
7688,L15560,L,299.4,310.05,1413,59.28,24,0,0,0,0,0,0
7689,L46397,L,299.63,310.98,1622,40.11,115,0,0,0,0,0,0
7690,M87193,M,301.36,312.39,1547,40.76,111,0,0,0,0,0,0
7691,L48082,L,303.19,313.84,1383,34.94,184,0,0,0,0,0,0
7692,M94376,M,298.91,311.06,1762,40.46,179,0,0,0,0,0,0
7693,L51430,L,298.0,305.5,1525,37.8,134,0,0,0,0,0,0
7694,L60522,L,297.52,309.46,1333,43.84,134,0,0,0,0,0,0
7695,H50397,H,303.19,314.0,1362,39.33,183,0,0,0,0,0,0
7696,M86860,M,297.92,306.79,1631,34.24,166,0,0,0,0,0,0
7697,L35247,L,299.94,311.57,1724,33.44,197,0,0,0,0,0,0
7698,M93094,M,298.05,309.8,1622,36.42,82,0,0,0,0,0,0
7699,L29943,L,297.1,308.37,1623,34.87,238,0,0,0,0,0,0
7700,L49460,L,299.42,308.56,1389,25.19,185,0,0,0,0,0,0
7701,H51986,H,298.12,309.51,1552,41.93,150,0,0,0,0,0,0
7702,M54514,M,298.62,310.32,1476,37.64,251,0,0,0,0,0,0
7703,M90908,M,304.01,314.0,1500,6.52,117,1,0,0,1,0,0
7704,L62385,L,300.85,311.99,1515,22.81,137,0,0,0,0,0,0
7705,L22631,L,301.86,312.21,1416,35.67,107,0,0,0,0,0,0
7706,L77008,L,301.65,313.23,1670,45.27,199,0,0,0,0,0,0
7707,L36955,L,299.8,310.18,1353,48.77,163,0,0,0,0,0,0
7708,M57367,M,299.12,309.24,1301,36.47,198,0,0,0,0,0,0
7709,L40802,L,300.5,311.16,1394,39.15,118,0,0,0,0,0,0
7710,M80408,M,300.34,309.7,1694,43.16,130,0,0,0,0,0,0
7711,L53341,L,298.86,309.42,1596,30.37,71,0,0,0,0,0,0
7712,L23691,L,300.26,311.32,1214,34.38,76,0,0,0,0,0,0
7713,L14753,L,298.59,310.16,1643,42.56,222,0,0,0,0,0,0
7714,L11833,L,299.66,310.61,1526,48.01,140,0,0,0,0,0,0
7715,L18645,L,299.33,308.6,1460,33.31,217,0,0,0,0,0,0
7716,H50024,H,297.46,309.51,1491,43.1,175,0,0,0,0,0,0
7717,L90598,L,295.3,307.43,1295,43.8,111,0,0,0,0,0,0
7718,H19635,H,298.12,308.93,1566,31.18,65,0,0,0,0,0,0
7719,L30064,L,303.61,313.56,1307,56.65,130,0,0,0,0,0,0
7720,H19940,H,299.38,309.55,1472,32.46,62,0,0,0,0,0,0
7721,L45169,L,301.55,312.05,1472,46.27,14,0,0,0,0,0,0
7722,H88647,H,295.75,306.73,1674,34.82,240,0,0,0,0,0,0
7723,L55200,L,297.98,308.38,1542,35.55,129,0,0,0,0,0,0
7724,M66329,M,297.29,307.13,1662,29.69,188,0,0,0,0,0,0
7725,H61158,H,299.6,311.32,1320,32.71,186,0,0,0,0,0,0
7726,L39739,L,304.5,314.0,1516,35.44,144,0,0,0,0,0,0
7727,L27793,L,300.92,310.57,1630,30.64,229,0,0,0,0,0,0
7728,L93682,L,303.39,314.0,1759,33.33,10,0,0,0,0,0,0
7729,H43677,H,299.49,310.35,1330,30.18,4,0,0,0,0,0,0
7730,L76296,L,302.73,312.71,1384,39.84,69,0,0,0,0,0,0
7731,L33022,L,304.15,314.0,1626,38.81,66,0,0,0,0,0,0
7732,L81148,L,299.78,310.62,1825,26.11,22,0,0,0,0,0,0
7733,L37265,L,298.92,309.4,1586,42.81,95,0,0,0,0,0,0
7734,M10530,M,297.36,307.98,1335,52.03,62,0,0,0,0,0,0
7735,L19551,L,299.38,310.53,1339,29.88,131,0,0,0,0,0,0
7736,M38394,M,300.16,310.79,1559,29.78,238,0,0,0,0,0,0
7737,H52987,H,304.06,314.0,1599,23.82,28,0,0,0,0,0,0
7738,L58984,L,297.41,309.18,1495,42.37,144,0,0,0,0,0,0
7739,M78096,M,300.12,309.4,1341,44.1,222,0,0,0,0,0,0
7740,L94097,L,296.37,305.82,1733,19.82,162,0,0,0,0,0,0
7741,M80639,M,299.15,310.62,1472,32.57,175,0,0,0,0,0,0
7742,L34090,L,300.62,313.74,1630,37.86,84,0,0,0,0,0,0
7743,M93457,M,301.03,312.6,1216,48.46,252,1,0,0,0,1,0
7744,L12781,L,301.18,313.74,1751,42.62,86,0,0,0,0,0,0
7745,L27330,L,300.79,311.06,1412,28.9,47,0,0,0,0,0,0
7746,L15257,L,301.16,311.22,1777,32.17,222,0,0,0,0,0,0
7747,L68642,L,300.09,311.25,1645,26.1,248,0,0,0,0,0,0
7748,M64249,M,297.9,309.56,1278,46.07,52,0,0,0,0,0,0
7749,L61663,L,296.3,305.69,1579,34.64,192,0,0,0,0,0,0
7750,M44956,M,298.91,309.39,1833,33.38,116,0,0,0,0,0,0
7751,L25615,L,299.73,310.4,1427,36.03,202,0,0,0,0,0,0
7752,M10881,M,302.51,312.53,1833,37.21,0,0,0,0,0,0,0
7753,L11847,L,299.8,309.94,1604,29.33,134,0,0,0,0,0,0
7754,L61127,L,299.61,311.15,1776,24.07,232,1,1,0,0,0,0
7755,L97646,L,300.77,311.94,1564,38.7,76,0,0,0,0,0,0
7756,M47336,M,299.46,310.96,1513,55.43,117,0,0,0,0,0,0
7757,L91850,L,301.62,312.66,1866,19.03,83,0,0,0,0,0,0
7758,M49931,M,303.96,313.79,1665,24.57,197,0,0,0,0,0,0
7759,M53924,M,304.38,314.0,1493,40.61,29,0,0,0,0,0,0
7760,L32966,L,300.19,309.94,1611,45.58,112,0,0,0,0,0,0
7761,M54023,M,300.67,311.06,1433,43.04,115,0,0,0,0,0,0
7762,L21320,L,303.16,312.82,1554,31.26,69,0,0,0,0,0,0
7763,L67841,L,299.7,309.79,1750,36.18,97,0,0,0,0,0,0
7764,M75125,M,301.36,312.15,1506,42.96,98,0,0,0,0,0,0
7765,M77752,M,297.73,307.97,1378,34.52,83,0,0,0,0,0,0
7766,M99937,M,299.38,309.2,1361,50.78,165,0,0,0,0,0,0
7767,L71858,L,302.31,314.0,1548,36.69,157,0,0,0,0,0,0
7768,L68714,L,298.56,309.14,1390,23.2,242,1,0,0,1,0,0
7769,L21780,L,299.74,309.92,1277,43.35,96,0,0,0,0,0,0
7770,M86230,M,296.85,306.47,1319,37.25,53,0,0,0,0,0,0
7771,L80345,L,304.01,312.84,1747,43.51,87,0,0,0,0,0,0
7772,M92098,M,302.53,313.0,1509,25.35,222,0,0,0,0,0,0
7773,L11929,L,300.38,309.7,1545,32.6,143,0,0,0,0,0,0
7774,L24244,L,301.02,312.43,1361,44.8,103,0,0,0,0,0,0
7775,L21116,L,300.79,311.52,1430,64.28,15,1,0,0,1,0,0
7776,L97954,L,302.77,314.0,1425,59.88,26,0,0,0,0,0,0
7777,L91243,L,298.96,309.89,1485,38.14,99,0,0,0,0,0,0
7778,M93301,M,301.46,311.44,1236,50.38,21,0,0,0,0,0,0
7779,M45895,M,302.15,310.97,1731,38.08,142,0,0,0,0,0,0
7780,L88636,L,302.43,313.94,1532,27.93,45,0,0,0,0,0,0
7781,L33867,L,295.48,305.0,1571,36.55,128,0,0,0,0,0,0
7782,L11208,L,298.8,309.09,1700,45.14,245,1,0,0,0,1,0
7783,M54085,M,297.96,310.34,1686,35.19,155,0,0,0,0,0,0
7784,L75572,L,300.3,311.61,1431,59.54,160,0,0,0,0,0,0
7785,H75234,H,295.97,307.06,1644,30.97,99,0,0,0,0,0,0
7786,L93748,L,295.91,307.55,1642,34.12,142,0,0,0,0,0,0
7787,L21252,L,304.34,314.0,1592,35.27,222,0,0,0,0,0,0
7788,H95261,H,301.24,313.52,1726,22.4,56,0,0,0,0,0,0
7789,L17006,L,300.24,310.34,1679,43.56,69,0,0,0,0,0,0
7790,L99595,L,300.73,311.05,1666,31.52,195,0,0,0,0,0,0
7791,L80883,L,300.29,310.07,1781,34.25,185,0,0,0,0,0,0
7792,L42171,L,301.99,312.66,1540,31.64,19,0,0,0,0,0,0
7793,L38517,L,298.74,309.3,1545,53.07,3,0,0,0,0,0,0
7794,M34274,M,300.37,309.32,1682,44.55,9,0,0,0,0,0,0
7795,M43577,M,300.45,310.5,1503,38.68,6,0,0,0,0,0,0
7796,L37648,L,297.91,310.05,1622,24.52,218,0,0,0,0,0,0
7797,H79654,H,302.55,313.5,1434,47.38,56,0,0,0,0,0,0
7798,L27910,L,299.11,310.52,1168,62.34,133,0,0,0,0,0,0
7799,L88619,L,302.03,312.61,1643,26.79,54,0,0,0,0,0,0
7800,L59647,L,300.23,309.04,1256,43.97,158,0,0,0,0,0,0
7801,L88723,L,303.27,313.84,1409,41.44,63,0,0,0,0,0,0
7802,L10424,L,297.92,309.66,1683,43.31,163,0,0,0,0,0,0
7803,H61899,H,297.83,307.34,1685,32.72,90,0,0,0,0,0,0
7804,L36641,L,298.19,309.64,1747,40.7,12,0,0,0,0,0,0
7805,L44750,L,300.27,309.26,1171,39.46,74,0,0,0,0,0,0
7806,L91454,L,303.08,313.8,1588,26.56,116,0,0,0,0,0,0
7807,M33154,M,303.19,314.0,1489,56.11,72,0,0,0,0,0,0
7808,M58166,M,295.38,305.77,1713,22.47,199,0,0,0,0,0,0
7809,L21992,L,300.5,313.67,1801,25.84,188,0,0,0,0,0,0
7810,L44001,L,295.0,305.21,1299,52.75,9,0,0,0,0,0,0
7811,L24546,L,301.59,311.71,1538,32.31,193,0,0,0,0,0,0
7812,L51524,L,302.24,313.14,1685,29.27,151,0,0,0,0,0,0
7813,L78555,L,299.92,309.86,1474,36.95,98,0,0,0,0,0,0
7814,L11304,L,300.17,309.43,1849,14.28,161,1,0,0,1,0,0
7815,L59284,L,300.15,309.75,1463,50.14,177,0,0,0,0,0,0
7816,L92368,L,298.43,309.89,1481,40.39,74,0,0,0,0,0,0
7817,L98327,L,300.86,311.26,1342,34.04,115,0,0,0,0,0,0
7818,H20022,H,299.54,311.94,1563,20.93,128,1,0,0,1,0,0
7819,H85886,H,301.86,312.12,1168,32.31,4,0,0,0,0,0,0
7820,L87354,L,299.77,311.18,1490,23.12,154,0,0,0,0,0,0
7821,L43617,L,298.28,309.49,1763,34.34,6,0,0,0,0,0,0
7822,L79498,L,296.93,307.17,1284,47.28,241,1,0,0,0,1,0
7823,L68824,L,296.27,306.09,1244,53.12,100,0,0,0,0,0,0
7824,M80390,M,302.63,311.59,1736,39.05,243,0,0,0,0,0,0
7825,L44307,L,299.08,310.34,1760,37.66,229,1,1,0,0,0,0
7826,M78480,M,300.68,312.58,1291,61.44,0,0,0,0,0,0,0
7827,H32327,H,303.57,312.68,1847,40.29,31,0,0,0,0,0,0
7828,L13244,L,298.87,309.2,1613,44.04,144,0,0,0,0,0,0
7829,L32720,L,298.75,308.78,1724,35.21,17,0,0,0,0,0,0
7830,L35090,L,299.74,310.99,1392,48.56,67,0,0,0,0,0,0
7831,L74277,L,300.06,310.43,1803,28.52,48,0,0,0,0,0,0
7832,L58536,L,303.78,314.0,1487,36.41,12,0,0,0,0,0,0
7833,L17855,L,303.13,313.45,1479,55.42,68,0,0,0,0,0,0
7834,M11601,M,301.24,310.71,1622,30.41,149,0,0,0,0,0,0
7835,L41952,L,302.9,313.13,1464,32.96,153,0,0,0,0,0,0
7836,L60374,L,299.64,309.98,1261,41.31,67,0,0,0,0,0,0
7837,M15690,M,300.6,311.82,1559,31.71,86,0,0,0,0,0,0
7838,M22521,M,299.4,309.72,1478,34.27,132,0,0,0,0,0,0
7839,L86019,L,297.42,308.56,1397,43.5,136,0,0,0,0,0,0
7840,M18058,M,302.41,312.32,1758,34.83,76,0,0,0,0,0,0
7841,L23704,L,301.06,311.47,1966,35.79,61,0,0,0,0,0,0
7842,L68933,L,300.04,309.95,1370,64.72,72,1,0,0,1,0,0
7843,L81101,L,300.0,309.85,1571,33.12,67,0,0,0,0,0,0
7844,L53856,L,296.99,308.96,1463,38.51,217,0,0,0,0,0,0
7845,M47256,M,298.05,308.03,1947,15.91,77,1,0,0,1,0,0
7846,M67352,M,300.67,311.02,1624,23.89,245,0,0,0,0,0,0
7847,M40615,M,298.94,310.69,1702,32.44,1,0,0,0,0,0,0
7848,L11927,L,299.56,311.01,1748,36.58,94,0,0,0,0,0,0
7849,L25512,L,299.79,312.13,1558,41.28,177,0,0,0,0,0,0
7850,L18301,L,298.64,309.82,1501,44.05,50,0,0,0,0,0,0
7851,L96849,L,298.06,308.16,1808,41.64,217,0,0,0,0,0,0
7852,M83993,M,296.78,309.53,1675,48.79,1,0,0,0,0,0,0
7853,M81028,M,299.71,310.99,1383,38.92,168,0,0,0,0,0,0
7854,L78759,L,301.24,311.78,1405,32.61,237,1,1,0,0,0,0
7855,L98047,L,296.71,307.47,1465,45.52,63,0,0,0,0,0,0
7856,L96991,L,299.95,310.83,1744,40.53,171,0,0,0,0,0,0
7857,L73058,L,300.56,311.03,1800,32.91,51,0,0,0,0,0,0
7858,L74926,L,298.02,307.34,1922,28.47,36,0,0,0,0,0,0
7859,L33434,L,302.84,314.0,1407,35.58,65,0,0,0,0,0,0
7860,L40341,L,299.23,309.91,1560,36.33,231,0,0,0,0,0,0
7861,L25007,L,299.8,310.68,1463,45.92,91,0,0,0,0,0,0
7862,L36799,L,299.68,312.46,1502,31.77,183,0,0,0,0,0,0
7863,L65820,L,296.46,306.48,1702,26.92,22,0,0,0,0,0,0
7864,M25674,M,302.02,313.37,1527,43.15,198,0,0,0,0,0,0
7865,L25426,L,298.09,308.0,1772,25.48,166,0,0,0,0,0,0
7866,H82631,H,299.53,310.55,1442,41.23,231,0,0,0,0,0,0
7867,L54791,L,301.2,312.1,1668,35.18,115,0,0,0,0,0,0
7868,L99640,L,302.92,314.0,1455,39.37,85,0,0,0,0,0,0
7869,L13255,L,297.84,309.75,1204,39.93,59,0,0,0,0,0,0
7870,L43826,L,299.11,309.23,1351,60.79,55,0,0,0,0,0,0
7871,M98568,M,302.76,314.0,1557,40.45,119,0,0,0,0,0,0
7872,L14944,L,300.93,313.11,1881,26.54,163,0,0,0,0,0,0
7873,H47826,H,301.34,311.79,1452,42.72,128,0,0,0,0,0,0
7874,M40497,M,297.9,308.59,1505,55.53,97,0,0,0,0,0,0
7875,L37723,L,299.24,309.45,1623,36.09,3,0,0,0,0,0,0
7876,L45287,L,299.66,310.06,1427,55.54,40,0,0,0,0,0,0
7877,M21845,M,298.28,307.78,1448,28.22,98,0,0,0,0,0,0
7878,L99833,L,296.65,308.13,1548,29.14,180,0,0,0,0,0,0
7879,M78106,M,298.98,307.63,1456,18.29,158,1,0,0,1,0,0
7880,L82986,L,302.71,312.71,1214,70.5,160,1,0,0,0,1,0
7881,L95807,L,300.12,310.77,1418,23.22,252,1,0,0,1,0,0
7882,L65569,L,302.75,314.0,1646,36.33,132,0,0,0,0,0,0
7883,L91434,L,300.36,310.51,1651,49.77,170,0,0,0,0,0,0
7884,M89925,M,298.47,309.6,1776,40.1,234,1,1,0,0,0,0
7885,L35463,L,302.56,313.17,1761,35.6,138,0,0,0,0,0,0
7886,M10744,M,300.42,312.07,1373,55.12,31,0,0,0,0,0,0
7887,L98340,L,301.92,313.0,1401,34.07,110,0,0,0,0,0,0
7888,L46282,L,297.86,309.39,1409,45.93,128,0,0,0,0,0,0
7889,L62082,L,302.08,312.23,1508,36.93,42,0,0,0,0,0,0
7890,L64689,L,302.14,311.82,1423,38.93,5,0,0,0,0,0,0
7891,L86407,L,300.58,311.65,1504,39.92,91,0,0,0,0,0,0
7892,L89072,L,298.39,308.6,1378,53.8,208,1,1,0,0,1,0
7893,M98633,M,299.91,310.64,1676,47.57,113,0,0,0,0,0,0
7894,L74766,L,301.22,312.24,1364,39.19,10,0,0,0,0,0,0
7895,L75711,L,300.47,312.41,1355,30.77,168,0,0,0,0,0,0
7896,M13217,M,301.2,312.69,1629,27.97,26,0,0,0,0,0,0
7897,M90642,M,302.02,312.04,1665,51.17,188,0,0,0,0,0,0
7898,L40359,L,298.7,308.26,1494,52.53,75,0,0,0,0,0,0
7899,L63509,L,297.69,310.1,1691,24.63,12,0,0,0,0,0,0
7900,M71970,M,299.92,309.04,1678,48.31,94,0,0,0,0,0,0
7901,L32357,L,299.34,309.59,1877,25.1,34,0,0,0,0,0,0
7902,L52354,L,301.57,312.92,1667,40.08,24,0,0,0,0,0,0
7903,L48570,L,297.85,310.19,1842,25.56,221,0,0,0,0,0,0
7904,M17034,M,302.04,312.55,1546,57.09,35,1,0,0,1,0,0
7905,L26263,L,302.71,313.43,1787,27.49,148,0,0,0,0,0,0
7906,H52180,H,300.0,309.83,1791,23.6,111,0,0,0,0,0,0
7907,L60099,L,300.12,310.95,1509,33.63,54,0,0,0,0,0,0
7908,M84312,M,298.46,308.01,1411,67.27,35,1,0,0,1,0,0
7909,L85348,L,298.91,308.86,1443,42.3,155,0,0,0,0,0,0
7910,L95275,L,299.18,310.65,1610,26.44,154,0,0,0,0,0,0
7911,M36925,M,302.89,313.15,1328,34.64,139,0,0,0,0,0,0
7912,L29575,L,299.86,311.47,1453,22.2,201,1,0,0,1,0,0
7913,L32231,L,297.36,307.9,1751,37.15,25,0,0,0,0,0,0
7914,L86935,L,300.51,309.84,1655,23.8,220,0,0,0,0,0,0
7915,L57731,L,301.65,313.52,1168,62.61,172,0,0,0,0,0,0
7916,L33100,L,299.95,309.33,1295,52.98,133,0,0,0,0,0,0
7917,M20768,M,302.94,313.04,1924,29.04,216,0,0,0,0,0,0
7918,L69337,L,301.56,312.06,1747,42.92,7,0,0,0,0,0,0
7919,L60697,L,297.9,309.61,1430,49.34,74,0,0,0,0,0,0
7920,L21357,L,298.9,309.07,1267,46.99,124,0,0,0,0,0,0
7921,M76973,M,300.45,310.23,1310,35.34,144,0,0,0,0,0,0
7922,M34946,M,296.67,307.53,1627,38.86,165,0,0,0,0,0,0
7923,L96424,L,300.67,311.16,1891,33.39,238,0,0,0,0,0,0
7924,L81038,L,296.48,306.71,1879,34.23,204,1,1,0,0,0,0
7925,H65149,H,302.05,312.96,1251,46.69,168,0,0,0,0,0,0
7926,L15566,L,301.81,311.31,1482,41.83,142,0,0,0,0,0,0
7927,M51576,M,301.01,309.99,1381,44.63,82,0,0,0,0,0,0
7928,M63318,M,298.65,311.49,1560,49.25,82,0,0,0,0,0,0
7929,M79550,M,300.34,311.14,1295,30.14,252,0,0,0,0,0,0
7930,L61408,L,298.97,309.85,1437,29.89,73,0,0,0,0,0,0
7931,M63506,M,297.94,307.86,1379,42.33,27,0,0,0,0,0,0
7932,M89149,M,299.32,310.92,1629,28.49,228,0,0,0,0,0,0
7933,L50167,L,301.4,311.56,1442,41.82,152,0,0,0,0,0,0
7934,L43699,L,300.09,308.0,1468,28.16,78,0,0,0,0,0,0
7935,L59545,L,302.9,313.03,1627,26.81,162,0,0,0,0,0,0
7936,L62429,L,301.53,311.95,1831,47.42,79,1,0,0,1,0,0
7937,L97350,L,301.32,311.85,1916,28.19,36,0,0,0,0,0,0
7938,L33386,L,296.78,307.28,1617,25.06,154,0,0,0,0,0,0
7939,L69273,L,299.43,309.48,1519,36.64,4,0,0,0,0,0,0
7940,L51585,L,297.87,307.83,1772,40.71,186,0,0,0,0,0,0
7941,L17509,L,299.63,310.04,1745,42.73,87,0,0,0,0,0,0
7942,M97852,M,298.61,307.67,1694,21.47,193,0,0,0,0,0,0
7943,H86607,H,299.24,307.99,1251,37.03,103,1,0,1,0,0,0
7944,L88764,L,302.12,312.92,1752,34.51,112,0,0,0,0,0,0
7945,L87150,L,300.95,311.77,1599,35.52,244,0,0,0,0,0,0
7946,L85837,L,302.01,313.59,1374,25.02,226,0,0,0,0,0,0
7947,M73305,M,296.8,307.24,1414,25.95,244,0,0,0,0,0,0
7948,M52851,M,300.12,309.62,1640,25.62,56,0,0,0,0,0,0
7949,H86910,H,301.93,310.69,1168,27.34,188,1,0,1,1,0,0
7950,L44407,L,303.01,312.82,1512,33.54,126,0,0,0,0,0,0
7951,H56606,H,296.9,308.03,1417,52.51,251,1,0,0,0,1,0
7952,L89518,L,299.3,311.44,1399,34.14,250,0,0,0,0,0,0
7953,M55652,M,302.07,312.82,1453,50.11,224,0,0,0,0,0,0
7954,L20248,L,299.62,309.1,1269,45.5,117,0,0,0,0,0,0
7955,M20515,M,298.18,308.0,1724,31.7,233,0,0,0,0,0,0
7956,L20830,L,296.9,306.75,1168,28.63,223,0,0,0,0,0,0
7957,M70631,M,298.1,308.4,1565,47.3,59,0,0,0,0,0,0
7958,M16799,M,296.62,308.44,1382,42.65,191,0,0,0,0,0,0
7959,L84083,L,300.12,312.02,1892,18.17,31,0,0,0,0,0,0
7960,L24328,L,301.79,312.32,1539,40.78,143,0,0,0,0,0,0
7961,M22679,M,297.48,308.36,1168,41.85,108,0,0,0,0,0,0
7962,L31058,L,300.52,310.42,1633,35.61,229,1,1,0,0,0,0
7963,L56696,L,301.69,310.68,1338,45.38,108,0,0,0,0,0,0
7964,L95442,L,299.99,312.48,1712,43.63,43,0,0,0,0,0,0
7965,L48872,L,296.78,305.16,1646,25.0,214,1,1,0,0,0,0
7966,L64971,L,300.77,309.64,1800,36.38,89,0,0,0,0,0,0
7967,L92083,L,299.89,312.39,1569,48.65,121,0,0,0,0,0,0
7968,L33306,L,299.69,310.4,1682,55.51,68,1,0,0,1,0,0
7969,L38210,L,298.91,308.48,1543,46.89,188,0,0,0,0,0,0
7970,M55693,M,300.17,311.56,1429,43.72,70,0,0,0,0,0,0
7971,H38239,H,301.02,312.49,1727,35.46,161,0,0,0,0,0,0
7972,M78917,M,304.5,313.87,1314,60.55,241,1,0,0,0,1,0
7973,L17447,L,300.22,310.39,1528,34.8,201,1,1,0,0,0,0
7974,H95904,H,303.02,314.0,1433,47.95,119,0,0,0,0,0,0
7975,L30271,L,300.72,310.6,1687,52.61,85,1,0,0,1,0,0
7976,L75875,L,299.8,310.78,1365,40.84,20,0,0,0,0,0,0
7977,H95510,H,300.3,312.42,1461,19.47,146,1,0,0,1,0,0
7978,M66843,M,297.56,305.86,1543,29.14,51,0,0,0,0,0,0
7979,M36221,M,300.61,310.97,1803,34.11,119,0,0,0,0,0,0
7980,M74388,M,296.02,306.98,1439,31.48,169,0,0,0,0,0,0
7981,L66467,L,298.27,307.18,1463,35.77,38,0,0,0,0,0,0
7982,L83269,L,300.22,310.39,1292,41.07,44,0,0,0,0,0,0
7983,M80585,M,302.39,314.0,1358,48.11,88,0,0,0,0,0,0
7984,L53086,L,302.86,312.86,1609,27.18,140,0,0,0,0,0,0
7985,L96624,L,299.53,308.74,1541,31.76,170,0,0,0,0,0,0
7986,M91144,M,300.31,312.14,1544,50.17,82,0,0,0,0,0,0
7987,M10638,M,301.97,313.11,1848,27.26,117,0,0,0,0,0,0
7988,L83245,L,297.34,307.97,1234,54.86,198,0,0,0,0,0,0
7989,M80679,M,300.81,311.41,1952,29.45,222,0,0,0,0,0,0
7990,M72934,M,298.34,310.07,1747,32.61,193,0,0,0,0,0,0
7991,M76760,M,299.66,310.65,1476,45.97,107,0,0,0,0,0,0
7992,L57234,L,299.08,310.43,1605,19.07,172,1,0,0,1,0,0
7993,L71049,L,300.87,310.88,1412,45.07,131,0,0,0,0,0,0
7994,L73843,L,301.1,309.88,1592,40.95,128,0,0,0,0,0,0
7995,L58047,L,301.78,313.1,1922,36.13,243,0,0,0,0,0,0
7996,L19741,L,300.7,312.5,1419,36.6,110,0,0,0,0,0,0
7997,L73004,L,300.34,310.82,1493,38.38,127,0,0,0,0,0,0
7998,L71489,L,303.71,314.0,1399,15.85,59,1,0,0,1,0,0
7999,H32991,H,296.95,307.32,1428,33.41,49,0,0,0,0,0,0
8000,L36081,L,303.39,314.0,1463,40.9,86,0,0,0,0,0,0
8001,M67304,M,299.42,311.87,1338,58.57,46,0,0,0,0,0,0
8002,M25642,M,301.14,311.55,1488,56.29,16,0,0,0,0,0,0
8003,L85103,L,299.35,309.7,1545,33.91,85,0,0,0,0,0,0
8004,H27399,H,298.59,307.42,1462,47.74,162,0,0,0,0,0,0
8005,L43103,L,300.97,312.36,1168,47.25,7,0,0,0,0,0,0
8006,L25330,L,302.08,312.07,1507,22.66,55,0,0,0,0,0,0
8007,M26464,M,300.95,311.79,1526,43.21,187,0,0,0,0,0,0
8008,L12134,L,298.92,309.3,1877,44.51,182,0,0,0,0,0,0
8009,M59409,M,304.5,314.0,1540,33.66,6,0,0,0,0,0,0
8010,L10184,L,302.4,312.98,1703,26.01,64,0,0,0,0,0,0
8011,M59274,M,301.87,312.53,1458,39.95,24,0,0,0,0,0,0
8012,L82799,L,299.29,311.17,1769,31.4,242,0,0,0,0,0,0
8013,M65810,M,298.75,310.97,1365,69.36,23,1,0,0,1,0,0
8014,L88727,L,299.44,310.79,1626,44.1,113,0,0,0,0,0,0
8015,M79050,M,302.16,314.0,1686,35.08,96,0,0,0,0,0,0
8016,M42734,M,298.02,309.57,1660,9.53,202,1,0,0,1,0,0
8017,L81613,L,297.86,309.06,1925,28.7,95,0,0,0,0,0,0
8018,M60546,M,301.08,313.23,1430,58.63,92,0,0,0,0,0,0
8019,L45120,L,300.64,310.03,1789,32.66,64,0,0,0,0,0,0
8020,M58484,M,298.46,308.47,1743,39.63,46,0,0,0,0,0,0
8021,L70563,L,297.82,307.7,1544,40.75,135,0,0,0,0,0,0
8022,M85036,M,302.88,313.27,1866,26.97,172,0,0,0,0,0,0
8023,M90528,M,300.71,312.1,1509,54.04,156,0,0,0,0,0,0
8024,L65113,L,297.27,306.86,1539,38.99,30,0,0,0,0,0,0
8025,L63096,L,297.41,308.62,1534,30.75,56,0,0,0,0,0,0
8026,L20133,L,299.28,309.39,1306,44.11,226,0,0,0,0,0,0
8027,M16405,M,301.47,311.82,1672,46.5,134,0,0,0,0,0,0
8028,L40269,L,301.19,312.09,1644,21.96,158,0,0,0,0,0,0
8029,L92410,L,302.26,314.0,1516,40.34,108,0,0,0,0,0,0
8030,M27085,M,297.02,307.01,1852,31.5,241,0,0,0,0,0,0
8031,L45702,L,300.45,311.07,1456,24.2,187,0,0,0,0,0,0
8032,M89883,M,302.85,312.47,1224,55.8,183,0,0,0,0,0,0
8033,L23502,L,302.67,312.64,1877,32.48,159,0,0,0,0,0,0
8034,L56479,L,300.72,310.33,1717,40.7,93,0,0,0,0,0,0
8035,M89384,M,304.5,314.0,1648,44.67,60,0,0,0,0,0,0
8036,L97957,L,301.22,312.34,1474,38.33,188,0,0,0,0,0,0
8037,L24426,L,302.09,313.47,1597,30.9,75,0,0,0,0,0,0
8038,M80231,M,300.09,310.04,1308,28.2,98,0,0,0,0,0,0
8039,L25860,L,298.44,309.65,1494,32.16,191,0,0,0,0,0,0
8040,H56865,H,298.25,309.06,1372,41.86,9,0,0,0,0,0,0
8041,H57404,H,300.36,311.01,1582,27.49,153,0,0,0,0,0,0
8042,L67423,L,299.58,309.04,1701,38.59,68,0,0,0,0,0,0
8043,L84379,L,296.46,307.32,1346,32.94,86,0,0,0,0,0,0
8044,M41152,M,297.95,308.83,1665,19.24,72,1,0,0,1,0,0
8045,L91109,L,299.36,310.16,1571,31.2,96,0,0,0,0,0,0
8046,L40737,L,301.45,312.55,1658,36.15,253,0,0,0,0,0,0
8047,M64325,M,299.97,311.36,1491,26.32,36,0,0,0,0,0,0
8048,L48767,L,299.86,309.46,1662,26.82,157,0,0,0,0,0,0
8049,M51705,M,298.03,308.51,1410,34.24,96,0,0,0,0,0,0
8050,L12002,L,300.05,311.26,1232,40.7,1,0,0,0,0,0,0
8051,L92159,L,302.64,313.07,1273,48.35,41,0,0,0,0,0,0
8052,L70237,L,300.31,311.97,1445,45.99,195,0,0,0,0,0,0
8053,H65713,H,296.99,307.78,1245,40.57,217,0,0,0,0,0,0
8054,M51815,M,297.5,306.24,1814,23.38,93,0,0,0,0,0,0
8055,M74997,M,301.18,312.72,1520,38.98,162,0,0,0,0,0,0
8056,L70859,L,299.55,310.13,1700,38.06,137,0,0,0,0,0,0
8057,L73236,L,299.85,308.78,1677,47.96,30,0,0,0,0,0,0
8058,L97787,L,298.77,309.22,1536,47.99,206,0,0,0,0,0,0
8059,L88243,L,301.01,310.44,2172,18.08,212,1,1,0,0,0,0
8060,L99653,L,299.4,310.85,2062,26.81,5,0,0,0,0,0,0
8061,M32743,M,299.63,310.29,1786,35.75,64,0,0,0,0,0,0
8062,L66739,L,298.3,308.07,1372,32.88,248,0,0,0,0,0,0
8063,H86326,H,301.84,313.35,1793,29.15,201,1,1,0,0,0,0
8064,L91132,L,299.56,310.72,1220,54.86,129,0,0,0,0,0,0
8065,H40339,H,301.22,311.68,1786,34.08,247,0,0,0,0,0,0
8066,L44121,L,297.61,307.07,1168,49.08,136,0,0,0,0,0,0
8067,L52995,L,303.47,313.33,1478,32.44,80,0,0,0,0,0,0
8068,L62032,L,302.55,312.4,1753,20.88,79,0,0,0,0,0,0
8069,L59831,L,296.18,307.63,1604,32.92,193,0,0,0,0,0,0
8070,L51446,L,298.4,307.42,1269,44.13,79,0,0,0,0,0,0
8071,L55678,L,300.96,311.61,1566,23.16,98,0,0,0,0,0,0
8072,L30698,L,297.36,307.81,1604,36.14,58,0,0,0,0,0,0
8073,M90252,M,299.74,311.47,1572,40.02,120,0,0,0,0,0,0
8074,M93404,M,300.85,311.79,1462,32.42,219,1,1,0,0,0,0
8075,M57918,M,299.63,310.87,1689,37.35,242,0,0,0,0,0,0
8076,L67235,L,301.08,311.25,1741,35.18,140,0,0,0,0,0,0
8077,M16125,M,298.61,308.08,1507,35.12,5,0,0,0,0,0,0
8078,L57511,L,295.51,305.89,1809,28.39,152,0,0,0,0,0,0
8079,L39046,L,301.96,313.44,1507,34.87,190,0,0,0,0,0,0
8080,L98296,L,301.95,313.43,1447,31.12,186,0,0,0,0,0,0
8081,L20114,L,304.5,314.0,1779,34.98,230,0,0,0,0,0,0
8082,L10637,L,295.59,305.42,1773,25.49,89,0,0,0,0,0,0
8083,L48634,L,301.5,311.14,1423,32.39,107,0,0,0,0,0,0
8084,L98713,L,296.06,306.63,1397,46.1,173,0,0,0,0,0,0
8085,M45776,M,303.51,314.0,1853,29.06,245,0,0,0,0,0,0
8086,M33600,M,300.98,313.15,1517,38.36,142,0,0,0,0,0,0
8087,H91787,H,298.1,308.92,1536,21.35,65,1,0,0,1,0,0
8088,M36809,M,301.56,312.87,1490,33.43,85,0,0,0,0,0,0
8089,L33756,L,298.89,308.81,1773,45.9,41,0,0,0,0,0,0
8090,M69469,M,300.6,311.34,1921,16.55,219,1,0,0,1,0,0
8091,M48368,M,300.41,311.25,1548,53.22,144,0,0,0,0,0,0
8092,L87185,L,303.49,314.0,1970,30.98,126,0,0,0,0,0,0
8093,L86902,L,303.63,314.0,1435,34.6,22,0,0,0,0,0,0
8094,H21880,H,298.81,309.63,1484,36.63,142,0,0,0,0,0,0
8095,L93319,L,302.12,313.3,1656,45.24,165,0,0,0,0,0,0
8096,H67155,H,300.71,312.58,1388,17.78,55,1,0,0,1,0,0
8097,L97762,L,297.17,305.61,1654,46.9,161,0,0,0,0,0,0
8098,L75316,L,298.61,310.42,1442,42.38,221,0,0,0,0,0,0
8099,L80856,L,304.5,313.49,1257,57.11,64,0,0,0,0,0,0
8100,L18727,L,300.72,311.72,1221,26.41,104,1,0,0,1,0,0
8101,M87260,M,302.0,314.0,1477,36.59,79,0,0,0,0,0,0
8102,H49211,H,299.58,310.23,1610,14.87,216,1,0,0,1,0,0
8103,L95469,L,298.92,309.8,1290,57.71,111,0,0,0,0,0,0
8104,L88930,L,300.05,310.44,1567,27.58,237,0,0,0,0,0,0
8105,M51417,M,299.47,310.84,1568,27.44,249,0,0,0,0,0,0
8106,M94658,M,297.01,308.08,1505,19.66,86,1,0,0,1,0,0
8107,L72827,L,297.99,308.02,1368,46.53,224,1,1,0,0,0,0
8108,L41437,L,301.42,312.0,1578,36.96,33,0,0,0,0,0,0
8109,M30519,M,299.24,308.82,1509,30.86,200,0,0,0,0,0,0
8110,M17983,M,300.05,310.63,1712,35.67,143,0,0,0,0,0,0
8111,L54656,L,300.47,310.75,1302,35.42,100,0,0,0,0,0,0
8112,L15635,L,300.63,311.46,1556,20.63,177,1,0,0,1,0,0
8113,H29622,H,302.29,312.28,1306,39.88,111,0,0,0,0,0,0
8114,M84975,M,297.8,308.29,1492,54.18,196,0,0,0,0,0,0
8115,L70666,L,301.14,311.85,1338,53.23,240,1,1,0,0,1,0
8116,L66005,L,301.51,312.29,1370,46.59,169,0,0,0,0,0,0
8117,M21403,M,301.97,312.95,1534,39.62,189,0,0,0,0,0,0
8118,L70477,L,297.17,307.7,1433,36.35,11,0,0,0,0,0,0
8119,L75035,L,300.51,310.42,1799,37.71,196,0,0,0,0,0,0
8120,L42903,L,303.43,314.0,1747,37.43,86,0,0,0,0,0,0
8121,L17311,L,299.8,310.32,1680,33.4,71,0,0,0,0,0,0
8122,M60611,M,300.97,312.69,1676,35.88,234,1,1,0,0,0,0
8123,L30615,L,301.56,313.41,1558,22.0,226,1,1,0,0,0,0
8124,M66808,M,297.95,307.28,1770,28.49,127,0,0,0,0,0,0
8125,L43580,L,303.67,314.0,1482,27.13,79,0,0,0,0,0,0
8126,L67052,L,301.0,312.52,1916,20.84,83,0,0,0,0,0,0
8127,L52898,L,301.04,310.39,1365,46.9,27,0,0,0,0,0,0
8128,H33952,H,296.68,307.96,1332,29.42,157,0,0,0,0,0,0
8129,M92790,M,301.59,313.19,1284,53.2,202,0,0,0,0,0,0
8130,L25227,L,301.01,310.76,1315,54.8,49,0,0,0,0,0,0
8131,M23760,M,303.25,313.71,1242,45.43,144,0,0,0,0,0,0
8132,M18826,M,299.38,310.26,1574,30.9,137,0,0,0,0,0,0
8133,H89475,H,298.02,309.3,1689,42.67,215,0,0,0,0,0,0
8134,L93213,L,298.64,308.35,1541,42.31,246,0,0,0,0,0,0
8135,M70432,M,298.99,310.85,1286,57.88,94,0,0,0,0,0,0
8136,L83996,L,297.76,306.43,1450,28.82,10,0,0,0,0,0,0
8137,L68204,L,302.58,314.0,1686,31.76,174,0,0,0,0,0,0
8138,H18673,H,302.66,313.91,1473,36.76,135,0,0,0,0,0,0
8139,L46158,L,299.61,309.69,1391,43.34,30,0,0,0,0,0,0
8140,L84989,L,299.21,310.78,1263,52.47,100,0,0,0,0,0,0
8141,L25904,L,296.37,306.02,1459,40.63,164,0,0,0,0,0,0
8142,M25396,M,301.39,312.21,1409,54.26,160,0,0,0,0,0,0
8143,M97469,M,303.31,314.0,1519,34.18,136,0,0,0,0,0,0
8144,L64039,L,298.73,309.66,1621,26.08,173,0,0,0,0,0,0
8145,H14334,H,299.77,309.63,1484,32.18,250,0,0,0,0,0,0
8146,L37268,L,300.87,311.07,1568,29.32,130,0,0,0,0,0,0
8147,L74636,L,303.45,314.0,1620,31.34,240,1,1,0,0,0,0
8148,H32068,H,300.4,310.37,1314,40.68,12,0,0,0,0,0,0
8149,L38247,L,300.39,311.36,1874,28.83,243,0,0,0,0,0,0
8150,L75121,L,300.36,310.44,1402,43.25,155,0,0,0,0,0,0
8151,L98670,L,297.15,308.85,1628,31.14,51,0,0,0,0,0,0
8152,M26285,M,297.11,309.37,1331,54.35,188,0,0,0,0,0,0
8153,L96903,L,298.38,308.79,1555,18.99,151,1,0,0,1,0,0
8154,H34136,H,302.03,313.65,1561,16.27,9,1,0,0,1,0,0
8155,M70378,M,299.33,309.82,1834,39.07,169,0,0,0,0,0,0
8156,L47787,L,298.94,308.7,1493,47.22,164,0,0,0,0,0,0
8157,M34425,M,298.91,309.18,1769,42.42,14,0,0,0,0,0,0
8158,L28961,L,299.72,310.51,1587,41.84,105,0,0,0,0,0,0
8159,L43443,L,303.4,312.32,1868,30.69,155,0,0,0,0,0,0
8160,M28823,M,299.7,311.02,1215,44.13,164,0,0,0,0,0,0
8161,H85409,H,298.43,309.21,1622,21.18,192,0,0,0,0,0,0
8162,L81123,L,300.05,311.75,1168,50.87,140,0,0,0,0,0,0
8163,L35852,L,303.51,314.0,1525,24.08,58,0,0,0,0,0,0
8164,L47535,L,298.99,309.81,1719,53.89,195,1,0,0,1,0,0
8165,L17004,L,297.64,307.98,1795,23.68,55,0,0,0,0,0,0
8166,L37823,L,299.0,311.22,1668,33.7,231,0,0,0,0,0,0
8167,L64086,L,300.26,313.13,1483,53.2,29,0,0,0,0,0,0
8168,M17131,M,301.38,311.74,1633,31.87,243,0,0,0,0,0,0
8169,L93232,L,302.01,313.76,1988,26.23,63,0,0,0,0,0,0
8170,L35649,L,297.91,307.9,1549,13.07,66,1,0,0,1,0,0
8171,M14099,M,298.1,308.21,1708,22.56,19,0,0,0,0,0,0
8172,M60806,M,299.35,309.67,1458,44.82,245,0,0,0,0,0,0
8173,L41571,L,301.37,312.75,1728,47.03,98,0,0,0,0,0,0
8174,L40580,L,297.48,307.11,1698,26.22,253,0,0,0,0,0,0
8175,M91118,M,298.79,311.04,1425,42.18,26,0,0,0,0,0,0
8176,L36469,L,298.81,310.45,1675,57.37,111,1,0,0,1,0,0
8177,L75179,L,301.88,313.25,1683,38.86,139,0,0,0,0,0,0
8178,M97938,M,301.06,311.46,1668,42.73,108,0,0,0,0,0,0
8179,L34236,L,301.81,313.34,1528,30.32,242,0,0,0,0,0,0
8180,L35110,L,302.68,310.46,1756,45.29,40,0,0,0,0,0,0
8181,L33430,L,299.39,310.53,1367,34.67,207,1,1,0,0,0,0
8182,L54407,L,297.63,308.49,1537,29.19,223,1,1,0,0,0,0
8183,L47948,L,297.64,306.45,1555,50.47,50,0,0,0,0,0,0
8184,H93299,H,296.32,307.43,1746,27.59,96,0,0,0,0,0,0
8185,L92565,L,299.08,310.37,1361,42.06,79,0,0,0,0,0,0
8186,L67367,L,299.23,308.08,1578,51.06,28,0,0,0,0,0,0
8187,L48180,L,301.58,311.09,1446,30.56,90,0,0,0,0,0,0
8188,H14652,H,300.03,312.8,1555,34.67,222,0,0,0,0,0,0
8189,L82370,L,299.02,309.53,1606,30.24,50,0,0,0,0,0,0
8190,L98023,L,299.77,311.44,1305,40.3,58,0,0,0,0,0,0
8191,M17084,M,297.92,309.75,1763,32.83,87,0,0,0,0,0,0
8192,L55630,L,302.05,313.14,1612,47.45,127,0,0,0,0,0,0
8193,L63276,L,298.43,310.15,1380,58.55,158,0,0,0,0,0,0
8194,L90228,L,297.72,306.31,1474,40.4,136,0,0,0,0,0,0
8195,L12655,L,301.64,312.11,1804,25.99,108,0,0,0,0,0,0
8196,L67752,L,301.15,308.77,1610,41.62,227,1,1,0,0,0,0
8197,M57670,M,296.55,305.51,1361,42.14,197,0,0,0,0,0,0
8198,L15272,L,301.71,311.86,1394,41.49,29,0,0,0,0,0,0
8199,L10218,L,298.52,308.55,1647,25.81,89,0,0,0,0,0,0
8200,L47471,L,299.25,309.99,1669,20.45,39,0,0,0,0,0,0
8201,L58762,L,300.37,311.05,1600,35.63,6,0,0,0,0,0,0
8202,L31515,L,301.17,312.01,1483,28.31,199,0,0,0,0,0,0
8203,H44307,H,300.89,311.77,1681,29.57,186,0,0,0,0,0,0
8204,L88681,L,299.9,310.93,1479,53.1,138,0,0,0,0,0,0
8205,M27986,M,299.15,308.89,1381,40.76,2,0,0,0,0,0,0
8206,L94624,L,300.82,310.8,1821,40.18,131,0,0,0,0,0,0
8207,L80600,L,299.76,310.43,1623,37.92,252,0,0,0,0,0,0
8208,L64888,L,303.61,314.0,1394,47.11,224,1,1,0,0,0,0
8209,L97732,L,301.17,310.79,1559,31.69,19,0,0,0,0,0,0
8210,L21603,L,298.15,309.93,1540,47.93,4,0,0,0,0,0,0
8211,L78024,L,299.04,310.47,1472,41.95,161,0,0,0,0,0,0
8212,M38897,M,300.1,309.94,1577,33.93,141,0,0,0,0,0,0
8213,L28802,L,302.6,313.09,1368,45.14,140,0,0,0,0,0,0
8214,L26411,L,302.82,314.0,1692,27.8,188,0,0,0,0,0,0
8215,L70399,L,299.21,310.07,1534,34.61,176,0,0,0,0,0,0
8216,L70692,L,298.13,309.23,1245,45.37,44,0,0,0,0,0,0
8217,L67676,L,297.88,307.97,1494,33.31,52,0,0,0,0,0,0
8218,L22770,L,300.5,310.89,1424,55.91,23,0,0,0,0,0,0
8219,L83513,L,304.5,314.0,1168,43.96,221,0,0,0,0,0,0
8220,M47429,M,301.08,311.89,1507,57.82,190,1,0,0,1,0,0
8221,M69429,M,296.81,307.44,1722,33.84,231,0,0,0,0,0,0
8222,L80085,L,298.55,309.26,1516,35.59,202,0,0,0,0,0,0
8223,L30337,L,298.75,312.0,1662,30.12,8,0,0,0,0,0,0
8224,M96181,M,298.36,309.1,1537,41.23,190,0,0,0,0,0,0
8225,L34507,L,299.22,309.09,1453,48.25,55,0,0,0,0,0,0
8226,L69596,L,300.74,310.78,1403,14.92,76,1,0,0,1,0,0
8227,L80509,L,301.36,312.84,1304,43.99,76,0,0,0,0,0,0
8228,L18436,L,302.18,311.46,1702,16.94,223,1,1,0,1,0,0
8229,L20086,L,301.05,312.2,1667,42.82,198,0,0,0,0,0,0
8230,L93276,L,296.09,306.07,1485,48.23,127,0,0,0,0,0,0
8231,L29851,L,297.89,306.73,1171,49.45,202,0,0,0,0,0,0
8232,L49732,L,299.68,309.4,1620,37.21,254,0,0,0,0,0,0
8233,M24842,M,300.29,311.02,1372,26.83,127,0,0,0,0,0,0
8234,L11745,L,301.72,313.82,1561,31.68,112,0,0,0,0,0,0
8235,L22697,L,300.09,311.7,1258,38.59,41,0,0,0,0,0,0
8236,L13879,L,300.1,310.51,1552,32.78,0,0,0,0,0,0,0
8237,M95697,M,300.48,312.15,1511,46.18,63,0,0,0,0,0,0
8238,M28499,M,299.49,309.83,1168,64.77,219,1,1,0,0,1,0
8239,M98177,M,300.17,309.41,1826,36.16,71,0,0,0,0,0,0
8240,L45035,L,302.25,312.97,1476,35.67,14,0,0,0,0,0,0
8241,M28651,M,299.83,309.03,1488,31.32,68,0,0,0,0,0,0
8242,M85224,M,299.94,311.43,1631,35.92,149,0,0,0,0,0,0
8243,L86524,L,299.93,311.44,1526,40.33,147,0,0,0,0,0,0
8244,L99006,L,302.6,312.42,1601,33.82,195,0,0,0,0,0,0
8245,L47249,L,297.78,308.63,1329,36.01,249,0,0,0,0,0,0
8246,M33849,M,303.55,314.0,1509,43.8,44,0,0,0,0,0,0
8247,L83309,L,297.65,309.22,1191,56.67,88,0,0,0,0,0,0
8248,L39076,L,298.69,308.15,1492,25.8,79,0,0,0,0,0,0
8249,H80123,H,301.49,312.79,1795,28.86,167,0,0,0,0,0,0
8250,M43124,M,302.06,311.44,1264,54.15,173,0,0,0,0,0,0
8251,H25787,H,297.19,308.67,1472,48.55,90,0,0,0,0,0,0
8252,H63462,H,297.81,309.58,1168,49.85,62,0,0,0,0,0,0
8253,L95984,L,300.56,310.59,1536,40.7,92,0,0,0,0,0,0
8254,M81035,M,304.5,314.0,1619,37.63,139,0,0,0,0,0,0
8255,L13841,L,302.49,311.62,1604,44.24,179,0,0,0,0,0,0
8256,M54890,M,299.5,311.3,1427,29.02,6,0,0,0,0,0,0
8257,L35402,L,295.16,307.3,1168,52.34,215,1,0,0,0,1,0
8258,H98591,H,300.16,311.21,1312,33.98,54,0,0,0,0,0,0
8259,M76201,M,300.72,311.23,1761,41.38,132,0,0,0,0,0,0
8260,M33237,M,299.23,310.25,1693,24.89,46,0,0,0,0,0,0
8261,L52988,L,298.3,308.39,1519,41.58,233,0,0,0,0,0,0
8262,L86310,L,300.32,313.64,1564,28.54,96,0,0,0,0,0,0
8263,M10553,M,298.12,308.23,1350,50.42,165,0,0,0,0,0,0
8264,L23860,L,303.74,314.0,1767,35.98,103,0,0,0,0,0,0
8265,M17045,M,303.03,312.99,1406,43.21,42,0,0,0,0,0,0
8266,L84916,L,301.32,313.61,1614,52.91,197,0,0,0,0,0,0
8267,M66435,M,300.18,312.89,1296,36.45,135,0,0,0,0,0,0
8268,L42261,L,298.68,309.77,1503,46.95,85,0,0,0,0,0,0
8269,M88879,M,299.96,310.95,1760,42.1,177,0,0,0,0,0,0
8270,M12853,M,303.28,313.02,1365,51.71,117,0,0,0,0,0,0
8271,L85664,L,301.74,311.36,1670,28.5,77,0,0,0,0,0,0
8272,L58022,L,300.41,311.41,1340,40.24,136,0,0,0,0,0,0
8273,L12736,L,301.85,314.0,1373,35.42,140,0,0,0,0,0,0
8274,L43724,L,301.09,311.24,1533,34.59,49,0,0,0,0,0,0
8275,L21440,L,300.79,313.7,1710,26.46,95,0,0,0,0,0,0
8276,M80716,M,301.96,312.05,1481,35.17,77,0,0,0,0,0,0
8277,L40284,L,301.03,311.96,1646,47.57,162,0,0,0,0,0,0
8278,L21646,L,301.72,312.65,1741,30.28,24,0,0,0,0,0,0
8279,L94565,L,300.32,310.92,1396,42.12,188,0,0,0,0,0,0
8280,L95694,L,299.49,308.15,1260,37.21,30,1,0,1,0,0,0
8281,L24342,L,298.9,308.98,1471,38.8,246,0,0,0,0,0,0
8282,H75620,H,298.67,309.57,1764,39.19,48,0,0,0,0,0,0
8283,M74261,M,296.79,307.39,1389,46.31,170,0,0,0,0,0,0
8284,L11935,L,298.18,309.51,1718,45.18,44,0,0,0,0,0,0
8285,L52376,L,298.12,309.58,1488,26.86,115,0,0,0,0,0,0
8286,M84798,M,298.99,309.45,1851,25.1,211,1,1,0,0,0,0
8287,L87140,L,303.12,312.86,1939,26.5,233,0,0,0,0,0,0
8288,L52481,L,299.68,311.93,1721,45.99,100,0,0,0,0,0,0
8289,L98669,L,300.48,309.83,1239,49.71,6,0,0,0,0,0,0
8290,L65721,L,300.55,310.65,1168,31.68,244,0,0,0,0,0,0
8291,H12838,H,303.18,313.03,1546,47.18,201,1,1,0,0,0,0
8292,M45330,M,298.85,310.3,1698,34.66,133,0,0,0,0,0,0
8293,L88976,L,299.55,311.57,1625,43.1,216,0,0,0,0,0,0
8294,L46994,L,299.79,310.31,1405,56.93,49,0,0,0,0,0,0
8295,M40384,M,302.27,313.2,1268,34.16,197,0,0,0,0,0,0
8296,M55378,M,302.69,313.82,1702,46.98,44,0,0,0,0,0,0
8297,M42643,M,300.95,313.45,1870,30.08,181,0,0,0,0,0,0
8298,M26926,M,302.47,311.39,1414,36.32,123,0,0,0,0,0,0
8299,L48977,L,300.36,311.8,1684,35.35,144,0,0,0,0,0,0
8300,M33652,M,299.65,310.73,2004,20.07,85,0,0,0,0,0,0
8301,M73295,M,302.36,312.69,1501,37.99,86,0,0,0,0,0,0
8302,L20270,L,300.98,312.0,1504,35.77,156,0,0,0,0,0,0
8303,M92804,M,298.53,309.97,1636,26.81,191,0,0,0,0,0,0
8304,L71630,L,301.99,313.28,1484,32.37,198,0,0,0,0,0,0
8305,L46417,L,299.58,312.44,1776,41.44,98,0,0,0,0,0,0
8306,L56894,L,299.34,310.17,1462,37.44,119,0,0,0,0,0,0
8307,L66042,L,301.79,312.51,1529,28.28,102,0,0,0,0,0,0
8308,L73253,L,299.82,310.34,1275,49.96,115,0,0,0,0,0,0
8309,L58841,L,300.78,312.03,1493,45.74,147,0,0,0,0,0,0
8310,L62723,L,301.32,311.99,1354,42.31,25,0,0,0,0,0,0
8311,L30317,L,298.43,309.15,1597,24.8,220,0,0,0,0,0,0
8312,L65008,L,300.77,311.49,1235,16.85,156,1,0,0,1,0,0
8313,L46434,L,302.7,313.26,1711,25.94,6,0,0,0,0,0,0
8314,M56125,M,298.09,308.18,1378,52.53,126,0,0,0,0,0,0
8315,L90984,L,300.9,312.02,1856,38.3,161,0,0,0,0,0,0
8316,L85449,L,298.34,308.76,1782,25.76,4,0,0,0,0,0,0
8317,M84102,M,302.04,313.36,1631,33.05,204,1,1,0,0,0,0
8318,M91141,M,302.02,312.83,1258,53.48,133,0,0,0,0,0,0
8319,M10557,M,299.29,309.6,1422,38.9,223,1,1,0,0,0,0
8320,L54383,L,304.42,314.0,1374,51.47,227,1,0,0,0,1,0
8321,L16040,L,302.21,312.81,1396,40.04,32,0,0,0,0,0,0
8322,M56652,M,301.41,312.74,1819,35.29,170,0,0,0,0,0,0
8323,L70941,L,301.3,311.3,1508,34.94,186,0,0,0,0,0,0
8324,L97340,L,301.97,310.64,1417,32.52,32,0,0,0,0,0,0
8325,L84828,L,298.01,308.14,1400,52.84,210,1,0,0,0,1,0
8326,M36110,M,300.39,308.95,1439,24.86,104,0,0,0,0,0,0
8327,L15349,L,300.77,311.23,1631,29.86,188,0,0,0,0,0,0
8328,H40374,H,299.2,311.37,1242,45.04,145,0,0,0,0,0,0
8329,M94545,M,300.93,310.72,1553,44.82,141,0,0,0,0,0,0
8330,L52591,L,302.46,311.06,1611,27.75,148,0,0,0,0,0,0
8331,M10057,M,299.16,311.36,1223,48.35,166,0,0,0,0,0,0
8332,M84039,M,299.89,310.12,1280,29.25,161,0,0,0,0,0,0
8333,M74578,M,298.36,309.04,1526,41.67,158,0,0,0,0,0,0
8334,L29121,L,296.43,307.91,1794,46.49,80,0,0,0,0,0,0
8335,M15493,M,301.56,312.78,1751,16.69,134,1,0,0,1,0,0
8336,L77818,L,299.95,311.4,1425,32.88,84,0,0,0,0,0,0
8337,H98706,H,300.1,311.7,1789,38.73,70,0,0,0,0,0,0
8338,L11431,L,298.03,306.98,1477,67.32,128,1,0,0,1,0,0
8339,L70469,L,299.63,308.91,1476,44.53,85,0,0,0,0,0,0
8340,M72241,M,302.19,314.0,1552,30.19,21,0,0,0,0,0,0
8341,M55294,M,300.0,309.92,1686,32.72,86,0,0,0,0,0,0
8342,L96127,L,300.06,310.09,1425,27.87,91,0,0,0,0,0,0
8343,L21351,L,300.42,309.85,1463,47.03,190,0,0,0,0,0,0
8344,L42483,L,297.53,307.82,1310,55.16,231,1,0,0,0,1,0
8345,H41195,H,301.25,311.6,1598,48.45,189,0,0,0,0,0,0
8346,M32735,M,297.49,307.25,1703,30.87,45,0,0,0,0,0,0
8347,M25203,M,298.12,307.77,1714,26.68,56,0,0,0,0,0,0
8348,L13974,L,297.9,308.92,1289,61.06,221,1,1,0,0,1,0
8349,L95222,L,299.65,309.54,1466,52.57,172,0,0,0,0,0,0
8350,M49713,M,299.3,309.39,1759,24.53,201,0,0,0,0,0,0
8351,M22636,M,300.0,308.51,1577,32.93,75,0,0,0,0,0,0
8352,L45070,L,298.19,310.83,1541,44.52,236,0,0,0,0,0,0
8353,M39123,M,302.01,313.65,1537,34.93,207,0,0,0,0,0,0
8354,L41812,L,301.67,311.87,1632,35.38,212,0,0,0,0,0,0
8355,L38760,L,299.65,309.45,1586,22.85,12,0,0,0,0,0,0
8356,L14966,L,299.04,309.75,1431,28.8,238,0,0,0,0,0,0
8357,L93962,L,298.84,309.52,1694,33.06,195,0,0,0,0,0,0
8358,L89698,L,299.38,308.8,1318,35.86,36,0,0,0,0,0,0
8359,L26058,L,297.2,305.35,1773,23.04,93,0,0,0,0,0,0
8360,L51482,L,298.08,308.25,1374,38.43,217,0,0,0,0,0,0
8361,M12998,M,301.72,310.86,1634,27.38,141,0,0,0,0,0,0
8362,L71265,L,300.6,311.48,1505,38.33,36,0,0,0,0,0,0
8363,L76445,L,303.27,314.0,1449,49.34,250,1,0,0,0,1,0
8364,L44648,L,299.4,309.13,1779,29.77,216,0,0,0,0,0,0
8365,L70623,L,299.28,309.44,1669,30.68,102,0,0,0,0,0,0
8366,M88033,M,299.18,311.65,1524,47.68,90,0,0,0,0,0,0
8367,L94480,L,299.36,310.84,1849,36.67,13,0,0,0,0,0,0
8368,M17527,M,298.68,308.93,1711,40.16,193,0,0,0,0,0,0
8369,M13072,M,300.54,313.53,1390,15.24,193,1,0,0,1,0,0
8370,L22018,L,300.06,309.56,1168,43.56,160,0,0,0,0,0,0
8371,L39652,L,298.98,308.87,1554,31.6,129,0,0,0,0,0,0
8372,L14476,L,302.5,313.09,1784,25.49,225,0,0,0,0,0,0
8373,L37482,L,303.79,312.96,1645,44.01,180,0,0,0,0,0,0
8374,M72513,M,302.33,314.0,1818,27.23,88,0,0,0,0,0,0
8375,L96411,L,301.12,312.0,1427,26.19,54,0,0,0,0,0,0
8376,L26219,L,301.52,311.43,1514,40.18,250,0,0,0,0,0,0
8377,L40448,L,303.71,314.0,1518,37.67,172,0,0,0,0,0,0
8378,L89903,L,301.52,312.37,1578,27.93,36,0,0,0,0,0,0
8379,L35120,L,298.83,309.22,1673,42.96,154,0,0,0,0,0,0
8380,L16855,L,300.78,310.28,1829,35.49,217,0,0,0,0,0,0
8381,L66553,L,301.25,310.52,1867,34.74,179,0,0,0,0,0,0
8382,L78633,L,298.01,310.9,1835,35.0,238,1,1,0,0,0,0
8383,M54585,M,299.43,308.78,1655,44.04,85,0,0,0,0,0,0
8384,M95425,M,302.2,314.0,1473,37.38,126,0,0,0,0,0,0
8385,L11084,L,296.35,306.21,1576,25.08,115,0,0,0,0,0,0
8386,L31944,L,297.5,308.99,1653,32.87,253,0,0,0,0,0,0
8387,H43921,H,299.65,310.81,1559,21.54,174,0,0,0,0,0,0
8388,L71282,L,300.71,312.07,1371,30.71,57,0,0,0,0,0,0
8389,L97393,L,297.28,308.72,1452,55.44,134,0,0,0,0,0,0
8390,L61397,L,299.75,308.83,1691,24.56,140,0,0,0,0,0,0
8391,M28070,M,302.31,312.33,1491,27.16,47,0,0,0,0,0,0
8392,L64987,L,300.14,309.47,1539,43.45,114,0,0,0,0,0,0
8393,H66690,H,301.88,312.77,1521,45.8,155,0,0,0,0,0,0
8394,M71134,M,298.82,308.19,1374,24.32,172,0,0,0,0,0,0
8395,M97755,M,298.38,307.1,1504,40.46,183,0,0,0,0,0,0
8396,M69439,M,301.7,312.16,1453,34.04,219,1,1,0,0,0,0
8397,L41489,L,300.74,309.23,1410,43.98,215,0,0,0,0,0,0
8398,L33178,L,297.63,308.59,1345,39.39,162,0,0,0,0,0,0
8399,M89019,M,298.4,307.84,1517,24.88,124,0,0,0,0,0,0
8400,H67956,H,303.13,312.99,1646,30.62,54,0,0,0,0,0,0
8401,L57802,L,298.15,306.57,1737,38.15,254,0,0,0,0,0,0
8402,H72778,H,301.87,314.0,1284,66.3,96,0,0,0,0,0,0
8403,L67719,L,299.04,308.28,1824,34.47,164,0,0,0,0,0,0
8404,L43573,L,299.99,310.33,1588,32.56,136,0,0,0,0,0,0
8405,L43688,L,300.59,309.5,1332,30.33,113,0,0,0,0,0,0
8406,L56475,L,295.8,305.66,1462,37.63,130,0,0,0,0,0,0
8407,L60697,L,297.07,309.53,1197,43.33,115,0,0,0,0,0,0
8408,L43978,L,300.17,311.17,1243,49.62,129,0,0,0,0,0,0
8409,L39677,L,298.55,308.53,1845,30.59,185,0,0,0,0,0,0
8410,L91540,L,301.99,312.66,1409,45.54,21,0,0,0,0,0,0
8411,L20272,L,296.79,306.93,1632,31.96,253,0,0,0,0,0,0
8412,H16212,H,301.13,311.74,1515,53.98,212,0,0,0,0,0,0
8413,L31071,L,297.25,308.69,1538,42.69,228,1,1,0,0,0,0
8414,L85236,L,299.3,309.66,1601,29.46,23,0,0,0,0,0,0
8415,L27297,L,297.87,308.79,1168,61.33,205,1,0,0,0,1,0
8416,L61932,L,303.8,314.0,1772,22.98,53,0,0,0,0,0,0
8417,M66884,M,297.32,307.69,1517,29.69,224,0,0,0,0,0,0
8418,L38625,L,299.76,309.72,1444,31.73,144,0,0,0,0,0,0
8419,M38831,M,296.55,306.72,1619,47.14,185,0,0,0,0,0,0
8420,L66478,L,303.2,314.0,1405,38.95,185,0,0,0,0,0,0
8421,L72909,L,300.8,312.28,1572,30.71,148,0,0,0,0,0,0
8422,L39367,L,300.27,309.84,1505,39.63,76,0,0,0,0,0,0
8423,L55813,L,302.95,313.39,1663,39.12,62,0,0,0,0,0,0
8424,L30121,L,300.29,310.24,1496,53.5,190,0,0,0,0,0,0
8425,L45547,L,300.44,311.94,1350,26.57,107,0,0,0,0,0,0
8426,L73642,L,300.26,310.49,1600,47.11,114,0,0,0,0,0,0
8427,L34914,L,301.13,314.0,1486,18.63,43,1,0,0,1,0,0
8428,H27178,H,299.02,309.93,1207,58.21,167,0,0,0,0,0,0
8429,L77258,L,299.57,311.45,1571,47.09,74,0,0,0,0,0,0
8430,L89421,L,301.62,311.31,1438,51.94,193,0,0,0,0,0,0
8431,L70563,L,300.55,311.27,1597,40.97,228,0,0,0,0,0,0
8432,L60050,L,299.77,311.09,1381,30.44,91,0,0,0,0,0,0
8433,L72607,L,297.2,306.87,1318,51.6,117,0,0,0,0,0,0
8434,M75638,M,303.0,313.72,1747,24.04,194,0,0,0,0,0,0
8435,H23262,H,298.68,310.43,1687,26.0,206,0,0,0,0,0,0
8436,L17453,L,301.97,312.35,1534,33.09,173,0,0,0,0,0,0
8437,L55174,L,300.35,310.2,1614,32.25,151,0,0,0,0,0,0
8438,L87760,L,297.41,309.92,1681,36.14,71,0,0,0,0,0,0
8439,M16172,M,302.5,312.03,1533,30.87,197,0,0,0,0,0,0
8440,L86788,L,300.51,311.36,1317,47.07,223,0,0,0,0,0,0
8441,L27918,L,302.67,312.66,1589,23.69,232,0,0,0,0,0,0
8442,L17197,L,299.64,309.4,1715,33.72,178,0,0,0,0,0,0
8443,M23677,M,301.41,312.85,1642,32.52,98,0,0,0,0,0,0
8444,L21039,L,296.47,306.97,1546,46.46,119,0,0,0,0,0,0
8445,L37785,L,299.0,310.11,1637,44.76,253,1,0,0,0,1,0
8446,M14570,M,297.45,305.9,1495,36.7,204,0,0,0,0,0,0
8447,L82242,L,299.25,310.45,1723,16.96,219,1,0,0,1,0,0
8448,M21655,M,300.94,310.92,1777,20.35,105,0,0,0,0,0,0
8449,L57907,L,298.79,307.61,1302,56.38,131,0,0,0,0,0,0
8450,M19449,M,301.73,314.0,1736,31.82,121,0,0,0,0,0,0
8451,M34630,M,298.29,309.59,1938,42.5,253,0,0,0,0,0,0
8452,L84658,L,301.77,312.7,1630,43.04,158,0,0,0,0,0,0
8453,M56371,M,302.62,314.0,1712,35.6,192,0,0,0,0,0,0
8454,L20991,L,302.03,312.97,1419,41.69,29,0,0,0,0,0,0
8455,H34887,H,299.31,309.21,1444,28.28,199,0,0,0,0,0,0
8456,L23859,L,295.75,306.27,1497,32.23,39,0,0,0,0,0,0
8457,M33640,M,301.16,311.19,1463,43.25,237,0,0,0,0,0,0
8458,L58339,L,299.75,309.95,1299,40.31,116,0,0,0,0,0,0
8459,H63235,H,298.04,307.49,1504,42.56,122,0,0,0,0,0,0
8460,L12512,L,298.89,308.62,1686,42.74,13,0,0,0,0,0,0
8461,H90982,H,302.87,314.0,1301,42.05,43,0,0,0,0,0,0
8462,H31912,H,297.73,308.76,1567,32.61,219,0,0,0,0,0,0
8463,L45515,L,300.94,311.13,1562,28.47,161,0,0,0,0,0,0
8464,M25416,M,300.44,310.11,1481,46.77,166,0,0,0,0,0,0
8465,H82816,H,299.29,309.58,1624,41.92,131,0,0,0,0,0,0
8466,L86510,L,301.29,310.31,1607,55.13,254,1,0,0,1,1,0
8467,L53746,L,303.26,314.0,1468,40.76,215,0,0,0,0,0,0
8468,L53775,L,299.41,311.05,1726,32.39,154,0,0,0,0,0,0
8469,L22227,L,299.51,312.58,1636,39.12,41,0,0,0,0,0,0
8470,L23031,L,301.24,310.84,1818,29.24,138,0,0,0,0,0,0
8471,L43000,L,301.84,313.44,1523,29.29,117,0,0,0,0,0,0
8472,L61253,L,299.74,309.74,1477,39.65,86,0,0,0,0,0,0
8473,L77564,L,299.39,308.96,1497,42.64,105,0,0,0,0,0,0
8474,L28313,L,295.56,305.14,1747,37.09,31,0,0,0,0,0,0
8475,M85186,M,298.44,309.28,1508,42.21,122,0,0,0,0,0,0
8476,M67751,M,297.72,307.49,1519,47.74,49,0,0,0,0,0,0
8477,L62492,L,301.37,311.46,1888,34.3,52,0,0,0,0,0,0
8478,M40364,M,299.51,309.77,1293,47.31,131,0,0,0,0,0,0
8479,M28361,M,299.43,309.39,1599,24.49,146,0,0,0,0,0,0
8480,H77949,H,299.98,309.87,1524,39.91,70,0,0,0,0,0,0
8481,L41070,L,298.26,306.53,1490,36.81,32,0,0,0,0,0,0
8482,L32409,L,303.11,313.89,1363,30.24,77,0,0,0,0,0,0
8483,H39854,H,302.6,313.36,1415,45.55,124,0,0,0,0,0,0
8484,H39655,H,303.24,313.14,1462,44.28,76,0,0,0,0,0,0
8485,M19952,M,301.37,312.43,1624,39.03,197,0,0,0,0,0,0
8486,M46365,M,299.94,312.04,1688,38.65,122,0,0,0,0,0,0
8487,L93298,L,303.23,313.95,1215,48.63,82,0,0,0,0,0,0
8488,L76156,L,298.64,310.67,1319,40.77,54,0,0,0,0,0,0
8489,L66724,L,298.26,311.2,1634,50.59,8,0,0,0,0,0,0
8490,L25455,L,298.8,312.03,1649,36.04,189,0,0,0,0,0,0
8491,M97746,M,301.05,310.56,1272,16.42,226,1,0,0,1,0,0
8492,L57673,L,298.48,307.99,1692,13.31,61,1,0,0,1,0,0
8493,L10974,L,299.69,309.94,1532,48.65,240,1,0,0,0,1,0
8494,H22679,H,296.8,307.63,1669,18.58,114,1,0,0,1,0,0
8495,L71791,L,300.96,313.25,1382,35.82,47,0,0,0,0,0,0
8496,H37429,H,296.97,308.29,1285,31.04,248,0,0,0,0,0,0
8497,H28073,H,298.14,307.63,1479,35.8,89,0,0,0,0,0,0
8498,L80207,L,302.43,312.52,1487,42.24,67,0,0,0,0,0,0
8499,L40365,L,302.36,313.02,1477,32.34,47,0,0,0,0,0,0
8500,L65928,L,300.75,309.96,1465,31.14,91,0,0,0,0,0,0
8501,L84453,L,300.55,311.26,1840,36.82,154,0,0,0,0,0,0
8502,L17784,L,298.94,308.45,1229,76.6,114,1,0,0,1,0,0
8503,L22291,L,298.45,307.5,1383,47.03,54,0,0,0,0,0,0
8504,H94462,H,299.28,309.03,1460,30.28,171,0,0,0,0,0,0
8505,L36154,L,296.97,308.08,1539,45.33,70,0,0,0,0,0,0
8506,M35650,M,300.5,311.61,1663,49.48,179,0,0,0,0,0,0
8507,L78741,L,300.1,310.89,1691,42.9,56,0,0,0,0,0,0
8508,L46201,L,298.13,309.82,1729,20.35,136,0,0,0,0,0,0
8509,H49479,H,303.14,314.0,1622,40.0,97,0,0,0,0,0,0
8510,L82920,L,301.21,312.12,1224,41.45,246,0,0,0,0,0,0
8511,L92797,L,301.38,312.15,1235,46.99,7,0,0,0,0,0,0
8512,M60243,M,299.03,309.85,1742,29.82,183,0,0,0,0,0,0
8513,M78595,M,300.0,310.55,1730,39.27,9,0,0,0,0,0,0
8514,M41734,M,301.25,309.78,1649,31.67,192,0,0,0,0,0,0
8515,L98927,L,300.31,312.14,1387,55.94,113,0,0,0,0,0,0
8516,L91451,L,303.2,314.0,1477,38.76,199,0,0,0,0,0,0
8517,H52568,H,299.59,309.08,1463,36.97,44,0,0,0,0,0,0
8518,H35793,H,298.99,311.12,1351,48.49,166,0,0,0,0,0,0
8519,L62204,L,301.27,311.38,1582,39.46,45,0,0,0,0,0,0
8520,M56746,M,297.47,308.06,1923,34.27,230,1,1,0,0,0,0
8521,L41989,L,301.85,313.57,1446,38.31,16,0,0,0,0,0,0
8522,L59465,L,297.4,308.32,1768,43.21,81,0,0,0,0,0,0
8523,L71383,L,301.28,313.31,1376,51.96,225,1,0,0,0,1,0
8524,L26767,L,298.7,309.05,1258,45.39,226,1,1,0,0,0,0
8525,L48652,L,300.95,313.34,1713,40.33,127,0,0,0,0,0,0
8526,L93732,L,301.81,311.74,1496,35.79,114,0,0,0,0,0,0
8527,L94244,L,300.31,312.32,1764,37.11,66,0,0,0,0,0,0
8528,M23383,M,297.6,306.04,1800,38.4,75,0,0,0,0,0,0
8529,M80784,M,298.21,307.81,1485,40.99,189,0,0,0,0,0,0
8530,M70089,M,298.54,309.54,1777,25.64,67,0,0,0,0,0,0
8531,H36440,H,296.21,306.51,1377,29.19,163,0,0,0,0,0,0
8532,L62443,L,302.25,312.88,1374,44.74,8,0,0,0,0,0,0
8533,L66325,L,300.22,310.96,1728,27.16,162,0,0,0,0,0,0
8534,M96766,M,297.73,307.24,1256,57.62,194,0,0,0,0,0,0
8535,L65919,L,302.91,312.5,1535,23.25,216,0,0,0,0,0,0
8536,L26611,L,298.6,309.53,1760,43.28,51,0,0,0,0,0,0
8537,L73483,L,300.5,310.53,1772,32.75,117,0,0,0,0,0,0
8538,M32457,M,298.35,310.39,1457,30.92,89,0,0,0,0,0,0
8539,L20256,L,295.96,306.47,1717,29.61,100,0,0,0,0,0,0
8540,M64856,M,297.27,308.69,1333,40.8,111,0,0,0,0,0,0
8541,L50533,L,299.1,310.25,1415,45.39,90,0,0,0,0,0,0
8542,M38281,M,301.8,311.9,1576,25.21,155,0,0,0,0,0,0
8543,M77275,M,300.69,309.41,1603,27.17,57,0,0,0,0,0,0
8544,M11525,M,300.28,312.17,1346,39.1,210,1,1,0,0,0,0
8545,L26453,L,295.98,305.7,1870,30.4,151,0,0,0,0,0,0
8546,L16251,L,302.54,312.84,1197,56.44,58,0,0,0,0,0,0
8547,M29507,M,300.45,311.0,1545,39.59,36,0,0,0,0,0,0
8548,L89396,L,299.76,310.41,1570,32.94,103,0,0,0,0,0,0
8549,L96644,L,302.26,313.93,1221,49.72,235,1,0,0,0,1,0
8550,L37906,L,302.49,313.2,1773,33.65,37,0,0,0,0,0,0
8551,H83185,H,302.31,312.88,1402,38.3,152,0,0,0,0,0,0
8552,L23193,L,299.51,311.22,1553,37.97,225,1,1,0,0,0,0
8553,M91449,M,297.99,309.29,1594,16.61,14,1,0,0,1,0,0
8554,L74042,L,301.98,311.94,1273,55.5,143,0,0,0,0,0,0
8555,L69516,L,297.27,306.82,1342,48.54,54,0,0,0,0,0,0
8556,M91165,M,303.89,313.77,1816,43.36,249,0,0,0,0,0,0
8557,L40692,L,300.06,310.71,1523,29.99,131,0,0,0,0,0,0
8558,L80490,L,297.88,307.33,1168,56.06,25,0,0,0,0,0,0
8559,M43512,M,297.54,308.33,1481,20.27,238,1,0,0,1,0,0
8560,M20719,M,297.44,308.02,1529,20.93,38,1,0,0,1,0,0
8561,L65427,L,300.28,308.44,1574,34.23,184,0,0,0,0,0,0
8562,M37649,M,299.99,309.28,1175,41.7,126,0,0,0,0,0,0
8563,M22402,M,297.53,305.34,1530,47.26,127,0,0,0,0,0,0
8564,M19216,M,299.29,309.64,1385,53.55,46,0,0,0,0,0,0
8565,L41050,L,297.26,309.04,1575,48.06,217,0,0,0,0,0,0
8566,L60093,L,301.18,309.99,1626,40.5,175,0,0,0,0,0,0
8567,H15050,H,299.89,309.27,1607,41.37,91,0,0,0,0,0,0
8568,M56716,M,299.24,309.78,1788,21.78,176,0,0,0,0,0,0
8569,L12438,L,297.42,307.06,1929,40.09,164,0,0,0,0,0,0
8570,L57431,L,299.4,309.03,1331,56.52,37,0,0,0,0,0,0
8571,L26760,L,299.17,310.41,1466,25.6,99,0,0,0,0,0,0
8572,L87614,L,300.64,310.84,1669,38.35,61,0,0,0,0,0,0
8573,L26473,L,300.33,309.55,1512,32.71,60,0,0,0,0,0,0
8574,L53815,L,301.58,310.2,1168,71.74,201,1,0,1,0,1,0
8575,M72460,M,299.03,311.94,1500,28.88,117,0,0,0,0,0,0
8576,L19257,L,296.28,308.11,1757,33.36,224,1,1,0,0,0,0
8577,M97986,M,301.98,312.23,1284,46.7,7,0,0,0,0,0,0
8578,L35634,L,298.13,308.92,1575,35.9,37,0,0,0,0,0,0
8579,L70403,L,297.79,308.0,1192,73.9,105,1,0,0,1,0,0
8580,L56573,L,299.91,311.12,1692,48.19,35,0,0,0,0,0,0
8581,L38648,L,300.6,310.45,1578,21.44,212,0,0,0,0,0,0
8582,M58980,M,298.94,309.1,1433,44.86,55,0,0,0,0,0,0
8583,M20296,M,298.92,310.08,1460,39.14,44,0,0,0,0,0,0
8584,L70197,L,299.22,311.37,1265,54.73,49,0,0,0,0,0,0
8585,L31959,L,302.83,314.0,1716,35.16,19,0,0,0,0,0,0
8586,L24570,L,299.99,311.93,1391,32.82,190,0,0,0,0,0,0
8587,M45423,M,298.06,308.45,1625,26.11,182,0,0,0,0,0,0
8588,M90263,M,298.08,308.16,1362,37.84,161,0,0,0,0,0,0
8589,L27899,L,299.5,308.26,1931,28.78,101,0,0,0,0,0,0
8590,M45785,M,300.48,311.25,1816,33.08,106,0,0,0,0,0,0
8591,M72806,M,300.97,312.05,1908,25.74,91,0,0,0,0,0,0
8592,L66963,L,300.25,310.65,1929,42.36,31,0,0,0,0,0,0
8593,L87875,L,298.32,308.24,1421,45.72,203,0,0,0,0,0,0
8594,H44341,H,299.15,311.1,1376,50.74,200,0,0,0,0,0,0
8595,M15597,M,301.47,312.8,1900,29.11,42,0,0,0,0,0,0
8596,L20244,L,297.71,309.72,1510,28.11,78,0,0,0,0,0,0
8597,L13796,L,299.07,308.81,1685,41.51,140,0,0,0,0,0,0
8598,L85589,L,301.19,311.19,1423,30.26,1,0,0,0,0,0,0
8599,L38528,L,301.75,313.65,1426,19.86,188,1,0,0,1,0,0
8600,M28648,M,299.61,310.27,1684,38.83,211,0,0,0,0,0,0
8601,L93967,L,299.18,309.31,1180,39.37,141,0,0,0,0,0,0
8602,M10535,M,297.36,307.56,1676,31.33,169,0,0,0,0,0,0
8603,M58469,M,301.05,311.74,1629,41.26,142,0,0,0,0,0,0
8604,L74912,L,302.64,314.0,1440,30.54,92,0,0,0,0,0,0
8605,L54493,L,304.5,314.0,1539,22.31,121,0,0,0,0,0,0
8606,L82417,L,300.77,312.26,1568,47.69,212,0,0,0,0,0,0
8607,M55785,M,299.9,311.07,1578,35.79,137,0,0,0,0,0,0
8608,L95017,L,298.16,307.98,1659,45.39,183,0,0,0,0,0,0
8609,M76561,M,296.24,306.06,1388,47.73,116,0,0,0,0,0,0
8610,M40869,M,300.35,310.6,2021,33.0,180,0,0,0,0,0,0
8611,L75094,L,304.5,313.86,1498,39.81,249,0,0,0,0,0,0
8612,H40192,H,302.54,312.73,1511,39.45,104,0,0,0,0,0,0
8613,H79157,H,302.23,314.0,1885,39.02,57,0,0,0,0,0,0
8614,L96483,L,300.49,311.16,1206,57.19,229,1,0,0,0,1,0
8615,L89941,L,300.72,310.65,1883,25.94,212,0,0,0,0,0,0
8616,H67544,H,295.15,307.77,1552,41.47,98,0,0,0,0,0,0
8617,H14403,H,301.53,311.29,1440,33.64,235,0,0,0,0,0,0
8618,L46091,L,298.84,308.58,1333,39.61,208,1,1,0,0,0,0
8619,L62510,L,298.6,310.53,1307,50.08,117,0,0,0,0,0,0
8620,L98061,L,299.35,310.71,1473,32.72,249,0,0,0,0,0,0
8621,H15017,H,299.29,309.86,1585,37.48,107,0,0,0,0,0,0
8622,L49203,L,298.56,310.1,1647,38.09,61,0,0,0,0,0,0
8623,L66473,L,300.03,311.03,1583,33.13,56,0,0,0,0,0,0
8624,M62123,M,298.88,308.4,1443,46.84,250,0,0,0,0,0,0
8625,L58260,L,300.2,308.5,1776,28.71,190,0,0,0,0,0,0
8626,M55938,M,297.03,307.16,2016,35.11,131,0,0,0,0,0,0
8627,L67929,L,299.57,311.36,1804,32.8,77,0,0,0,0,0,0
8628,M95265,M,297.81,308.08,1470,40.65,103,0,0,0,0,0,0
8629,L47372,L,298.72,309.88,1625,27.33,95,0,0,0,0,0,0
8630,M63252,M,300.29,311.17,1637,32.95,209,0,0,0,0,0,0
8631,M24628,M,296.79,305.8,1824,32.95,122,0,0,0,0,0,0
8632,L22501,L,298.36,308.65,1474,48.82,161,0,0,0,0,0,0
8633,L40131,L,301.14,312.2,1361,38.7,31,0,0,0,0,0,0
8634,L99102,L,297.17,307.09,1739,41.35,77,0,0,0,0,0,0
8635,L99360,L,303.56,313.89,1608,28.9,227,0,0,0,0,0,0
8636,M78348,M,302.41,313.5,1335,46.49,161,0,0,0,0,0,0
8637,M19402,M,299.01,309.78,1662,30.11,197,0,0,0,0,0,0
8638,L65956,L,298.43,310.17,1866,42.56,39,0,0,0,0,0,0
8639,M61920,M,300.4,311.49,1410,54.48,34,0,0,0,0,0,0
8640,M36000,M,297.11,306.85,1375,44.66,14,0,0,0,0,0,0
8641,M99795,M,296.0,306.22,1540,32.22,50,0,0,0,0,0,0
8642,L77462,L,299.08,309.8,1657,21.46,19,0,0,0,0,0,0
8643,L76392,L,299.73,311.77,1522,41.22,219,1,1,0,0,0,0
8644,L15988,L,300.19,310.42,1739,34.65,36,0,0,0,0,0,0
8645,L84279,L,298.77,307.74,1582,43.99,242,0,0,0,0,0,0
8646,L66999,L,302.55,313.69,1717,21.14,37,0,0,0,0,0,0
8647,L79674,L,297.01,306.95,1405,42.22,148,0,0,0,0,0,0
8648,L91618,L,297.72,307.14,1314,48.28,215,0,0,0,0,0,0
8649,M63426,M,300.97,311.69,1474,30.11,9,0,0,0,0,0,0
8650,L68824,L,297.68,309.35,1293,45.62,99,0,0,0,0,0,0
8651,L84399,L,297.6,307.73,1609,29.14,181,0,0,0,0,0,0
8652,L70659,L,300.25,311.44,1172,38.8,136,0,0,0,0,0,0
8653,L47790,L,297.89,309.27,1454,34.19,213,0,0,0,0,0,0
8654,L32118,L,299.73,311.23,1484,36.05,169,0,0,0,0,0,0
8655,L62025,L,298.6,308.57,1347,55.72,100,0,0,0,0,0,0
8656,L69938,L,298.28,307.86,1480,35.6,143,0,0,0,0,0,0
8657,L15149,L,295.8,305.51,1536,29.42,106,0,0,0,0,0,0
8658,L48079,L,300.28,311.77,1763,39.09,23,0,0,0,0,0,0
8659,L12484,L,297.51,308.87,1348,53.44,3,0,0,0,0,0,0
8660,M65474,M,299.66,309.41,1599,43.16,171,0,0,0,0,0,0
8661,L58601,L,298.98,311.81,1635,47.04,117,0,0,0,0,0,0
8662,L53809,L,299.59,309.21,1531,39.22,150,0,0,0,0,0,0
8663,L30791,L,299.7,311.4,1445,41.18,41,0,0,0,0,0,0
8664,L79343,L,300.39,312.61,1330,35.5,213,0,0,0,0,0,0
8665,L36648,L,298.54,309.35,1877,41.21,119,0,0,0,0,0,0
8666,L41090,L,302.49,312.42,1548,36.16,193,0,0,0,0,0,0
8667,M27857,M,296.31,306.26,1478,35.82,91,0,0,0,0,0,0
8668,L72327,L,299.55,309.98,1917,26.95,116,0,0,0,0,0,0
8669,L52967,L,301.67,313.45,1575,42.17,18,0,0,0,0,0,0
8670,M63709,M,300.95,310.45,1993,29.35,147,0,0,0,0,0,0
8671,H77948,H,298.05,306.91,1280,46.88,155,0,0,0,0,0,0
8672,L58861,L,298.38,309.45,1492,35.28,105,0,0,0,0,0,0
8673,L78718,L,297.99,309.27,1288,42.27,23,0,0,0,0,0,0
8674,L30948,L,301.2,313.87,1513,36.47,218,0,0,0,0,0,0
8675,L43782,L,298.52,307.84,1512,51.36,235,1,0,0,0,1,0
8676,L60756,L,300.51,311.08,1453,21.68,1,1,0,0,1,0,0
8677,L92789,L,300.53,312.39,1545,41.25,248,0,0,0,0,0,0
8678,M78388,M,304.5,314.0,1461,49.87,6,0,0,0,0,0,0
8679,L94528,L,300.63,311.13,1515,20.43,123,1,0,0,1,0,0
8680,L76809,L,298.38,309.87,1399,40.22,0,0,0,0,0,0,0
8681,L17649,L,297.08,307.18,1795,39.76,138,0,0,0,0,0,0
8682,M39002,M,299.45,311.0,1335,34.83,178,0,0,0,0,0,0
8683,L44723,L,299.76,309.21,1573,38.86,187,0,0,0,0,0,0
8684,M84314,M,295.58,305.0,1320,33.28,158,0,0,0,0,0,0
8685,L80085,L,298.57,309.0,1385,41.72,29,0,0,0,0,0,0
8686,L91399,L,300.59,308.73,1404,53.85,76,0,0,0,0,0,0
8687,L21809,L,298.94,309.72,1511,53.98,151,0,0,0,0,0,0
8688,L68169,L,301.94,310.9,1567,38.91,17,0,0,0,0,0,0
8689,L18302,L,296.88,307.87,1336,29.18,185,0,0,0,0,0,0
8690,L18100,L,301.35,312.24,1461,36.18,204,0,0,0,0,0,0
8691,L78447,L,301.83,312.46,1357,23.09,246,1,0,0,1,0,0
8692,M87627,M,301.91,313.05,1349,39.36,16,0,0,0,0,0,0
8693,L84635,L,296.87,307.77,1739,40.89,45,0,0,0,0,0,0
8694,L65020,L,300.63,311.04,1284,29.41,111,0,0,0,0,0,0
8695,L15663,L,298.66,311.19,1548,35.09,221,1,1,0,0,0,0
8696,M54649,M,297.19,308.28,1841,24.78,18,0,0,0,0,0,0
8697,H57136,H,299.17,310.64,1752,47.36,11,0,0,0,0,0,0
8698,L46104,L,298.19,309.96,1612,39.1,217,0,0,0,0,0,0
8699,L49137,L,301.84,313.21,1532,45.35,81,0,0,0,0,0,0
8700,L12534,L,301.03,313.79,1668,36.87,139,0,0,0,0,0,0
8701,H77762,H,297.7,308.56,1601,42.58,235,0,0,0,0,0,0
8702,M62445,M,298.55,309.24,1791,40.63,49,0,0,0,0,0,0
8703,L19585,L,299.24,309.29,1511,38.28,233,0,0,0,0,0,0
8704,L86438,L,299.86,310.3,1715,28.97,193,0,0,0,0,0,0
8705,L46392,L,302.01,311.98,1476,29.73,147,0,0,0,0,0,0
8706,L94267,L,301.38,312.76,1876,43.97,5,0,0,0,0,0,0
8707,M93324,M,300.1,309.89,1506,45.85,128,0,0,0,0,0,0
8708,L41126,L,299.48,310.25,1244,20.47,217,1,1,0,1,0,0
8709,L52485,L,296.45,307.71,1549,34.73,134,0,0,0,0,0,0
8710,M55798,M,302.58,313.43,1673,37.82,95,0,0,0,0,0,0
8711,M78310,M,299.11,308.91,1828,44.44,54,0,0,0,0,0,0
8712,L19017,L,303.11,314.0,1356,30.61,224,0,0,0,0,0,0
8713,M35700,M,300.39,311.01,1221,51.93,201,0,0,0,0,0,0
8714,L46507,L,304.05,311.88,1624,31.75,123,0,0,0,0,0,0
8715,M57679,M,301.21,310.93,1619,24.8,108,0,0,0,0,0,0
8716,M99938,M,297.14,309.24,1281,59.77,104,0,0,0,0,0,0
8717,L47232,L,298.77,310.96,1476,29.47,14,0,0,0,0,0,0
8718,M99661,M,299.66,310.89,1484,47.99,94,0,0,0,0,0,0
8719,M34020,M,298.25,309.74,1683,20.47,151,0,0,0,0,0,0
8720,L67172,L,299.25,309.17,1461,34.42,28,0,0,0,0,0,0
8721,L23746,L,297.27,307.71,1457,44.96,81,0,0,0,0,0,0
8722,M73537,M,300.01,311.95,1556,43.43,198,0,0,0,0,0,0
8723,L14094,L,300.47,311.6,1287,49.38,33,0,0,0,0,0,0
8724,L78466,L,297.99,308.76,1877,38.04,205,0,0,0,0,0,0
8725,M40755,M,303.88,314.0,1703,31.21,211,1,1,0,0,0,0
8726,M21552,M,300.13,312.0,1409,54.83,92,0,0,0,0,0,0
8727,L69491,L,298.37,310.19,1334,46.79,36,0,0,0,0,0,0
8728,L29779,L,296.74,308.09,1348,50.32,169,0,0,0,0,0,0
8729,L39000,L,300.12,310.89,1641,38.1,191,0,0,0,0,0,0
8730,L95639,L,299.48,309.82,1353,47.55,94,0,0,0,0,0,0
8731,L63953,L,301.57,312.96,1490,28.83,146,0,0,0,0,0,0
8732,M67564,M,299.71,309.31,1231,35.6,150,0,0,0,0,0,0
8733,L24102,L,297.61,307.42,1632,30.35,70,0,0,0,0,0,0
8734,L11861,L,303.34,312.59,1639,39.45,5,0,0,0,0,0,0
8735,L53574,L,300.87,312.81,1502,32.54,246,0,0,0,0,0,0
8736,H42682,H,299.49,309.47,1570,33.8,98,0,0,0,0,0,0
8737,L88819,L,300.33,311.43,1678,33.52,220,0,0,0,0,0,0
8738,L87972,L,300.95,311.52,1565,49.59,54,0,0,0,0,0,0
8739,L75185,L,297.14,310.74,1676,39.35,204,0,0,0,0,0,0
8740,L84426,L,300.32,311.46,1325,27.45,38,0,0,0,0,0,0
8741,L58120,L,299.1,307.94,1603,37.17,24,0,0,0,0,0,0
8742,L48297,L,301.01,312.89,1570,33.73,97,0,0,0,0,0,0
8743,L18299,L,298.52,308.83,1751,30.85,82,0,0,0,0,0,0
8744,L51348,L,298.79,309.29,1540,37.2,3,0,0,0,0,0,0
8745,L51384,L,303.33,313.35,1517,48.38,215,0,0,0,0,0,0
8746,L86693,L,302.46,313.36,1435,31.81,32,0,0,0,0,0,0
8747,L42687,L,295.0,305.88,1803,33.39,234,1,1,0,0,0,0
8748,L74577,L,302.31,312.37,1168,52.62,65,0,0,0,0,0,0
8749,L70047,L,299.85,310.04,1627,33.27,129,0,0,0,0,0,0
8750,L20191,L,298.58,309.38,1531,31.44,141,0,0,0,0,0,0
8751,M66884,M,297.99,306.34,1502,30.94,177,0,0,0,0,0,0
8752,L64911,L,298.1,307.36,1476,34.74,10,0,0,0,0,0,0
8753,L87303,L,298.64,311.01,1525,44.5,33,0,0,0,0,0,0
8754,L93447,L,297.75,308.77,1621,32.18,246,0,0,0,0,0,0
8755,H53726,H,297.29,307.47,1392,40.14,165,0,0,0,0,0,0
8756,M44623,M,297.92,306.92,1559,26.12,219,0,0,0,0,0,0
8757,L93517,L,300.65,311.29,1598,31.6,166,0,0,0,0,0,0
8758,L60000,L,300.1,311.79,1363,44.44,149,0,0,0,0,0,0
8759,L81494,L,301.11,314.0,1626,20.55,41,1,0,0,1,0,0
8760,L90241,L,299.87,312.46,1600,45.18,224,0,0,0,0,0,0
8761,L73027,L,297.39,307.2,1391,35.08,229,0,0,0,0,0,0
8762,M68995,M,300.99,311.19,1321,62.48,243,1,0,0,0,1,0
8763,L52876,L,297.99,307.22,1389,45.59,222,0,0,0,0,0,0
8764,M61070,M,301.29,311.15,1559,19.89,184,1,0,0,1,0,0
8765,L76224,L,297.67,308.16,1521,40.27,205,0,0,0,0,0,0
8766,M35365,M,298.63,308.96,1786,29.53,165,0,0,0,0,0,0
8767,M39663,M,299.28,312.03,1469,41.83,8,0,0,0,0,0,0
8768,L75436,L,301.35,310.73,1375,58.51,254,1,0,0,0,1,0
8769,L93275,L,300.35,311.01,1653,40.76,87,0,0,0,0,0,0
8770,L73211,L,300.04,308.68,1359,39.79,28,1,0,1,0,0,0
8771,L20909,L,303.77,314.0,1393,26.77,196,0,0,0,0,0,0
8772,L70883,L,296.33,305.68,1395,50.03,169,0,0,0,0,0,0
8773,L22713,L,297.92,309.73,1168,55.31,59,0,0,0,0,0,0
8774,L22614,L,297.84,308.25,1637,45.13,166,0,0,0,0,0,0
8775,H30734,H,296.46,305.76,1704,32.42,90,0,0,0,0,0,0
8776,L40709,L,298.56,307.16,1700,36.19,199,0,0,0,0,0,0
8777,H32885,H,301.38,311.1,1874,28.69,220,1,1,0,0,0,0
8778,L81622,L,298.82,309.76,1806,32.41,59,0,0,0,0,0,0
8779,M88267,M,299.33,310.46,1475,24.14,180,0,0,0,0,0,0
8780,L96128,L,296.55,306.76,1735,35.66,125,0,0,0,0,0,0
8781,L23341,L,298.41,310.03,1517,41.37,75,0,0,0,0,0,0
8782,M49435,M,299.08,308.64,1458,34.34,135,0,0,0,0,0,0
8783,L22976,L,301.28,309.06,1399,47.17,105,0,0,0,0,0,0
8784,M92910,M,296.65,307.63,1487,46.94,104,0,0,0,0,0,0
8785,L87869,L,299.09,311.08,1594,48.52,148,0,0,0,0,0,0
8786,L15290,L,302.17,314.0,1820,23.46,183,0,0,0,0,0,0
8787,L55812,L,299.11,308.51,1666,40.14,175,0,0,0,0,0,0
8788,M60528,M,295.77,305.92,1396,54.76,46,0,0,0,0,0,0
8789,L68570,L,302.56,313.98,1347,38.8,8,0,0,0,0,0,0
8790,M66399,M,301.47,311.54,1637,47.2,77,0,0,0,0,0,0
8791,M58437,M,301.74,312.54,1697,27.63,128,0,0,0,0,0,0
8792,L99122,L,296.51,306.5,1756,33.2,54,0,0,0,0,0,0
8793,L67907,L,303.02,312.64,1487,21.9,30,1,0,0,1,0,0
8794,M91876,M,298.45,308.26,1620,18.86,79,1,0,0,1,0,0
8795,L58723,L,298.98,310.64,1689,20.75,230,0,0,0,0,0,0
8796,L45655,L,298.59,309.31,1292,60.08,90,0,0,0,0,0,0
8797,L65833,L,301.89,313.87,1585,29.14,138,0,0,0,0,0,0
8798,L90096,L,299.64,310.86,1698,27.23,65,0,0,0,0,0,0
8799,L33997,L,300.96,313.27,1627,38.81,187,0,0,0,0,0,0
8800,L76876,L,300.15,311.67,1520,30.68,30,0,0,0,0,0,0
8801,M36013,M,299.81,311.27,2005,37.19,177,0,0,0,0,0,0
8802,L42862,L,298.11,308.69,1882,44.62,59,0,0,0,0,0,0
8803,L62448,L,303.62,314.0,1537,16.58,215,1,0,0,1,0,0
8804,H97818,H,297.07,307.89,1501,43.14,61,0,0,0,0,0,0
8805,M55608,M,300.82,309.55,1661,16.73,166,1,0,0,1,0,0
8806,M94612,M,300.75,311.72,1525,24.8,130,0,0,0,0,0,0
8807,L50894,L,302.31,312.03,1764,36.36,111,0,0,0,0,0,0
8808,M95201,M,302.78,314.0,1307,33.5,185,0,0,0,0,0,0
8809,L60649,L,299.73,311.15,1492,40.92,67,0,0,0,0,0,0
8810,L72104,L,301.06,311.57,1658,34.82,29,0,0,0,0,0,0
8811,L86459,L,303.53,313.34,1716,19.64,66,0,0,0,0,0,0
8812,L49821,L,299.87,310.72,1268,52.59,67,0,0,0,0,0,0
8813,M57940,M,297.87,307.93,1363,45.17,185,0,0,0,0,0,0
8814,L20935,L,299.23,310.72,1233,46.91,76,0,0,0,0,0,0
8815,M99577,M,297.39,308.65,1378,34.85,180,0,0,0,0,0,0
8816,M22467,M,300.74,314.0,1305,48.18,13,0,0,0,0,0,0
8817,L21073,L,302.13,312.38,1632,23.75,137,0,0,0,0,0,0
8818,L17691,L,299.76,310.15,1576,27.19,205,0,0,0,0,0,0
8819,L56538,L,296.76,307.3,1507,41.06,208,0,0,0,0,0,0
8820,L34490,L,302.04,312.63,1540,46.8,21,0,0,0,0,0,0
8821,L25688,L,296.45,308.17,1750,28.84,190,0,0,0,0,0,0
8822,H60650,H,296.91,307.33,1347,47.38,60,0,0,0,0,0,0
8823,L23829,L,299.64,312.32,1188,50.72,173,0,0,0,0,0,0
8824,L13086,L,300.5,311.79,1663,38.02,36,0,0,0,0,0,0
8825,M12590,M,300.84,311.06,1465,32.35,20,0,0,0,0,0,0
8826,L49893,L,299.87,309.83,1352,40.81,216,0,0,0,0,0,0
8827,M83396,M,303.52,314.0,1635,34.71,130,0,0,0,0,0,0
8828,L48176,L,300.13,310.86,1181,66.7,146,0,0,0,0,0,0
8829,L77484,L,302.07,312.78,1381,30.04,31,0,0,0,0,0,0
8830,L36295,L,301.57,311.68,1168,31.84,206,0,0,0,0,0,0
8831,L48131,L,297.41,308.05,1582,63.39,232,1,0,0,1,1,0
8832,L54893,L,299.66,309.72,1818,33.95,253,0,0,0,0,0,0
8833,M21924,M,304.25,314.0,1432,45.5,23,0,0,0,0,0,0
8834,L20851,L,298.99,310.41,1393,47.75,200,0,0,0,0,0,0
8835,H17734,H,298.65,309.18,1856,36.82,73,0,0,0,0,0,0
8836,L52681,L,300.34,310.85,1648,42.58,175,0,0,0,0,0,0
8837,L15293,L,299.06,309.86,1963,34.85,95,0,0,0,0,0,0
8838,L63203,L,298.41,309.11,1564,46.96,57,0,0,0,0,0,0
8839,H23820,H,299.03,308.78,1576,37.88,167,0,0,0,0,0,0
8840,L77827,L,302.86,311.66,1795,40.47,134,0,0,0,0,0,0
8841,L57163,L,299.73,309.63,1508,55.96,45,0,0,0,0,0,0
8842,M22391,M,297.34,307.92,1579,38.05,113,0,0,0,0,0,0
8843,L51970,L,296.98,306.94,1168,54.95,218,1,0,0,0,1,0
8844,M56823,M,304.41,314.0,1848,26.51,125,0,0,0,0,0,0
8845,L40796,L,299.55,310.02,1605,34.22,142,0,0,0,0,0,0
8846,M93127,M,300.87,313.44,1516,41.14,235,0,0,0,0,0,0
8847,H46389,H,298.46,308.6,1698,30.45,212,1,1,0,0,0,0
8848,M13352,M,300.64,311.48,1322,44.33,73,0,0,0,0,0,0
8849,L93598,L,302.92,313.33,1436,43.31,86,0,0,0,0,0,0
8850,L38172,L,298.7,309.84,1635,48.38,4,0,0,0,0,0,0
8851,H20937,H,300.92,312.68,1543,29.12,240,0,0,0,0,0,0
8852,L90138,L,297.19,308.5,1615,39.19,186,0,0,0,0,0,0
8853,L98672,L,304.05,312.71,1580,30.79,249,0,0,0,0,0,0
8854,M76481,M,300.54,311.74,1648,41.41,197,0,0,0,0,0,0
8855,L95348,L,299.17,308.86,1297,53.5,21,0,0,0,0,0,0
8856,L83509,L,299.4,309.79,1765,46.07,27,0,0,0,0,0,0
8857,L33552,L,298.98,310.37,1448,35.36,181,0,0,0,0,0,0
8858,L24118,L,299.08,308.66,1545,38.42,18,0,0,0,0,0,0
8859,L21290,L,295.11,306.96,1427,48.23,112,0,0,0,0,0,0
8860,M35123,M,299.8,310.15,1483,44.99,13,0,0,0,0,0,0
8861,L91919,L,299.72,312.59,1576,13.74,175,1,0,0,1,0,0
8862,M69551,M,300.98,311.75,1667,28.46,134,0,0,0,0,0,0
8863,M62136,M,298.95,311.36,1697,38.57,206,0,0,0,0,0,0
8864,M73886,M,298.46,310.36,1613,33.66,159,0,0,0,0,0,0
8865,L85902,L,299.98,310.07,1428,48.27,149,0,0,0,0,0,0
8866,M77333,M,296.78,306.17,1602,45.1,45,0,0,0,0,0,0
8867,L54016,L,300.29,311.1,1578,34.37,84,0,0,0,0,0,0
8868,L31427,L,296.28,306.39,1546,42.64,210,0,0,0,0,0,0
8869,M12257,M,302.24,314.0,1631,47.91,254,1,0,0,0,1,0
8870,L77733,L,301.37,311.82,1305,55.07,140,0,0,0,0,0,0
8871,H18222,H,298.15,308.55,1170,39.53,21,0,0,0,0,0,0
8872,L35187,L,301.32,310.63,1749,31.24,137,0,0,0,0,0,0
8873,M89688,M,300.22,311.34,1511,38.17,237,0,0,0,0,0,0
8874,L30781,L,297.98,307.51,1610,27.27,109,0,0,0,0,0,0
8875,H21004,H,295.95,307.1,1379,52.67,248,1,0,0,0,1,0
8876,L67600,L,300.63,311.91,1762,27.27,43,0,0,0,0,0,0
8877,L35515,L,298.41,308.36,1598,34.95,23,0,0,0,0,0,0
8878,L90952,L,302.19,313.85,1503,48.35,186,0,0,0,0,0,0
8879,L81688,L,300.03,310.45,1586,32.04,189,0,0,0,0,0,0
8880,L82708,L,298.6,307.83,1221,42.96,252,0,0,0,0,0,0
8881,L13185,L,303.6,314.0,1602,38.78,71,0,0,0,0,0,0
8882,L64476,L,301.15,310.93,1803,28.54,199,0,0,0,0,0,0
8883,L41212,L,295.0,306.21,1592,49.79,112,0,0,0,0,0,0
8884,L84697,L,299.03,310.15,1569,28.17,182,0,0,0,0,0,0
8885,M58533,M,297.23,308.32,1478,16.53,176,1,0,0,1,0,0
8886,M93003,M,298.4,309.47,1730,40.1,230,0,0,0,0,0,0
8887,M97125,M,299.71,309.44,1757,29.7,49,0,0,0,0,0,0
8888,M47630,M,300.71,313.1,1457,31.38,146,0,0,0,0,0,0
8889,L78606,L,300.52,312.18,1600,39.26,233,1,1,0,0,0,0
8890,L84099,L,302.16,313.33,1577,40.15,209,0,0,0,0,0,0
8891,L26585,L,301.27,310.64,1607,28.86,57,0,0,0,0,0,0
8892,M59240,M,301.15,310.87,1396,53.22,96,0,0,0,0,0,0
8893,H24772,H,300.4,311.76,1741,40.01,175,0,0,0,0,0,0
8894,L89991,L,302.57,311.27,1637,52.29,228,1,0,0,0,1,0
8895,L81835,L,299.37,310.41,1751,28.96,92,0,0,0,0,0,0
8896,L85724,L,299.42,308.79,1334,44.62,95,0,0,0,0,0,0
8897,L97091,L,296.19,306.02,1345,45.09,71,0,0,0,0,0,0
8898,L27938,L,302.11,311.4,1906,27.61,95,0,0,0,0,0,0
8899,L31983,L,299.85,310.79,1741,36.22,139,0,0,0,0,0,0
8900,H22874,H,304.5,314.0,1388,46.21,85,0,0,0,0,0,0
8901,L70896,L,299.19,310.24,1691,37.93,147,0,0,0,0,0,0
8902,H56209,H,300.18,311.33,1451,36.26,172,0,0,0,0,0,0
8903,M42822,M,301.09,311.96,1229,44.17,25,0,0,0,0,0,0
8904,M30750,M,297.8,309.18,1168,42.1,80,0,0,0,0,0,0
8905,M52083,M,300.72,311.88,1531,30.4,105,0,0,0,0,0,0
8906,M37946,M,300.07,308.05,1816,31.05,225,1,1,0,0,0,0
8907,M11552,M,299.39,311.0,1809,43.68,158,0,0,0,0,0,0
8908,M83331,M,302.35,313.85,1762,49.1,81,1,0,0,1,0,0
8909,L15271,L,298.19,308.53,1684,45.19,58,0,0,0,0,0,0
8910,H90201,H,300.55,309.28,1592,31.81,130,0,0,0,0,0,0
8911,M75651,M,302.91,313.85,1742,36.24,17,0,0,0,0,0,0
8912,M38994,M,298.59,309.61,1173,23.85,83,1,0,0,1,0,0
8913,M37186,M,299.41,309.67,1713,32.15,115,0,0,0,0,0,0
8914,L40267,L,304.5,314.0,1333,38.8,148,0,0,0,0,0,0
8915,L49140,L,300.95,312.72,1371,61.39,184,1,0,0,0,1,0
8916,L34935,L,298.99,312.09,1660,36.76,226,0,0,0,0,0,0
8917,L41748,L,301.61,312.45,1702,34.09,245,0,0,0,0,0,0
8918,M13837,M,298.86,309.9,1425,39.51,41,0,0,0,0,0,0
8919,L74875,L,296.87,306.75,1651,32.17,61,0,0,0,0,0,0
8920,L72694,L,302.74,312.94,1636,39.67,234,0,0,0,0,0,0
8921,L19610,L,297.79,308.36,1479,32.32,29,0,0,0,0,0,0
8922,L38615,L,304.5,314.0,1563,41.7,60,0,0,0,0,0,0
8923,M86644,M,299.02,310.54,1910,40.74,35,0,0,0,0,0,0
8924,M32347,M,304.27,314.0,1484,39.69,54,0,0,0,0,0,0
8925,L44062,L,297.26,306.47,1491,35.42,3,0,0,0,0,0,0
8926,L65122,L,302.05,311.43,1562,35.99,14,0,0,0,0,0,0
8927,L58431,L,301.0,312.8,1502,49.59,111,0,0,0,0,0,0
8928,L83086,L,301.68,313.82,1677,35.35,198,0,0,0,0,0,0
8929,L38205,L,301.94,312.67,1799,26.99,95,0,0,0,0,0,0
8930,H28459,H,299.0,305.24,1491,46.21,96,0,0,0,0,0,0
8931,L33750,L,297.38,307.34,1381,34.12,56,0,0,0,0,0,0
8932,L37729,L,299.9,310.93,1890,28.54,62,0,0,0,0,0,0
8933,L48585,L,300.45,310.25,1557,38.92,76,0,0,0,0,0,0
8934,M93698,M,299.06,309.94,1228,37.24,63,0,0,0,0,0,0
8935,M55635,M,300.56,313.15,1870,16.95,144,1,0,0,1,0,0
8936,M54854,M,300.66,312.79,1738,36.68,52,0,0,0,0,0,0
8937,L86226,L,298.18,309.69,1823,14.21,247,1,0,0,1,0,0
8938,M39104,M,300.79,311.43,1793,24.55,167,0,0,0,0,0,0
8939,L92293,L,299.47,309.67,2011,34.03,229,0,0,0,0,0,0
8940,L24770,L,298.6,310.06,1348,46.95,69,0,0,0,0,0,0
8941,L85993,L,301.57,312.3,1392,39.54,126,0,0,0,0,0,0
8942,L27957,L,298.45,309.21,1446,30.74,250,0,0,0,0,0,0
8943,M65178,M,299.09,308.24,1441,35.47,49,0,0,0,0,0,0
8944,H30828,H,300.14,310.13,1557,42.1,67,0,0,0,0,0,0
8945,L27171,L,302.75,314.0,1447,38.29,14,0,0,0,0,0,0
8946,M71465,M,300.39,309.98,1321,29.98,71,0,0,0,0,0,0
8947,M23146,M,301.06,312.02,1378,32.44,161,0,0,0,0,0,0
8948,H56266,H,299.4,310.52,1482,34.46,245,0,0,0,0,0,0
8949,L55939,L,299.84,311.01,1741,35.93,242,0,0,0,0,0,0
8950,L24202,L,299.9,311.16,1431,41.07,157,0,0,0,0,0,0
8951,L47142,L,300.59,311.91,1681,23.47,214,1,1,0,0,0,0
8952,M73828,M,299.41,309.48,1297,59.04,200,0,0,0,0,0,0
8953,L97367,L,302.68,311.91,1168,39.94,151,0,0,0,0,0,0
8954,L69046,L,299.25,309.08,1511,42.1,107,0,0,0,0,0,0
8955,L19849,L,296.59,308.02,1425,30.68,7,0,0,0,0,0,0
8956,L69272,L,304.5,314.0,1376,67.46,184,1,0,0,1,1,0
8957,M30439,M,299.35,309.0,1355,56.28,113,0,0,0,0,0,0
8958,M92526,M,302.63,312.28,1408,32.82,197,0,0,0,0,0,0
8959,M88872,M,302.81,311.66,1357,43.15,24,0,0,0,0,0,0
8960,M45344,M,301.89,311.44,1374,30.98,204,1,1,0,0,0,0
8961,L98489,L,299.6,311.3,1290,40.45,161,0,0,0,0,0,0
8962,L63276,L,300.57,310.56,1168,54.24,24,0,0,0,0,0,0
8963,L15051,L,297.45,306.4,1168,59.42,17,0,0,0,0,0,0
8964,L59474,L,303.98,314.0,1978,20.0,72,0,0,0,0,0,0
8965,L85604,L,298.3,309.51,1524,30.57,224,1,1,0,0,0,0
8966,M26967,M,299.49,308.36,1809,39.12,197,0,0,0,0,0,0
8967,L31773,L,300.2,311.85,1503,50.74,13,0,0,0,0,0,0
8968,M84383,M,299.79,309.04,1509,30.63,133,0,0,0,0,0,0
8969,L80417,L,298.69,308.99,1590,44.65,209,0,0,0,0,0,0
8970,L51182,L,302.79,313.08,1650,24.0,234,0,0,0,0,0,0
8971,L73589,L,301.9,312.04,1311,40.47,102,0,0,0,0,0,0
8972,L83235,L,300.64,311.28,1467,27.89,217,0,0,0,0,0,0
8973,L34180,L,299.2,310.68,1590,32.38,35,0,0,0,0,0,0
8974,L74372,L,302.13,312.79,1187,71.31,35,0,0,0,0,0,0
8975,L61372,L,299.07,309.17,1769,31.95,202,1,1,0,0,0,0
8976,L79086,L,303.14,314.0,1726,30.85,248,0,0,0,0,0,0
8977,L32163,L,300.22,311.13,1168,42.13,145,0,0,0,0,0,0
8978,M73089,M,302.46,312.49,1377,38.5,14,0,0,0,0,0,0
8979,M42934,M,299.77,310.51,1554,29.42,221,0,0,0,0,0,0
8980,L65595,L,300.14,310.09,1687,35.13,232,0,0,0,0,0,0
8981,M36592,M,302.45,312.29,1810,31.4,88,0,0,0,0,0,0
8982,M33039,M,304.39,314.0,1420,35.73,15,0,0,0,0,0,0
8983,M74099,M,303.12,314.0,1956,25.3,75,0,0,0,0,0,0
8984,L99262,L,301.75,313.22,1526,39.26,13,0,0,0,0,0,0
8985,L44018,L,301.18,312.51,1495,31.34,46,0,0,0,0,0,0
8986,M63158,M,298.99,308.8,1636,32.92,181,0,0,0,0,0,0
8987,L14558,L,300.59,312.29,1591,31.95,57,0,0,0,0,0,0
8988,H42174,H,298.17,308.58,1581,16.25,204,1,0,0,1,0,0
8989,M52631,M,300.75,312.38,1894,36.75,253,0,0,0,0,0,0
8990,L77687,L,300.88,311.45,1580,19.65,230,1,0,0,1,0,0
8991,L25552,L,296.08,307.09,1358,23.54,157,1,0,0,1,0,0
8992,L45065,L,300.08,311.12,1384,50.67,227,1,0,0,0,1,0
8993,L12614,L,300.83,312.34,1800,23.01,45,0,0,0,0,0,0
8994,L44647,L,299.83,308.9,1658,16.62,15,1,0,0,1,0,0
8995,L67940,L,300.72,309.84,1255,60.93,128,0,0,0,0,0,0
8996,L10620,L,297.32,308.69,1246,38.65,168,0,0,0,0,0,0
8997,L33082,L,298.45,309.5,1540,48.52,220,0,0,0,0,0,0
8998,H31891,H,302.07,311.99,1646,26.84,120,0,0,0,0,0,0
8999,L72395,L,300.0,311.07,1413,23.89,26,0,0,0,0,0,0
9000,H60955,H,300.68,309.97,1233,42.75,204,0,0,0,0,0,0
9001,H42314,H,298.91,312.87,1332,30.01,61,0,0,0,0,0,0
9002,L33500,L,300.04,312.05,1831,34.45,208,0,0,0,0,0,0
9003,M63685,M,295.4,306.72,1624,41.23,155,0,0,0,0,0,0
9004,L74783,L,301.69,312.47,1715,41.17,147,0,0,0,0,0,0
9005,M60189,M,303.62,313.7,1745,30.28,54,0,0,0,0,0,0
9006,L29567,L,297.87,307.26,1422,54.18,50,0,0,0,0,0,0
9007,L35978,L,298.12,308.71,1468,29.98,116,0,0,0,0,0,0
9008,L86089,L,300.88,310.72,1505,39.35,68,0,0,0,0,0,0
9009,L19630,L,302.95,312.85,1610,34.36,87,0,0,0,0,0,0
9010,L22003,L,300.0,309.28,1731,49.42,200,0,0,0,0,0,0
9011,L51444,L,297.54,308.49,1872,39.86,96,0,0,0,0,0,0
9012,L96184,L,299.58,309.91,1682,34.35,161,0,0,0,0,0,0
9013,L41607,L,297.94,309.18,1683,35.74,237,0,0,0,0,0,0
9014,L34821,L,298.66,309.82,1882,42.14,154,0,0,0,0,0,0
9015,L24601,L,299.39,310.32,1498,31.06,100,0,0,0,0,0,0
9016,L55904,L,298.14,311.5,1749,16.11,96,1,0,0,1,0,0
9017,L81657,L,298.44,309.97,1639,26.5,111,0,0,0,0,0,0
9018,M48557,M,300.15,309.59,1646,31.21,37,0,0,0,0,0,0
9019,L62523,L,300.43,311.59,1496,51.32,28,0,0,0,0,0,0
9020,M91846,M,297.15,307.8,1284,56.18,229,1,1,0,0,1,0
9021,L60502,L,300.79,310.15,1597,35.48,34,0,0,0,0,0,0
9022,M32098,M,299.24,308.51,1598,40.04,19,0,0,0,0,0,0
9023,L55902,L,301.44,312.59,1431,32.93,146,0,0,0,0,0,0
9024,L99067,L,301.56,312.96,1518,57.47,132,1,0,0,1,0,0
9025,L49253,L,298.91,308.56,1376,54.26,24,0,0,0,0,0,0
9026,L85516,L,301.23,312.9,1378,42.14,92,0,0,0,0,0,0
9027,L54280,L,298.33,309.31,1448,38.83,25,0,0,0,0,0,0
9028,L18951,L,302.65,314.0,1296,51.97,109,0,0,0,0,0,0
9029,H18117,H,298.4,310.19,1430,39.49,178,0,0,0,0,0,0
9030,L35979,L,300.71,311.25,1663,18.76,193,1,0,0,1,0,0
9031,L84525,L,299.62,311.96,1797,44.1,188,0,0,0,0,0,0
9032,M26915,M,297.97,307.54,1909,38.79,142,0,0,0,0,0,0
9033,L69261,L,301.8,314.0,1463,42.81,127,0,0,0,0,0,0
9034,M82964,M,298.77,308.59,1751,29.29,44,0,0,0,0,0,0
9035,L80440,L,296.6,307.25,1596,36.0,5,0,0,0,0,0,0
9036,M45677,M,295.0,305.13,1492,13.02,185,1,0,0,1,0,0
9037,L59830,L,298.25,308.57,1607,25.78,128,0,0,0,0,0,0
9038,M62536,M,302.75,314.0,1733,47.66,72,0,0,0,0,0,0
9039,M18922,M,302.52,312.75,1445,44.77,42,0,0,0,0,0,0
9040,L77561,L,298.56,310.11,1441,20.39,15,1,0,0,1,0,0
9041,L23220,L,299.25,309.72,1461,31.1,13,0,0,0,0,0,0
9042,L55958,L,299.07,310.71,1422,20.9,73,1,0,0,1,0,0
9043,H63380,H,297.33,307.49,1751,26.34,18,0,0,0,0,0,0
9044,L12766,L,298.1,309.06,1398,39.31,50,0,0,0,0,0,0
9045,L94018,L,301.96,313.29,1429,56.14,135,0,0,0,0,0,0
9046,L43159,L,301.01,310.99,1591,43.08,47,0,0,0,0,0,0
9047,L20935,L,300.55,314.0,1576,33.6,139,0,0,0,0,0,0
9048,L13784,L,297.33,308.71,1461,36.73,197,0,0,0,0,0,0
9049,H98586,H,300.2,310.68,1838,24.93,34,0,0,0,0,0,0
9050,L30221,L,295.39,305.4,1421,51.29,197,0,0,0,0,0,0
9051,M39179,M,301.69,312.48,1504,49.61,5,0,0,0,0,0,0
9052,L28069,L,300.52,310.0,1188,32.09,98,0,0,0,0,0,0
9053,L45682,L,297.31,309.79,1480,22.06,235,1,0,0,1,0,0
9054,L66268,L,303.23,314.0,1297,40.66,10,0,0,0,0,0,0
9055,L87818,L,296.41,307.02,1370,39.77,250,0,0,0,0,0,0
9056,H30110,H,301.06,312.81,1183,51.57,165,0,0,0,0,0,0
9057,M41232,M,301.11,311.09,1374,24.24,90,1,0,0,1,0,0
9058,L54273,L,297.52,307.06,1521,30.92,25,0,0,0,0,0,0
9059,L80487,L,299.92,310.49,1491,37.63,155,0,0,0,0,0,0
9060,L65210,L,296.73,307.55,1460,31.6,71,0,0,0,0,0,0
9061,H83191,H,295.0,306.23,1477,47.13,88,0,0,0,0,0,0
9062,M39461,M,297.86,307.09,1444,58.21,82,0,0,0,0,0,0
9063,M14610,M,298.77,309.01,1529,32.43,207,0,0,0,0,0,0
9064,L66973,L,301.29,308.91,1515,46.22,49,0,0,0,0,0,0
9065,L93004,L,300.13,309.65,1584,32.93,185,0,0,0,0,0,0
9066,L17583,L,300.19,311.6,1499,29.34,25,0,0,0,0,0,0
9067,L35583,L,297.97,309.63,1457,32.32,171,0,0,0,0,0,0
9068,L27701,L,298.94,308.5,1675,40.78,14,0,0,0,0,0,0
9069,L16880,L,298.14,308.52,1644,29.27,230,0,0,0,0,0,0
9070,L99257,L,297.55,308.28,1529,33.29,203,0,0,0,0,0,0
9071,M61845,M,298.81,310.59,1750,23.38,23,0,0,0,0,0,0
9072,M82417,M,300.15,312.38,1550,42.83,76,0,0,0,0,0,0
9073,L13722,L,298.85,309.71,1506,42.4,186,0,0,0,0,0,0
9074,L30077,L,299.35,309.79,1523,51.32,56,0,0,0,0,0,0
9075,L90868,L,301.39,310.65,1565,42.08,144,0,0,0,0,0,0
9076,M23229,M,299.0,309.81,1370,46.14,204,0,0,0,0,0,0
9077,M83338,M,297.33,310.11,1198,54.81,80,0,0,0,0,0,0
9078,M71679,M,301.13,313.12,1586,33.82,234,0,0,0,0,0,0
9079,M97637,M,300.53,311.41,1685,34.94,128,0,0,0,0,0,0
9080,L21439,L,300.66,311.66,1355,52.14,138,0,0,0,0,0,0
9081,L45902,L,301.25,311.26,1728,26.36,19,0,0,0,0,0,0
9082,L12598,L,300.91,311.26,1239,65.94,30,0,0,0,0,0,0
9083,L14052,L,300.06,310.91,1434,46.31,235,0,0,0,0,0,0
9084,M22741,M,304.5,314.0,1842,46.82,98,1,0,0,1,0,0
9085,L79360,L,297.43,309.14,1599,25.3,166,0,0,0,0,0,0
9086,L46288,L,298.83,310.49,1481,27.33,190,0,0,0,0,0,0
9087,L11249,L,301.93,313.16,1580,39.63,5,0,0,0,0,0,0
9088,H32970,H,300.29,309.99,1750,33.75,98,0,0,0,0,0,0
9089,L25565,L,301.52,311.25,1275,39.81,27,0,0,0,0,0,0
9090,M66995,M,300.34,310.15,1772,22.07,178,0,0,0,0,0,0
9091,L93994,L,302.75,313.68,1447,36.95,52,0,0,0,0,0,0
9092,L61656,L,297.98,306.66,1663,36.33,115,0,0,0,0,0,0
9093,L72134,L,302.68,313.38,1424,27.07,232,0,0,0,0,0,0
9094,M55765,M,302.34,314.0,1838,27.97,43,0,0,0,0,0,0
9095,L12014,L,297.58,308.95,1529,41.04,64,0,0,0,0,0,0
9096,M80480,M,301.26,311.61,1296,52.92,207,0,0,0,0,0,0
9097,L24012,L,299.91,309.92,1620,32.84,240,0,0,0,0,0,0
9098,L67498,L,298.79,310.29,1769,25.9,108,0,0,0,0,0,0
9099,H78776,H,296.22,307.23,1749,33.7,11,0,0,0,0,0,0
9100,L71711,L,297.98,308.43,1552,35.01,155,0,0,0,0,0,0
9101,L52530,L,301.42,311.53,1681,21.6,244,0,0,0,0,0,0
9102,M89267,M,301.63,312.4,1459,34.84,206,0,0,0,0,0,0
9103,L28018,L,299.58,309.98,1641,29.76,71,0,0,0,0,0,0
9104,M27916,M,301.63,313.12,1600,36.01,195,0,0,0,0,0,0
9105,L50376,L,301.89,313.83,1168,40.06,222,0,0,0,0,0,0
9106,L75046,L,300.31,309.64,1355,36.49,248,0,0,0,0,0,0
9107,L68742,L,298.56,308.03,1572,34.78,109,0,0,0,0,0,0
9108,M95566,M,300.88,312.93,1565,42.46,29,0,0,0,0,0,0
9109,L87125,L,300.97,311.84,1530,38.32,246,0,0,0,0,0,0
9110,M97519,M,301.35,310.92,1551,61.55,162,1,0,0,1,0,0
9111,H22437,H,301.73,313.41,1752,22.36,133,0,0,0,0,0,0
9112,L72146,L,297.28,308.32,1599,44.01,101,0,0,0,0,0,0
9113,L37618,L,298.98,311.88,1168,48.1,84,0,0,0,0,0,0
9114,L60767,L,296.2,306.67,1886,19.79,29,0,0,0,0,0,0
9115,L19705,L,301.49,313.3,1192,43.53,124,0,0,0,0,0,0
9116,L67146,L,299.58,308.83,1707,20.86,79,0,0,0,0,0,0
9117,M98216,M,300.86,312.96,1253,46.66,62,0,0,0,0,0,0
9118,H90912,H,297.05,308.69,1791,29.55,7,0,0,0,0,0,0
9119,H61750,H,302.8,314.0,1485,31.98,218,1,1,0,0,0,0
9120,M54379,M,297.61,309.42,1604,26.25,127,0,0,0,0,0,0
9121,M62682,M,301.55,312.15,1177,61.03,32,0,0,0,0,0,0
9122,L74713,L,300.24,309.76,1666,33.01,42,0,0,0,0,0,0
9123,M66919,M,299.62,309.72,1610,37.45,75,0,0,0,0,0,0
9124,M70384,M,299.46,308.4,1646,36.35,42,0,0,0,0,0,0
9125,L61128,L,298.72,308.5,1706,34.49,44,0,0,0,0,0,0
9126,H11835,H,302.59,313.72,1567,33.58,233,0,0,0,0,0,0
9127,L31283,L,300.03,310.68,1497,52.79,243,1,0,0,0,1,0
9128,M59506,M,297.46,307.94,1389,64.31,214,1,1,0,1,1,0
9129,M63625,M,299.23,309.14,1455,53.62,181,0,0,0,0,0,0
9130,H45963,H,300.26,309.18,1752,32.88,237,0,0,0,0,0,0
9131,L19179,L,301.8,312.68,1384,40.9,230,0,0,0,0,0,0
9132,M21955,M,298.79,309.87,1203,60.63,237,1,1,0,0,1,0
9133,L17198,L,298.92,308.63,1357,34.22,114,0,0,0,0,0,0
9134,L77156,L,300.05,310.21,1644,49.75,114,0,0,0,0,0,0
9135,M54588,M,301.75,313.99,1480,46.36,192,0,0,0,0,0,0
9136,L21766,L,297.26,309.12,1644,32.42,134,0,0,0,0,0,0
9137,M63570,M,301.01,310.23,1175,52.2,163,0,0,0,0,0,0
9138,L79874,L,299.07,309.69,1168,56.74,24,0,0,0,0,0,0
9139,L58679,L,299.35,311.51,1583,32.34,212,1,1,0,0,0,0
9140,M15301,M,304.0,314.0,1716,42.03,36,0,0,0,0,0,0
9141,L25144,L,299.61,310.04,1227,61.55,120,0,0,0,0,0,0
9142,L23784,L,301.51,313.3,1630,32.85,139,0,0,0,0,0,0
9143,H77959,H,301.44,313.12,1749,28.86,159,0,0,0,0,0,0
9144,L18272,L,297.64,309.28,1534,36.36,176,0,0,0,0,0,0
9145,M11573,M,296.31,306.75,1697,24.0,165,0,0,0,0,0,0
9146,L34419,L,301.64,313.0,1569,21.29,55,1,0,0,1,0,0
9147,L92339,L,297.83,310.03,1488,34.34,79,0,0,0,0,0,0
9148,L58555,L,296.67,307.32,1683,25.88,192,0,0,0,0,0,0
9149,L15176,L,302.05,312.35,1879,43.98,107,0,0,0,0,0,0
9150,L46161,L,297.96,309.89,1435,35.38,124,0,0,0,0,0,0
9151,L73440,L,298.45,311.2,1519,42.01,25,0,0,0,0,0,0
9152,L68862,L,303.95,314.0,1357,35.6,56,0,0,0,0,0,0
9153,L25164,L,296.68,307.01,1563,52.99,141,0,0,0,0,0,0
9154,L87758,L,297.49,307.91,1507,36.18,183,0,0,0,0,0,0
9155,L35379,L,299.08,308.75,1744,22.64,69,0,0,0,0,0,0
9156,L93552,L,299.52,310.34,1791,37.36,40,0,0,0,0,0,0
9157,H28368,H,298.21,307.84,1677,36.39,50,0,0,0,0,0,0
9158,M99041,M,297.68,307.86,1723,43.24,211,1,1,0,0,0,0
9159,M42771,M,303.02,314.0,1408,39.12,194,0,0,0,0,0,0
9160,L74950,L,300.53,311.62,1363,43.17,244,0,0,0,0,0,0
9161,H50245,H,301.17,310.06,1614,22.13,106,0,0,0,0,0,0
9162,M82792,M,299.73,312.0,1539,45.02,11,0,0,0,0,0,0
9163,M53327,M,300.58,310.19,1895,30.71,96,0,0,0,0,0,0
9164,L56454,L,301.87,311.6,1189,46.69,176,0,0,0,0,0,0
9165,H56741,H,298.01,307.47,1647,32.8,241,0,0,0,0,0,0
9166,M41977,M,300.53,310.57,1644,32.4,108,0,0,0,0,0,0
9167,M16714,M,301.39,311.2,1398,49.69,0,0,0,0,0,0,0
9168,L87237,L,303.09,312.92,1361,32.36,146,0,0,0,0,0,0
9169,L24891,L,303.9,312.13,1474,46.1,193,0,0,0,0,0,0
9170,L62299,L,300.14,310.97,1240,27.67,185,0,0,0,0,0,0
9171,L75167,L,302.28,313.21,1797,16.6,86,1,0,0,1,0,0
9172,M75124,M,295.0,307.94,2021,38.35,236,1,1,0,0,0,0
9173,L68639,L,303.1,314.0,1474,28.94,71,0,0,0,0,0,0
9174,L50912,L,298.55,308.75,1420,41.42,225,0,0,0,0,0,0
9175,L85452,L,299.52,309.02,1299,41.15,125,0,0,0,0,0,0
9176,L78446,L,300.88,311.49,1338,46.52,3,0,0,0,0,0,0
9177,L93790,L,299.69,310.84,1429,40.61,135,0,0,0,0,0,0
9178,M71516,M,300.39,310.59,1753,41.22,26,0,0,0,0,0,0
9179,L54250,L,303.18,313.94,2110,17.45,25,0,0,0,0,0,0
9180,L46116,L,299.23,311.83,1405,47.62,96,0,0,0,0,0,0
9181,L93521,L,297.83,308.14,1373,41.21,42,0,0,0,0,0,0
9182,L32151,L,303.63,312.44,1325,26.68,103,0,0,0,0,0,0
9183,L81366,L,301.05,312.63,1616,30.76,108,0,0,0,0,0,0
9184,M54297,M,303.84,314.0,1597,21.49,239,0,0,0,0,0,0
9185,M50888,M,301.73,310.72,1553,21.46,39,1,0,0,1,0,0
9186,M66195,M,297.35,308.48,1455,35.08,177,0,0,0,0,0,0
9187,M94010,M,301.29,310.99,1780,41.74,194,0,0,0,0,0,0
9188,L81016,L,298.03,309.17,1673,36.93,200,1,1,0,0,0,0
9189,H84979,H,300.01,312.62,1665,45.6,201,0,0,0,0,0,0
9190,M64334,M,299.85,310.37,1602,36.45,28,0,0,0,0,0,0
9191,H78345,H,296.76,308.55,1501,52.96,84,0,0,0,0,0,0
9192,L49761,L,298.37,307.85,1406,55.48,246,1,0,0,0,1,0
9193,H36930,H,304.41,313.59,1629,26.83,116,0,0,0,0,0,0
9194,M69117,M,300.48,313.19,1611,36.19,125,0,0,0,0,0,0
9195,M33095,M,299.65,310.66,1637,28.68,169,0,0,0,0,0,0
9196,L87482,L,303.63,314.0,1253,44.06,241,0,0,0,0,0,0
9197,M13991,M,299.21,311.06,1596,50.78,17,0,0,0,0,0,0
9198,H33519,H,299.82,309.99,1479,32.52,80,0,0,0,0,0,0
9199,M36657,M,301.98,313.51,1377,29.27,245,0,0,0,0,0,0
9200,L10826,L,299.2,310.57,1666,24.76,246,0,0,0,0,0,0
9201,H52625,H,298.51,307.91,1567,32.95,148,0,0,0,0,0,0
9202,L92049,L,295.49,307.71,1959,56.64,194,1,0,0,1,0,0
9203,L27801,L,298.13,310.13,1622,48.32,61,0,0,0,0,0,0
9204,L39846,L,298.11,307.52,1482,10.9,154,1,0,0,1,0,0
9205,H49566,H,300.32,311.22,1516,37.47,95,0,0,0,0,0,0
9206,L33157,L,298.78,309.25,1324,36.47,105,0,0,0,0,0,0
9207,L38363,L,304.32,314.0,1757,40.66,220,0,0,0,0,0,0
9208,M60559,M,297.88,307.17,1592,25.39,174,0,0,0,0,0,0
9209,M15136,M,302.8,314.0,1595,26.62,220,0,0,0,0,0,0
9210,L67937,L,300.44,310.97,1343,36.56,25,0,0,0,0,0,0
9211,H27421,H,301.61,313.05,1675,28.29,136,0,0,0,0,0,0
9212,H88027,H,301.49,313.58,1367,48.75,90,0,0,0,0,0,0
9213,L17546,L,295.56,306.07,1435,36.58,122,0,0,0,0,0,0
9214,L81439,L,299.98,310.56,1558,46.01,139,0,0,0,0,0,0
9215,L56623,L,299.48,309.67,1430,31.94,15,0,0,0,0,0,0
9216,L26406,L,297.73,307.55,1392,50.06,46,0,0,0,0,0,0
9217,L90485,L,300.92,311.89,1526,26.69,55,0,0,0,0,0,0
9218,H19825,H,303.43,314.0,1717,38.5,65,0,0,0,0,0,0
9219,M81823,M,295.0,305.19,1696,29.56,50,0,0,0,0,0,0
9220,L44173,L,298.93,309.18,1662,42.15,230,0,0,0,0,0,0
9221,L65619,L,297.51,308.78,1623,13.76,26,1,0,0,1,0,0
9222,L93114,L,300.14,310.05,1449,31.79,200,0,0,0,0,0,0
9223,L17923,L,299.35,309.8,1737,42.63,109,0,0,0,0,0,0
9224,L44374,L,298.79,310.39,1223,44.5,65,0,0,0,0,0,0
9225,M71713,M,301.38,312.33,1613,20.41,233,1,0,0,1,0,0
9226,H51411,H,303.27,312.92,1686,27.97,61,0,0,0,0,0,0
9227,L74368,L,304.5,314.0,1519,41.34,70,0,0,0,0,0,0
9228,M18316,M,298.52,309.66,1405,32.51,135,0,0,0,0,0,0
9229,L20556,L,296.36,308.05,1528,48.37,165,0,0,0,0,0,0
9230,M20058,M,301.12,311.06,1399,52.08,5,0,0,0,0,0,0
9231,L35482,L,303.22,313.36,1628,41.08,119,0,0,0,0,0,0
9232,L54494,L,301.63,311.63,1705,42.26,254,0,0,0,0,0,0
9233,H35005,H,303.21,313.27,1615,30.9,58,0,0,0,0,0,0
9234,L94671,L,299.55,310.65,1605,48.98,18,0,0,0,0,0,0
9235,M99424,M,298.78,310.08,1672,43.49,78,0,0,0,0,0,0
9236,L42481,L,300.23,311.98,1693,32.76,183,0,0,0,0,0,0
9237,L38401,L,299.34,309.95,1395,24.37,236,0,0,0,0,0,0
9238,L50431,L,301.33,310.62,1258,18.59,155,1,0,0,1,0,0
9239,L74459,L,301.94,313.31,1585,45.09,221,0,0,0,0,0,0
9240,M88682,M,302.1,312.96,1701,20.11,218,0,0,0,0,0,0
9241,L86789,L,301.02,311.78,1250,35.27,137,0,0,0,0,0,0
9242,M58504,M,300.49,309.91,1547,41.44,172,0,0,0,0,0,0
9243,M13223,M,301.59,312.09,1738,22.25,94,0,0,0,0,0,0
9244,M80977,M,296.07,305.58,1514,60.87,192,1,0,0,1,0,0
9245,L50149,L,300.42,311.6,1809,33.56,177,0,0,0,0,0,0
9246,H22863,H,300.1,310.38,1775,44.21,159,0,0,0,0,0,0
9247,L39564,L,300.43,310.61,1502,48.09,188,0,0,0,0,0,0
9248,L92189,L,299.82,308.99,1469,14.26,143,1,0,0,1,0,0
9249,L99624,L,300.86,312.59,1472,46.16,133,0,0,0,0,0,0
9250,L32499,L,298.85,309.29,1559,36.6,193,0,0,0,0,0,0
9251,L99218,L,302.26,313.05,1324,42.61,61,0,0,0,0,0,0
9252,M42132,M,300.95,310.91,1290,44.12,233,0,0,0,0,0,0
9253,L14533,L,300.3,309.35,1168,61.99,65,0,0,0,0,0,0
9254,L92962,L,298.6,308.77,1531,52.81,194,0,0,0,0,0,0
9255,M90096,M,301.63,311.96,1902,21.15,146,0,0,0,0,0,0
9256,L44409,L,300.41,311.41,1177,49.63,3,0,0,0,0,0,0
9257,L91461,L,298.49,308.83,1502,51.52,120,0,0,0,0,0,0
9258,L32987,L,299.89,309.87,1496,36.3,232,1,1,0,0,0,0
9259,M20633,M,301.26,310.45,1508,39.93,42,0,0,0,0,0,0
9260,L66207,L,301.1,311.85,1761,34.3,145,0,0,0,0,0,0
9261,L60535,L,300.97,310.88,1375,63.7,209,1,1,0,1,1,0
9262,L13996,L,300.19,312.21,1185,57.41,110,0,0,0,0,0,0
9263,M10014,M,302.05,312.9,1439,60.43,173,1,0,0,1,0,0
9264,M90431,M,302.48,313.74,1415,58.15,108,0,0,0,0,0,0
9265,M11674,M,301.47,311.93,1168,46.27,245,0,0,0,0,0,0
9266,L47867,L,298.83,309.73,1579,39.01,45,0,0,0,0,0,0
9267,L95537,L,297.88,307.69,1322,65.6,212,1,0,0,1,1,0
9268,L67251,L,298.91,308.43,1520,26.93,148,0,0,0,0,0,0
9269,L65709,L,303.91,314.0,1470,46.4,102,0,0,0,0,0,0
9270,L27864,L,300.56,311.83,1342,50.94,157,0,0,0,0,0,0
9271,L36321,L,304.25,313.01,1695,31.46,191,0,0,0,0,0,0
9272,L34082,L,299.76,309.96,1484,34.93,40,0,0,0,0,0,0
9273,M50131,M,299.48,312.02,1545,34.84,144,0,0,0,0,0,0
9274,L81493,L,299.85,311.03,1641,41.06,132,0,0,0,0,0,0
9275,M14210,M,299.82,312.05,1587,49.4,4,0,0,0,0,0,0
9276,L74586,L,298.45,308.52,1561,43.48,116,0,0,0,0,0,0
9277,L93605,L,297.7,307.94,1387,28.33,200,1,1,0,0,0,0
9278,L44851,L,301.0,312.67,1335,59.08,74,0,0,0,0,0,0
9279,L36865,L,302.11,313.43,1563,47.58,229,1,1,0,0,0,0
9280,L93606,L,304.5,314.0,1362,39.49,175,0,0,0,0,0,0
9281,L14158,L,299.13,308.57,1678,28.56,127,0,0,0,0,0,0
9282,H67852,H,299.29,311.15,1512,29.3,103,0,0,0,0,0,0
9283,M59339,M,298.46,311.67,1652,44.0,205,1,1,0,0,0,0
9284,L30572,L,302.25,311.38,1358,22.38,119,1,0,0,1,0,0
9285,M14100,M,301.63,313.73,1330,54.93,37,0,0,0,0,0,0
9286,M54469,M,298.25,308.48,1837,27.67,5,0,0,0,0,0,0
9287,M91061,M,298.2,308.56,1508,40.7,185,0,0,0,0,0,0
9288,M70861,M,301.91,312.87,1699,4.88,13,1,0,0,1,0,0
9289,L28456,L,300.77,310.26,1281,24.9,199,1,0,0,1,0,0
9290,L65803,L,301.52,312.18,1484,32.05,221,0,0,0,0,0,0
9291,L75633,L,298.23,307.32,1769,24.99,186,0,0,0,0,0,0
9292,L85019,L,296.24,307.42,1253,54.38,192,0,0,0,0,0,0
9293,L46232,L,298.25,311.18,1945,31.7,88,0,0,0,0,0,0
9294,L77323,L,301.38,311.44,1571,54.09,12,0,0,0,0,0,0
9295,H31788,H,304.22,314.0,1388,46.59,154,0,0,0,0,0,0
9296,H26092,H,299.14,309.72,1598,30.02,152,0,0,0,0,0,0
9297,M11132,M,304.5,314.0,1735,43.13,183,0,0,0,0,0,0
9298,M87850,M,301.66,312.77,1386,36.54,67,0,0,0,0,0,0
9299,H98118,H,297.21,308.83,1412,35.29,186,0,0,0,0,0,0
9300,L23068,L,300.43,310.62,1580,36.29,238,0,0,0,0,0,0
9301,L57401,L,301.73,312.86,1618,49.74,250,1,0,0,0,1,0
9302,L58526,L,295.15,305.0,1499,48.26,94,0,0,0,0,0,0
9303,M68958,M,301.29,312.66,1607,44.73,176,0,0,0,0,0,0
9304,L86593,L,302.35,311.83,1689,50.56,17,0,0,0,0,0,0
9305,M65041,M,300.8,311.17,1566,45.69,208,0,0,0,0,0,0
9306,L73372,L,299.88,311.32,1411,28.14,202,1,1,0,0,0,0
9307,L77562,L,299.65,308.82,1531,42.45,75,0,0,0,0,0,0
9308,M74046,M,299.54,311.33,1851,43.51,2,0,0,0,0,0,0
9309,L78086,L,297.65,308.22,1595,22.29,206,1,1,0,0,0,0
9310,L17089,L,298.62,310.78,1758,32.46,56,0,0,0,0,0,0
9311,L26623,L,299.17,308.96,1442,29.12,133,0,0,0,0,0,0
9312,L59641,L,300.23,309.11,1582,37.37,68,0,0,0,0,0,0
9313,M22043,M,298.89,309.56,1678,43.84,30,0,0,0,0,0,0
9314,L76572,L,298.26,309.55,1805,42.41,7,0,0,0,0,0,0
9315,L74136,L,301.52,312.89,1756,31.13,9,0,0,0,0,0,0
9316,L98052,L,300.74,310.31,1334,50.07,2,0,0,0,0,0,0
9317,M96700,M,298.92,308.0,1742,20.52,11,0,0,0,0,0,0
9318,L67061,L,301.01,311.4,1838,17.54,91,1,0,0,1,0,0
9319,M16122,M,299.09,310.31,1432,51.23,203,0,0,0,0,0,0
9320,M57346,M,300.13,311.29,1374,10.15,105,1,0,0,1,0,0
9321,L26150,L,301.95,314.0,1531,31.0,93,0,0,0,0,0,0
9322,M97630,M,298.79,309.12,1567,42.74,18,0,0,0,0,0,0
9323,M87228,M,297.66,306.51,1472,41.07,148,0,0,0,0,0,0
9324,L22054,L,299.71,311.61,1321,12.62,208,1,0,0,1,0,0
9325,L11767,L,297.27,308.17,1800,36.01,13,0,0,0,0,0,0
9326,H14708,H,299.45,310.43,1380,32.57,102,0,0,0,0,0,0
9327,M67999,M,299.44,310.91,1444,40.88,242,0,0,0,0,0,0
9328,L62158,L,295.07,307.04,1555,31.11,74,0,0,0,0,0,0
9329,L39292,L,301.06,311.74,1270,37.31,28,0,0,0,0,0,0
9330,M38082,M,299.63,311.51,1256,25.09,113,1,0,0,1,0,0
9331,M44024,M,302.36,313.62,1457,35.79,6,0,0,0,0,0,0
9332,M33461,M,300.43,310.48,1684,44.55,48,0,0,0,0,0,0
9333,L15351,L,301.47,311.94,1569,32.66,192,0,0,0,0,0,0
9334,M57031,M,302.38,313.7,1168,44.43,232,1,1,0,0,0,0
9335,L92628,L,299.74,309.73,1785,26.44,6,0,0,0,0,0,0
9336,L49718,L,300.0,311.58,1679,23.16,141,0,0,0,0,0,0
9337,M22777,M,296.85,307.71,1569,27.4,15,0,0,0,0,0,0
9338,H99856,H,302.48,313.56,1565,38.65,98,0,0,0,0,0,0
9339,L18308,L,299.71,311.85,1656,55.86,143,1,0,0,1,0,0
9340,L53441,L,297.99,309.05,1954,36.48,84,0,0,0,0,0,0
9341,M90865,M,301.48,312.25,1693,39.08,140,0,0,0,0,0,0
9342,L23882,L,295.64,306.26,1588,54.03,81,0,0,0,0,0,0
9343,M14714,M,299.14,309.71,1314,48.7,156,0,0,0,0,0,0
9344,M53432,M,301.82,312.83,1565,46.46,212,0,0,0,0,0,0
9345,L91289,L,299.12,311.19,1674,36.05,72,0,0,0,0,0,0
9346,H90166,H,298.56,308.65,1514,42.11,121,0,0,0,0,0,0
9347,M27658,M,299.17,309.18,1441,25.76,124,0,0,0,0,0,0
9348,M79245,M,295.98,307.97,1635,32.33,222,0,0,0,0,0,0
9349,M87027,M,301.43,311.56,1357,36.29,60,0,0,0,0,0,0
9350,M60808,M,299.75,310.67,1691,28.67,164,0,0,0,0,0,0
9351,L49530,L,299.46,309.56,1457,32.71,108,0,0,0,0,0,0
9352,L18834,L,299.46,308.48,1168,66.6,16,0,0,0,0,0,0
9353,M24358,M,300.03,310.93,1453,35.8,30,0,0,0,0,0,0
9354,L19872,L,301.31,313.12,1525,36.22,254,0,0,0,0,0,0
9355,L68694,L,299.9,310.53,1634,54.9,58,1,0,0,1,0,0
9356,M97193,M,297.28,306.5,1614,42.39,87,0,0,0,0,0,0
9357,M60321,M,301.15,311.96,1303,44.07,110,0,0,0,0,0,0
9358,L83709,L,301.0,310.94,1557,46.54,174,0,0,0,0,0,0
9359,M26685,M,300.41,308.49,1439,33.16,5,0,0,0,0,0,0
9360,M21333,M,302.15,312.77,1470,34.83,31,0,0,0,0,0,0
9361,L21356,L,300.06,311.28,1355,38.45,30,0,0,0,0,0,0
9362,M50584,M,302.22,314.0,1526,39.89,145,0,0,0,0,0,0
9363,L61362,L,302.81,314.0,2099,30.48,250,0,0,0,0,0,0
9364,L21344,L,301.16,312.52,1869,23.38,117,0,0,0,0,0,0
9365,L54619,L,298.5,310.14,1355,46.58,239,1,0,0,0,1,0
9366,L91331,L,299.74,309.15,1547,42.64,8,0,0,0,0,0,0
9367,L11943,L,302.48,314.0,1478,34.22,2,0,0,0,0,0,0
9368,M70217,M,297.0,308.97,1561,35.2,125,0,0,0,0,0,0
9369,M31021,M,299.22,309.55,1700,24.12,228,0,0,0,0,0,0
9370,L18348,L,299.31,310.7,1512,23.6,70,0,0,0,0,0,0
9371,M87286,M,298.27,309.55,1407,29.05,153,0,0,0,0,0,0
9372,L80921,L,301.75,313.92,1743,38.79,140,0,0,0,0,0,0
9373,L26639,L,300.75,311.3,1313,49.35,161,0,0,0,0,0,0
9374,M95030,M,298.58,308.53,1569,54.11,42,0,0,0,0,0,0
9375,L74566,L,301.21,311.42,1268,45.64,220,0,0,0,0,0,0
9376,L52011,L,299.68,311.28,1350,42.98,160,0,0,0,0,0,0
9377,M28640,M,298.22,307.0,1669,37.22,68,0,0,0,0,0,0
9378,L45402,L,298.57,306.28,1413,29.74,163,0,0,0,0,0,0
9379,M75088,M,300.87,312.47,1197,58.67,78,0,0,0,0,0,0
9380,L70240,L,301.88,312.85,1405,44.68,120,0,0,0,0,0,0
9381,L11891,L,299.03,309.74,1386,31.56,201,0,0,0,0,0,0
9382,L38259,L,301.09,310.48,1308,47.88,67,0,0,0,0,0,0
9383,L73021,L,303.16,312.15,1634,41.71,230,0,0,0,0,0,0
9384,L38987,L,297.48,307.55,1257,30.42,100,0,0,0,0,0,0
9385,L62616,L,300.71,311.77,1429,50.69,126,0,0,0,0,0,0
9386,M20683,M,301.66,311.78,1559,32.61,46,0,0,0,0,0,0
9387,H71083,H,299.81,311.41,1473,9.04,188,1,0,0,1,0,0
9388,L19967,L,302.48,312.22,1462,48.7,228,1,0,0,0,1,0
9389,L87664,L,304.4,314.0,1405,54.47,44,0,0,0,0,0,0
9390,L50194,L,300.69,312.09,1316,31.32,101,0,0,0,0,0,0
9391,H95873,H,299.53,309.86,1420,23.49,95,1,0,0,1,0,0
9392,H72661,H,301.95,312.33,1653,46.16,215,1,1,0,0,0,0
9393,L97738,L,301.68,311.74,1457,33.26,83,0,0,0,0,0,0
9394,M82307,M,295.0,305.0,1565,48.92,175,0,0,0,0,0,0
9395,L53452,L,299.99,311.05,1736,18.22,40,1,0,0,1,0,0
9396,L22857,L,299.21,310.39,1643,47.12,165,0,0,0,0,0,0
9397,L41301,L,300.79,311.72,1305,55.67,103,0,0,0,0,0,0
9398,L65900,L,299.61,309.7,1616,40.26,67,0,0,0,0,0,0
9399,L41460,L,299.83,310.33,1724,16.59,232,1,0,0,1,0,0
9400,L96923,L,298.27,310.57,1430,36.43,202,1,1,0,0,0,0
9401,M59800,M,301.47,310.75,1250,57.4,10,0,0,0,0,0,0
9402,L19832,L,303.31,314.0,1456,22.76,15,1,0,0,1,0,0
9403,L57408,L,298.3,309.1,1569,31.75,104,0,0,0,0,0,0
9404,L22626,L,297.21,307.73,1642,38.36,64,0,0,0,0,0,0
9405,L67872,L,300.04,311.69,1441,28.24,224,0,0,0,0,0,0
9406,L94021,L,299.94,308.58,1169,64.97,198,1,0,1,0,1,0
9407,L88959,L,302.34,314.0,1305,56.0,194,0,0,0,0,0,0
9408,L26802,L,297.54,310.1,1600,37.98,70,0,0,0,0,0,0
9409,L26333,L,298.92,310.71,1893,33.55,0,0,0,0,0,0,0
9410,L45120,L,295.7,305.0,1531,32.37,224,1,1,0,0,0,0
9411,L32159,L,302.75,314.0,1771,37.12,198,0,0,0,0,0,0
9412,M34660,M,300.5,312.85,1345,36.24,3,0,0,0,0,0,0
9413,M66843,M,299.07,311.32,1418,38.41,81,0,0,0,0,0,0
9414,L44519,L,297.36,306.65,1168,43.02,244,0,0,0,0,0,0
9415,L94577,L,297.54,309.26,1602,48.61,36,0,0,0,0,0,0
9416,L54935,L,300.83,313.32,1374,54.28,141,0,0,0,0,0,0
9417,L32507,L,297.79,308.51,1643,26.13,243,0,0,0,0,0,0
9418,L81060,L,300.21,309.46,1445,52.93,78,0,0,0,0,0,0
9419,L94271,L,304.09,314.0,1899,24.15,24,0,0,0,0,0,0
9420,L67223,L,299.3,311.06,1858,45.13,81,0,0,0,0,0,0
9421,H37675,H,298.08,308.64,1168,68.32,131,0,0,0,0,0,0
9422,L27673,L,300.76,310.27,1641,54.04,193,1,0,0,1,0,0
9423,L45470,L,297.55,309.23,1401,43.88,170,0,0,0,0,0,0
9424,L51603,L,303.44,313.37,1651,32.26,25,0,0,0,0,0,0
9425,H94825,H,302.81,313.9,1293,40.95,211,0,0,0,0,0,0
9426,M41230,M,299.67,311.93,1794,34.92,142,0,0,0,0,0,0
9427,L24542,L,298.21,307.25,1721,24.86,133,0,0,0,0,0,0
9428,M71407,M,299.15,310.76,1281,17.79,164,1,0,0,1,0,0
9429,L63821,L,299.41,309.9,1502,34.33,126,0,0,0,0,0,0
9430,M45690,M,300.77,311.29,1564,37.0,170,0,0,0,0,0,0
9431,M16654,M,302.08,313.29,1664,39.2,41,0,0,0,0,0,0
9432,L77557,L,297.93,307.86,1533,41.09,12,0,0,0,0,0,0
9433,M95544,M,302.02,311.55,1677,35.38,143,0,0,0,0,0,0
9434,L98264,L,301.24,310.15,1522,48.64,41,0,0,0,0,0,0
9435,L99698,L,298.98,310.92,1645,27.23,37,0,0,0,0,0,0
9436,L37446,L,297.83,308.15,1289,36.99,65,0,0,0,0,0,0
9437,M58484,M,300.23,311.5,1530,57.18,192,1,0,0,1,0,0
9438,L54078,L,297.88,308.1,1742,6.71,132,1,0,0,1,0,0
9439,L14225,L,302.05,311.59,1789,40.99,29,0,0,0,0,0,0
9440,M84745,M,297.75,309.1,1566,41.74,94,0,0,0,0,0,0
9441,L91259,L,301.1,312.12,1517,37.75,170,0,0,0,0,0,0
9442,L55487,L,299.84,310.3,1781,39.37,31,0,0,0,0,0,0
9443,L78676,L,298.88,309.88,1517,44.56,194,0,0,0,0,0,0
9444,L21721,L,299.79,309.53,1741,20.9,194,0,0,0,0,0,0
9445,L12587,L,302.16,313.92,1516,28.6,41,0,0,0,0,0,0
9446,L49437,L,297.62,309.61,1542,32.69,125,0,0,0,0,0,0
9447,H28989,H,299.18,310.63,1336,20.14,4,1,0,0,1,0,0
9448,M42726,M,298.5,308.82,1310,43.64,226,0,0,0,0,0,0
9449,L80540,L,299.92,310.68,1711,38.82,213,0,0,0,0,0,0
9450,L89837,L,298.63,310.9,1845,40.1,95,0,0,0,0,0,0
9451,L51168,L,296.46,308.45,1554,37.59,186,0,0,0,0,0,0
9452,M74669,M,297.89,310.58,1505,30.93,22,0,0,0,0,0,0
9453,L83040,L,303.28,313.19,1719,35.2,229,0,0,0,0,0,0
9454,L81616,L,300.49,310.32,1596,35.2,105,0,0,0,0,0,0
9455,M17408,M,300.42,311.26,1168,58.68,135,0,0,0,0,0,0
9456,L14153,L,299.43,310.54,1714,33.05,195,0,0,0,0,0,0
9457,L21055,L,299.9,310.45,1294,54.11,69,0,0,0,0,0,0
9458,M29760,M,299.14,309.45,1533,34.93,218,0,0,0,0,0,0
9459,M27752,M,301.05,313.02,1456,52.06,236,1,0,0,0,1,0
9460,L99729,L,300.2,310.81,1420,42.15,18,0,0,0,0,0,0
9461,M13800,M,297.66,307.14,1543,31.57,105,0,0,0,0,0,0
9462,L76573,L,300.51,310.11,1696,30.97,171,0,0,0,0,0,0
9463,M40054,M,295.08,306.03,1541,43.95,235,1,1,0,0,0,0
9464,L71816,L,300.83,314.0,1789,21.86,246,0,0,0,0,0,0
9465,M36866,M,297.18,306.91,1811,30.61,92,0,0,0,0,0,0
9466,H10992,H,299.81,310.19,1809,40.13,37,0,0,0,0,0,0
9467,H33696,H,297.61,310.72,1525,42.43,171,0,0,0,0,0,0
9468,H70282,H,300.01,310.22,1449,28.17,133,0,0,0,0,0,0
9469,L83541,L,301.16,312.31,1529,40.39,2,0,0,0,0,0,0
9470,L62838,L,303.01,314.0,1738,21.91,223,1,1,0,0,0,0
9471,L39400,L,296.92,306.67,1727,34.73,239,1,1,0,0,0,0
9472,M92277,M,301.95,312.34,1168,65.98,79,0,0,0,0,0,0
9473,M27565,M,300.26,310.48,1590,36.7,253,0,0,0,0,0,0
9474,L49585,L,299.1,308.28,1168,35.17,160,0,0,0,0,0,0
9475,H44833,H,301.52,313.79,1532,35.62,65,0,0,0,0,0,0
9476,M22094,M,299.53,309.64,1440,41.73,250,0,0,0,0,0,0
9477,H41280,H,301.44,311.26,1384,52.69,125,0,0,0,0,0,0
9478,M56647,M,298.02,308.27,1688,43.14,106,0,0,0,0,0,0
9479,L54378,L,298.73,310.36,1418,29.39,57,0,0,0,0,0,0
9480,L29513,L,301.89,312.7,1533,34.34,153,0,0,0,0,0,0
9481,L10154,L,302.97,312.88,1367,46.03,98,0,0,0,0,0,0
9482,L38134,L,299.93,311.04,1548,31.41,27,0,0,0,0,0,0
9483,M18678,M,295.0,306.51,1708,37.73,252,0,0,0,0,0,0
9484,M16294,M,299.6,310.28,1377,27.59,170,0,0,0,0,0,0
9485,M19574,M,300.06,310.53,1650,36.99,240,0,0,0,0,0,0
9486,M45183,M,299.53,311.25,1545,46.6,74,0,0,0,0,0,0
9487,L58747,L,300.67,311.19,1544,37.62,109,0,0,0,0,0,0
9488,L76606,L,299.05,311.35,1472,40.64,215,0,0,0,0,0,0
9489,L28638,L,301.68,311.62,1674,41.45,15,0,0,0,0,0,0
9490,L67194,L,297.67,307.59,1656,30.76,88,0,0,0,0,0,0
9491,L57553,L,302.47,312.27,1511,43.82,22,0,0,0,0,0,0
9492,L36082,L,303.1,313.56,1571,36.18,186,0,0,0,0,0,0
9493,L26306,L,298.17,308.88,1669,26.54,102,0,0,0,0,0,0
9494,L17807,L,298.17,307.55,1632,43.01,34,0,0,0,0,0,0
9495,M98760,M,300.82,311.62,1480,52.28,216,0,0,0,0,0,0
9496,L61342,L,297.63,308.89,1745,42.35,124,0,0,0,0,0,0
9497,L42143,L,299.01,308.25,1691,41.54,168,0,0,0,0,0,0
9498,L68414,L,302.21,312.38,1915,33.74,116,0,0,0,0,0,0
9499,H34715,H,301.48,312.74,1252,49.9,230,0,0,0,0,0,0
9500,L72054,L,303.96,313.57,1661,33.68,108,0,0,0,0,0,0
9501,L82934,L,300.34,310.73,1742,27.44,96,0,0,0,0,0,0
9502,M22202,M,298.78,310.57,1716,16.15,149,1,0,0,1,0,0
9503,L37987,L,300.1,312.6,1490,23.39,73,0,0,0,0,0,0
9504,H45740,H,299.7,310.84,1290,44.59,128,0,0,0,0,0,0
9505,L86848,L,299.73,310.26,1812,21.53,249,0,0,0,0,0,0
9506,L95890,L,299.95,310.15,1448,43.66,45,0,0,0,0,0,0
9507,L63871,L,298.14,309.75,1482,55.56,101,0,0,0,0,0,0
9508,M23627,M,300.56,312.4,1907,5.82,21,1,0,0,1,0,0
9509,L61069,L,297.18,306.73,1306,33.21,31,0,0,0,0,0,0
9510,L50409,L,298.57,310.18,1682,52.67,214,1,0,0,1,1,0
9511,L90635,L,299.76,309.86,1399,49.48,157,0,0,0,0,0,0
9512,L71486,L,295.48,305.32,1395,39.92,86,0,0,0,0,0,0
9513,L11611,L,301.54,312.08,1565,31.74,42,0,0,0,0,0,0
9514,M41657,M,295.89,307.59,1657,39.65,249,0,0,0,0,0,0
9515,M28462,M,301.34,312.35,1706,41.81,110,0,0,0,0,0,0
9516,L86309,L,297.41,308.4,1730,22.61,11,0,0,0,0,0,0
9517,L99299,L,299.19,310.24,1408,55.88,82,0,0,0,0,0,0
9518,M48547,M,301.04,312.21,1329,47.4,198,0,0,0,0,0,0
9519,L39063,L,304.4,314.0,1473,48.01,154,0,0,0,0,0,0
9520,L92273,L,300.23,311.56,1598,45.05,153,0,0,0,0,0,0
9521,L89397,L,296.03,306.08,1498,41.23,145,0,0,0,0,0,0
9522,M62788,M,301.91,313.26,1168,54.52,91,0,0,0,0,0,0
9523,H52523,H,299.54,311.09,1206,53.65,74,0,0,0,0,0,0
9524,M40284,M,300.14,311.54,1492,34.98,193,0,0,0,0,0,0
9525,L97964,L,301.12,312.57,1689,39.42,80,0,0,0,0,0,0
9526,L73996,L,295.55,306.71,1372,39.05,188,0,0,0,0,0,0
9527,M76247,M,300.01,311.89,1667,34.38,173,0,0,0,0,0,0
9528,L23706,L,299.18,307.61,1266,62.97,28,1,0,1,0,0,0
9529,H20924,H,302.44,314.0,1581,35.91,159,0,0,0,0,0,0
9530,H25921,H,301.45,314.0,1582,39.95,241,0,0,0,0,0,0
9531,L35432,L,296.75,306.82,1619,33.84,142,0,0,0,0,0,0
9532,H27813,H,302.53,312.49,1354,38.46,187,0,0,0,0,0,0
9533,L75250,L,300.9,312.89,1256,67.59,209,1,0,0,0,1,0
9534,M78956,M,296.91,306.68,1666,21.8,155,0,0,0,0,0,0
9535,L12068,L,300.11,310.14,1260,46.05,154,0,0,0,0,0,0
9536,L49927,L,302.07,312.94,1396,28.71,168,0,0,0,0,0,0
9537,M80342,M,297.57,307.47,1786,42.15,114,0,0,0,0,0,0
9538,M40539,M,302.76,314.0,1566,36.03,46,0,0,0,0,0,0
9539,L21683,L,296.97,306.88,1601,31.59,32,0,0,0,0,0,0
9540,L95151,L,298.42,309.48,1647,18.82,43,1,0,0,1,0,0
9541,L45674,L,298.11,309.1,1641,48.67,49,0,0,0,0,0,0
9542,L62703,L,302.75,314.0,1531,25.0,9,0,0,0,0,0,0
9543,L68810,L,299.02,310.88,1373,46.82,151,0,0,0,0,0,0
9544,L96111,L,297.67,307.84,2018,35.0,121,0,0,0,0,0,0
9545,L95343,L,300.89,310.33,1482,59.66,33,1,0,0,1,0,0
9546,L95977,L,301.32,312.86,1595,30.98,106,0,0,0,0,0,0
9547,L97114,L,301.34,311.38,1614,27.9,90,0,0,0,0,0,0
9548,L21117,L,299.46,309.82,1439,35.56,19,0,0,0,0,0,0
9549,L13665,L,300.51,310.15,1458,33.51,232,0,0,0,0,0,0
9550,H54390,H,298.7,310.08,1803,16.81,24,1,0,0,1,0,0
9551,L84884,L,303.35,313.4,1402,57.58,54,0,0,0,0,0,0
9552,H73887,H,302.29,312.95,1609,31.88,240,0,0,0,0,0,0
9553,M58266,M,302.17,312.85,1696,32.43,217,0,0,0,0,0,0
9554,M65541,M,301.59,312.47,1496,44.29,170,0,0,0,0,0,0
9555,M74802,M,301.04,312.4,1518,50.82,180,0,0,0,0,0,0
9556,M17882,M,297.51,307.97,1707,23.82,212,0,0,0,0,0,0
9557,L80825,L,301.27,311.23,1510,41.33,177,0,0,0,0,0,0
9558,L23910,L,300.23,309.07,1168,34.14,54,0,0,0,0,0,0
9559,M50566,M,302.53,313.33,1806,34.38,140,0,0,0,0,0,0
9560,L73073,L,301.61,312.16,1359,45.23,176,0,0,0,0,0,0
9561,M46176,M,301.1,311.09,1574,32.1,224,0,0,0,0,0,0
9562,L93081,L,296.63,307.39,1298,46.73,123,0,0,0,0,0,0
9563,M40289,M,299.82,311.38,1443,42.2,137,0,0,0,0,0,0
9564,L60411,L,298.88,310.7,1456,38.54,91,0,0,0,0,0,0
9565,L79626,L,300.5,309.67,1566,34.71,224,1,1,0,0,0,0
9566,L25362,L,299.17,309.51,1377,27.41,10,0,0,0,0,0,0
9567,M97610,M,299.45,311.11,1892,22.03,121,0,0,0,0,0,0
9568,M23783,M,300.92,313.21,1539,31.5,118,0,0,0,0,0,0
9569,L54162,L,299.14,309.02,1694,25.3,205,1,1,0,0,0,0
9570,M45749,M,300.24,312.32,1533,32.01,83,0,0,0,0,0,0
9571,L13554,L,296.96,306.31,1715,32.78,99,0,0,0,0,0,0
9572,L68568,L,298.34,310.18,1168,50.14,232,1,0,0,0,1,0
9573,L28773,L,301.31,311.73,1408,46.4,19,0,0,0,0,0,0
9574,L83694,L,297.54,309.8,1441,41.32,71,0,0,0,0,0,0
9575,L76550,L,302.49,312.73,1440,40.98,78,0,0,0,0,0,0
9576,L56295,L,301.95,312.34,1628,39.9,224,0,0,0,0,0,0
9577,M40331,M,299.46,310.03,1641,26.92,82,0,0,0,0,0,0
9578,M55640,M,304.5,313.66,1522,29.81,47,0,0,0,0,0,0
9579,L74877,L,302.49,311.42,1526,34.04,75,0,0,0,0,0,0
9580,L56969,L,298.1,309.31,1974,23.96,144,0,0,0,0,0,0
9581,L52986,L,301.49,313.18,1593,20.2,32,1,0,0,1,0,0
9582,L17585,L,300.13,311.44,1168,56.12,242,1,0,0,0,1,0
9583,L14122,L,298.45,307.89,1674,25.69,19,0,0,0,0,0,0
9584,L26838,L,297.86,309.04,1636,50.89,173,0,0,0,0,0,0
9585,H27301,H,301.99,311.7,1744,34.22,30,0,0,0,0,0,0
9586,M33107,M,298.8,309.91,1643,21.78,101,0,0,0,0,0,0
9587,L67357,L,299.8,311.63,1372,48.72,178,0,0,0,0,0,0
9588,L98161,L,298.16,309.23,1695,34.08,119,0,0,0,0,0,0
9589,L65211,L,298.5,310.67,1553,39.58,247,0,0,0,0,0,0
9590,M76025,M,299.75,310.3,1723,29.11,82,0,0,0,0,0,0
9591,L76520,L,300.78,311.26,1814,24.24,18,0,0,0,0,0,0
9592,L27344,L,295.0,305.77,1513,24.03,61,0,0,0,0,0,0
9593,M67202,M,300.03,309.39,1693,23.0,171,0,0,0,0,0,0
9594,L24959,L,298.51,308.8,1721,21.9,204,0,0,0,0,0,0
9595,L48751,L,302.8,313.19,1564,33.37,165,0,0,0,0,0,0
9596,L11869,L,304.5,314.0,1887,29.96,48,0,0,0,0,0,0
9597,L54264,L,299.28,310.25,1723,20.39,64,0,0,0,0,0,0
9598,L40268,L,296.56,305.78,1430,49.12,10,0,0,0,0,0,0
9599,L94564,L,300.23,309.79,1582,37.5,26,0,0,0,0,0,0
9600,L49606,L,299.59,311.42,1690,54.48,228,1,1,0,1,1,0
9601,L23550,L,303.94,312.64,1881,27.38,57,0,0,0,0,0,0
9602,M15702,M,303.33,314.0,1647,54.22,230,1,0,0,1,1,0
9603,L88563,L,301.73,312.06,1587,42.83,191,0,0,0,0,0,0
9604,L71745,L,298.83,309.69,1762,16.58,192,1,0,0,1,0,0
9605,M34459,M,301.36,313.61,1495,26.91,14,0,0,0,0,0,0
9606,M66782,M,300.53,311.1,1357,45.59,81,0,0,0,0,0,0
9607,M97822,M,300.48,311.81,1662,19.42,234,1,0,0,1,0,0
9608,L16032,L,296.88,307.64,1467,30.31,88,0,0,0,0,0,0
9609,L11825,L,302.12,312.71,2024,17.04,0,0,0,0,0,0,0
9610,M87090,M,300.22,310.68,1581,55.63,18,1,0,0,1,0,0
9611,M58101,M,299.8,311.2,1663,43.92,183,0,0,0,0,0,0
9612,L70109,L,298.8,308.77,1422,36.88,191,0,0,0,0,0,0
9613,H22470,H,298.41,307.98,1763,44.8,33,0,0,0,0,0,0
9614,L13770,L,300.63,311.41,1530,49.22,63,0,0,0,0,0,0
9615,H37268,H,296.5,307.39,1513,50.29,9,0,0,0,0,0,0
9616,M10029,M,301.58,310.45,1517,32.49,75,0,0,0,0,0,0
9617,M40083,M,297.89,308.58,1303,40.59,187,0,0,0,0,0,0
9618,H18958,H,295.88,305.36,1490,27.91,252,0,0,0,0,0,0
9619,M18806,M,303.64,314.0,1633,34.08,166,0,0,0,0,0,0
9620,L42162,L,298.28,307.18,1257,36.33,236,0,0,0,0,0,0
9621,L84732,L,298.56,311.18,1719,24.38,65,0,0,0,0,0,0
9622,L44889,L,302.27,312.63,1487,49.44,31,0,0,0,0,0,0
9623,L37702,L,303.71,313.54,1579,42.38,50,0,0,0,0,0,0
9624,M45777,M,296.93,307.35,1168,38.23,25,0,0,0,0,0,0
9625,L62971,L,298.09,309.34,1575,44.96,56,0,0,0,0,0,0
9626,L17739,L,298.23,309.83,1347,45.81,83,0,0,0,0,0,0
9627,L34599,L,301.87,312.3,1472,35.86,187,0,0,0,0,0,0
9628,M46827,M,303.28,312.54,1253,63.92,182,0,0,0,0,0,0
9629,L86821,L,297.84,307.33,1376,44.81,5,0,0,0,0,0,0
9630,L78446,L,302.83,313.82,1506,54.97,246,1,0,0,0,1,0
9631,L90210,L,298.58,310.27,1486,44.01,6,0,0,0,0,0,0
9632,M93890,M,300.67,312.49,1694,39.33,193,0,0,0,0,0,0
9633,L33039,L,297.46,308.33,1199,34.94,80,0,0,0,0,0,0
9634,M54929,M,299.76,311.42,1526,32.32,153,0,0,0,0,0,0
9635,L53884,L,299.78,312.39,1517,51.53,117,0,0,0,0,0,0
9636,L35146,L,299.37,311.26,1453,50.9,94,0,0,0,0,0,0
9637,H55819,H,300.77,312.39,1371,38.06,118,0,0,0,0,0,0
9638,L93162,L,297.99,307.88,1733,21.87,97,0,0,0,0,0,0
9639,L92632,L,298.23,309.9,1904,42.59,209,0,0,0,0,0,0
9640,L41308,L,300.88,312.04,1226,59.17,232,1,1,0,0,1,0
9641,L23054,L,302.68,314.0,1369,29.89,123,0,0,0,0,0,0
9642,L89606,L,299.95,311.92,1354,30.2,234,0,0,0,0,0,0
9643,L62018,L,301.01,312.07,1484,56.29,77,0,0,0,0,0,0
9644,L36250,L,301.52,312.11,1761,28.41,132,0,0,0,0,0,0
9645,L24413,L,301.66,311.29,1630,30.85,214,0,0,0,0,0,0
9646,M87391,M,298.09,308.5,1507,31.54,0,0,0,0,0,0,0
9647,M48921,M,298.45,309.36,1538,40.57,83,0,0,0,0,0,0
9648,L81123,L,298.62,309.6,1478,25.2,129,0,0,0,0,0,0
9649,L84363,L,303.86,314.0,1668,36.39,234,0,0,0,0,0,0
9650,L35785,L,301.02,312.68,1690,21.98,124,0,0,0,0,0,0
9651,L66865,L,300.93,312.49,1641,22.69,237,1,1,0,0,0,0
9652,L16861,L,300.73,311.37,1168,32.31,100,0,0,0,0,0,0
9653,L86340,L,297.36,307.21,1537,24.9,64,0,0,0,0,0,0
9654,L23979,L,303.88,314.0,1501,45.05,9,0,0,0,0,0,0
9655,L76833,L,300.96,313.9,1713,39.48,246,0,0,0,0,0,0
9656,L10357,L,301.45,312.47,1578,34.83,177,0,0,0,0,0,0
9657,H57201,H,296.47,306.87,1635,29.51,50,0,0,0,0,0,0
9658,L64254,L,301.56,312.8,1446,53.32,68,0,0,0,0,0,0
9659,M92160,M,299.29,310.58,1704,39.46,40,0,0,0,0,0,0
9660,M20796,M,297.35,308.64,1757,23.0,185,0,0,0,0,0,0
9661,L33238,L,298.09,310.17,1242,50.17,236,1,1,0,0,1,0
9662,L60978,L,297.47,308.56,1302,47.31,76,0,0,0,0,0,0
9663,L50883,L,297.44,309.46,1672,40.42,67,0,0,0,0,0,0
9664,L95478,L,300.12,311.05,1504,64.28,23,1,0,0,1,0,0
9665,L79396,L,299.23,311.44,1720,26.49,111,0,0,0,0,0,0
9666,M14447,M,300.67,312.57,1579,41.33,218,0,0,0,0,0,0
9667,L30523,L,303.35,314.0,1660,47.43,55,0,0,0,0,0,0
9668,L74079,L,299.74,311.23,1400,58.48,121,0,0,0,0,0,0
9669,M74823,M,295.51,308.51,1596,37.52,227,0,0,0,0,0,0
9670,M59289,M,299.52,311.29,1597,24.15,234,0,0,0,0,0,0
9671,L14849,L,302.39,312.24,1411,22.39,35,1,0,0,1,0,0
9672,M34718,M,299.83,310.77,1715,40.3,1,0,0,0,0,0,0
9673,L97862,L,303.06,313.49,1194,52.1,223,1,1,0,0,1,0
9674,L83002,L,300.91,313.67,1572,37.61,55,0,0,0,0,0,0
9675,L70977,L,296.32,308.27,1302,47.11,208,0,0,0,0,0,0
9676,L98325,L,300.22,312.95,1351,52.79,11,0,0,0,0,0,0
9677,H37135,H,300.59,310.53,1712,38.03,139,0,0,0,0,0,0
9678,L40262,L,302.16,313.96,1337,47.0,84,0,0,0,0,0,0
9679,L99971,L,303.64,312.97,1329,36.7,71,0,0,0,0,0,0
9680,L44787,L,301.82,310.92,1639,44.03,149,0,0,0,0,0,0
9681,L25689,L,300.88,311.18,1335,36.72,201,0,0,0,0,0,0
9682,L49860,L,301.35,313.56,1718,41.41,211,0,0,0,0,0,0
9683,L60344,L,299.66,309.37,1651,31.3,61,0,0,0,0,0,0
9684,M77891,M,297.07,307.76,1395,47.12,248,0,0,0,0,0,0
9685,L61658,L,300.08,311.97,1711,48.24,191,0,0,0,0,0,0
9686,L75869,L,300.73,312.28,1186,56.29,27,0,0,0,0,0,0
9687,L45330,L,297.59,310.51,1620,47.89,242,1,0,0,0,1,0
9688,L90312,L,302.65,313.36,1311,39.66,88,0,0,0,0,0,0
9689,L70064,L,302.01,312.27,1441,40.72,240,0,0,0,0,0,0
9690,M37014,M,297.26,306.86,1452,35.95,155,0,0,0,0,0,0
9691,H44563,H,302.73,313.06,1766,18.99,3,0,0,0,0,0,0
9692,L25270,L,299.38,308.98,1445,50.25,172,0,0,0,0,0,0
9693,L41279,L,298.44,307.35,1521,43.03,89,0,0,0,0,0,0
9694,M13657,M,302.16,314.0,1456,44.25,140,0,0,0,0,0,0
9695,L99422,L,299.9,310.65,1358,55.18,82,0,0,0,0,0,0
9696,L78773,L,303.8,314.0,1350,30.4,97,0,0,0,0,0,0
9697,L11027,L,298.29,308.15,1591,23.64,236,1,1,0,0,0,0
9698,M24199,M,296.54,306.81,1530,49.06,207,1,1,0,0,0,0
9699,L54954,L,299.44,309.36,1672,33.66,236,0,0,0,0,0,0
9700,M89317,M,301.58,311.64,1491,40.48,3,0,0,0,0,0,0
9701,M25120,M,298.15,309.72,1497,24.23,188,0,0,0,0,0,0
9702,L66812,L,297.34,308.61,1673,46.86,83,0,0,0,0,0,0
9703,M99825,M,300.46,312.03,1468,45.58,104,0,0,0,0,0,0
9704,M15983,M,297.07,309.11,1276,38.44,153,0,0,0,0,0,0
9705,L76629,L,300.61,312.42,1688,51.66,107,1,0,0,1,0,0
9706,L80325,L,299.32,309.01,1413,26.73,101,0,0,0,0,0,0
9707,L12912,L,300.99,311.17,1547,33.99,93,0,0,0,0,0,0
9708,L57879,L,297.23,308.05,1422,50.23,133,0,0,0,0,0,0
9709,L31873,L,302.6,314.0,1360,54.28,229,1,0,0,0,1,0
9710,L24332,L,299.63,311.11,1193,30.09,76,0,0,0,0,0,0
9711,L26564,L,301.53,312.33,1596,33.36,117,0,0,0,0,0,0
9712,M87795,M,301.92,313.29,1168,58.2,183,0,0,0,0,0,0
9713,L30526,L,297.69,307.78,1769,44.32,227,0,0,0,0,0,0
9714,L75481,L,301.76,312.73,1721,44.86,80,0,0,0,0,0,0
9715,L62775,L,297.15,308.8,1371,49.1,154,0,0,0,0,0,0
9716,L96649,L,297.26,307.93,1821,32.17,34,0,0,0,0,0,0
9717,L26006,L,303.93,313.87,1906,28.71,231,0,0,0,0,0,0
9718,L31643,L,302.22,312.85,1486,43.36,224,0,0,0,0,0,0
9719,L99949,L,304.15,314.0,1609,48.38,244,1,0,0,0,1,0
9720,M73128,M,299.26,308.6,1560,34.77,209,0,0,0,0,0,0
9721,M52523,M,300.2,310.33,1807,29.53,185,0,0,0,0,0,0
9722,L80220,L,301.05,310.36,1284,57.38,83,0,0,0,0,0,0
9723,M83390,M,299.98,309.44,1494,48.53,190,0,0,0,0,0,0
9724,M62784,M,298.51,308.07,1700,29.48,114,0,0,0,0,0,0
9725,L97893,L,298.21,309.86,1681,22.84,160,0,0,0,0,0,0
9726,H69701,H,300.43,312.62,1527,21.44,94,1,0,0,1,0,0
9727,M27946,M,297.87,307.03,1786,33.13,100,0,0,0,0,0,0
9728,L23127,L,297.81,310.09,1577,26.3,120,0,0,0,0,0,0
9729,L39404,L,300.79,310.36,1555,45.09,82,0,0,0,0,0,0
9730,L98424,L,299.81,311.26,1660,19.7,96,1,0,0,1,0,0
9731,L27401,L,301.87,312.83,1524,52.76,80,0,0,0,0,0,0
9732,M25428,M,299.15,310.49,1544,33.98,32,0,0,0,0,0,0
9733,L74372,L,298.84,308.37,1393,32.91,99,0,0,0,0,0,0
9734,M21971,M,300.85,309.73,2063,24.02,68,0,0,0,0,0,0
9735,M98018,M,298.38,308.27,1450,30.98,39,0,0,0,0,0,0
9736,M95504,M,298.68,309.81,1666,47.41,249,0,0,0,0,0,0
9737,M26565,M,298.76,311.42,1879,35.62,46,0,0,0,0,0,0
9738,L16829,L,299.58,309.25,1293,45.37,126,0,0,0,0,0,0
9739,L86023,L,303.54,314.0,1645,24.36,172,0,0,0,0,0,0
9740,M45435,M,297.25,307.2,1539,36.71,26,0,0,0,0,0,0
9741,L91823,L,302.59,313.27,1858,24.9,134,0,0,0,0,0,0
9742,L48941,L,301.48,310.24,1371,14.3,185,1,0,1,1,0,0
9743,M52459,M,303.13,314.0,1400,33.84,13,0,0,0,0,0,0
9744,M57976,M,304.5,314.0,1526,43.23,131,0,0,0,0,0,0
9745,L89199,L,302.86,314.0,1446,35.4,113,0,0,0,0,0,0
9746,M19176,M,301.85,312.32,1452,38.02,209,0,0,0,0,0,0
9747,M61516,M,297.38,308.27,1900,38.0,161,0,0,0,0,0,0
9748,L25072,L,297.63,309.46,1558,44.7,112,0,0,0,0,0,0
9749,L81052,L,300.72,311.55,1394,61.26,79,0,0,0,0,0,0
9750,H29689,H,296.6,307.47,1465,17.66,90,1,0,0,1,0,0
9751,L28599,L,301.23,311.14,1608,28.13,165,0,0,0,0,0,0
9752,L92045,L,295.73,305.9,1596,44.06,147,0,0,0,0,0,0
9753,L45388,L,302.3,311.99,1431,44.35,45,0,0,0,0,0,0
9754,M60603,M,299.36,309.32,1242,47.28,146,0,0,0,0,0,0
9755,L84736,L,300.25,312.2,1526,31.87,128,0,0,0,0,0,0
9756,L35789,L,298.5,311.01,1521,39.8,235,0,0,0,0,0,0
9757,L87432,L,296.2,305.66,1419,42.09,150,0,0,0,0,0,0
9758,H97467,H,302.47,313.56,1765,17.43,189,1,0,0,1,0,0
9759,L98623,L,302.67,313.05,1638,36.84,111,0,0,0,0,0,0
9760,L99289,L,299.3,311.39,1559,32.0,200,0,0,0,0,0,0
9761,H62282,H,301.32,312.16,1470,47.17,27,0,0,0,0,0,0
9762,L43464,L,299.22,309.91,1847,33.69,83,0,0,0,0,0,0
9763,H77806,H,300.58,310.53,1327,64.28,79,0,0,0,0,0,0
9764,H51994,H,301.52,310.69,1446,39.63,76,0,0,0,0,0,0
9765,M91596,M,301.11,312.57,1454,28.66,160,0,0,0,0,0,0
9766,L35594,L,302.68,313.73,1589,13.63,130,1,0,0,1,0,0
9767,M62563,M,301.04,312.12,1654,26.52,206,0,0,0,0,0,0
9768,M90352,M,300.06,310.16,1294,48.44,15,0,0,0,0,0,0
9769,H96840,H,298.48,309.03,1412,47.01,126,0,0,0,0,0,0
9770,L38386,L,299.04,310.53,1616,30.1,29,0,0,0,0,0,0
9771,M76652,M,301.62,313.3,1415,36.13,152,0,0,0,0,0,0
9772,L27540,L,297.0,306.52,1463,39.86,77,0,0,0,0,0,0
9773,L43756,L,302.21,312.28,1566,40.06,128,0,0,0,0,0,0
9774,L53426,L,299.44,308.75,1359,52.93,32,0,0,0,0,0,0
9775,M15587,M,298.36,309.26,1585,30.84,36,0,0,0,0,0,0
9776,L93748,L,297.8,309.39,1645,28.36,156,0,0,0,0,0,0
9777,L91339,L,301.35,311.77,1542,55.97,164,1,0,0,1,0,0
9778,H99792,H,299.97,310.01,1792,46.24,188,0,0,0,0,0,0
9779,L59039,L,303.18,313.54,1666,29.85,7,0,0,0,0,0,0
9780,M20269,M,297.47,310.48,1528,48.22,0,0,0,0,0,0,0
9781,L16088,L,298.84,310.74,1477,60.17,62,1,0,0,1,0,0
9782,L52044,L,299.82,311.25,1851,41.15,215,0,0,0,0,0,0
9783,M37081,M,298.5,309.52,1416,32.75,250,0,0,0,0,0,0
9784,H71388,H,300.01,310.7,1486,39.57,113,0,0,0,0,0,0
9785,L20543,L,300.64,310.43,1461,22.04,192,1,0,0,1,0,0
9786,M13005,M,300.97,310.61,1607,27.06,173,0,0,0,0,0,0
9787,L47203,L,303.01,313.14,1941,29.41,170,0,0,0,0,0,0
9788,L26220,L,297.39,307.14,1579,38.27,119,0,0,0,0,0,0
9789,L42696,L,300.68,310.77,1477,32.07,9,0,0,0,0,0,0
9790,L89683,L,298.71,309.3,1569,11.4,209,1,1,0,1,0,0
9791,L56381,L,300.86,311.53,1299,46.25,212,0,0,0,0,0,0
9792,L57984,L,300.86,310.94,1501,45.11,9,0,0,0,0,0,0
9793,L10076,L,298.03,309.22,1842,37.07,61,0,0,0,0,0,0
9794,L28946,L,298.2,308.71,1654,32.85,85,0,0,0,0,0,0
9795,L93492,L,301.02,311.94,1757,31.52,178,0,0,0,0,0,0
9796,L33471,L,300.05,310.0,1717,35.42,44,0,0,0,0,0,0
9797,H71531,H,299.56,310.95,1407,44.87,200,0,0,0,0,0,0
9798,M48738,M,301.32,311.48,1879,29.78,200,0,0,0,0,0,0
9799,L50720,L,301.46,313.77,1215,19.77,103,1,0,0,1,0,0
9800,H34440,H,298.94,309.42,1595,48.47,44,0,0,0,0,0,0
9801,M21862,M,298.3,308.9,1168,43.36,230,1,1,0,0,0,0
9802,L78273,L,297.48,308.77,1227,32.42,84,0,0,0,0,0,0
9803,L31788,L,300.07,311.58,1703,30.33,185,0,0,0,0,0,0
9804,M35522,M,297.15,308.77,1411,41.75,94,0,0,0,0,0,0
9805,L80185,L,300.2,312.67,1759,27.61,193,0,0,0,0,0,0
9806,M79404,M,302.43,313.8,1168,42.43,242,0,0,0,0,0,0
9807,M62289,M,299.29,309.93,1519,34.66,244,0,0,0,0,0,0
9808,M17824,M,298.93,309.1,1316,47.47,23,0,0,0,0,0,0
9809,H17799,H,304.0,314.0,1476,31.07,224,0,0,0,0,0,0
9810,L95406,L,303.02,314.0,1814,34.26,202,1,1,0,0,0,0
9811,L55147,L,298.47,307.78,1858,20.2,192,0,0,0,0,0,0
9812,M92922,M,300.28,310.16,1627,52.86,182,1,0,0,1,0,0
9813,L18614,L,300.66,311.14,1248,58.22,112,0,0,0,0,0,0
9814,M35147,M,300.41,310.28,1318,40.49,178,0,0,0,0,0,0
9815,H86637,H,303.63,313.92,1564,39.7,199,0,0,0,0,0,0
9816,M30914,M,300.17,312.68,1390,29.18,72,0,0,0,0,0,0
9817,L73699,L,300.47,310.88,1653,39.52,20,0,0,0,0,0,0
9818,L19615,L,301.38,312.49,1837,37.79,46,0,0,0,0,0,0
9819,L60785,L,302.38,311.42,1358,45.0,149,0,0,0,0,0,0
9820,L98589,L,301.87,311.47,1374,51.11,156,0,0,0,0,0,0
9821,M67811,M,301.08,312.71,1323,43.25,39,0,0,0,0,0,0
9822,M89017,M,296.88,309.25,1489,37.5,130,0,0,0,0,0,0
9823,M56898,M,299.02,309.95,1544,30.98,176,0,0,0,0,0,0
9824,L65505,L,301.64,312.03,1539,42.41,24,0,0,0,0,0,0
9825,L86031,L,300.5,311.7,1697,26.71,209,1,1,0,0,0,0
9826,M10146,M,301.65,309.75,1606,39.38,123,0,0,0,0,0,0
9827,L50275,L,303.77,314.0,1524,40.43,10,0,0,0,0,0,0
9828,L25977,L,297.65,307.3,1542,49.63,93,0,0,0,0,0,0
9829,M51565,M,302.28,313.77,1550,42.35,88,0,0,0,0,0,0
9830,M43945,M,299.34,307.85,1525,21.08,202,1,0,0,1,0,0
9831,L12594,L,301.87,311.94,1413,33.82,225,0,0,0,0,0,0
9832,M86610,M,299.92,310.58,1318,35.97,87,0,0,0,0,0,0
9833,L67655,L,304.25,314.0,1561,30.0,47,0,0,0,0,0,0
9834,H37431,H,300.26,310.58,1445,49.23,159,0,0,0,0,0,0
9835,L92684,L,298.72,310.32,1630,15.79,130,1,0,0,1,0,0
9836,L98197,L,300.84,311.52,1548,50.19,172,0,0,0,0,0,0
9837,M37571,M,300.65,310.42,1538,46.56,88,0,0,0,0,0,0
9838,L75971,L,302.28,313.92,1712,35.02,121,0,0,0,0,0,0
9839,M71797,M,300.9,311.85,1282,48.59,108,0,0,0,0,0,0
9840,M53937,M,304.5,314.0,1853,31.49,19,0,0,0,0,0,0
9841,M69643,M,299.78,309.58,1168,51.0,247,1,0,0,0,1,0
9842,H92054,H,299.8,307.95,1796,40.88,147,0,0,0,0,0,0
9843,L96538,L,298.79,308.59,1571,34.43,50,0,0,0,0,0,0
9844,M70051,M,300.17,309.86,1441,45.74,80,0,0,0,0,0,0
9845,L77902,L,300.46,310.55,1270,35.29,19,0,0,0,0,0,0
9846,L87903,L,300.56,310.42,1427,45.49,209,0,0,0,0,0,0
9847,M86990,M,300.13,310.95,1506,35.46,120,0,0,0,0,0,0
9848,L85204,L,298.78,310.36,1570,40.4,13,0,0,0,0,0,0
9849,L78951,L,298.24,310.01,1795,25.02,225,0,0,0,0,0,0
9850,L85768,L,299.25,310.79,1548,41.16,79,0,0,0,0,0,0
9851,M39039,M,302.28,312.09,1593,35.56,31,0,0,0,0,0,0
9852,H35568,H,302.71,313.47,1598,49.88,199,0,0,0,0,0,0
9853,L47459,L,299.85,312.11,1476,41.33,169,0,0,0,0,0,0
9854,L17669,L,298.12,307.23,1500,42.9,121,0,0,0,0,0,0
9855,M99749,M,299.84,311.89,1516,33.63,207,0,0,0,0,0,0
9856,L93816,L,304.18,313.89,1648,37.48,166,0,0,0,0,0,0
9857,L94985,L,302.0,312.99,1371,46.75,165,0,0,0,0,0,0
9858,L45516,L,301.1,312.21,1444,36.17,191,0,0,0,0,0,0
9859,L72484,L,301.93,312.82,1599,31.96,3,0,0,0,0,0,0
9860,L98612,L,303.08,314.0,1341,34.1,226,0,0,0,0,0,0
9861,M78197,M,297.69,308.09,1555,36.13,123,0,0,0,0,0,0
9862,L33333,L,299.22,308.28,1437,33.37,219,1,1,0,0,0,0
9863,H98295,H,298.94,310.0,1626,37.81,190,0,0,0,0,0,0
9864,M65611,M,301.17,311.7,1782,25.79,234,0,0,0,0,0,0
9865,M57941,M,300.32,311.58,1437,38.65,60,0,0,0,0,0,0
9866,L48875,L,301.51,313.09,1671,26.18,233,0,0,0,0,0,0
9867,L22698,L,298.99,309.65,1571,46.9,77,0,0,0,0,0,0
9868,L71826,L,302.74,313.88,1466,39.33,132,0,0,0,0,0,0
9869,H41408,H,299.86,310.71,1536,37.45,193,0,0,0,0,0,0
9870,L98421,L,301.39,313.88,1769,37.22,44,0,0,0,0,0,0
9871,L88845,L,302.39,312.72,1504,55.0,49,0,0,0,0,0,0
9872,L25133,L,302.23,312.24,1771,33.01,87,0,0,0,0,0,0
9873,L83746,L,300.72,312.3,1513,23.75,130,0,0,0,0,0,0
9874,L46126,L,301.64,311.41,1281,57.95,22,0,0,0,0,0,0
9875,L43043,L,303.48,314.0,1509,25.09,138,0,0,0,0,0,0
9876,L14078,L,301.03,311.56,1267,39.62,37,0,0,0,0,0,0
9877,L63906,L,298.54,309.14,1478,50.33,183,0,0,0,0,0,0
9878,L21137,L,301.17,314.0,1471,35.69,162,0,0,0,0,0,0
9879,M39350,M,299.93,311.86,1862,26.37,192,0,0,0,0,0,0
9880,L14698,L,295.3,307.03,1825,33.61,5,0,0,0,0,0,0
9881,L43132,L,300.92,312.15,1550,37.05,69,0,0,0,0,0,0
9882,L20165,L,300.23,310.24,1753,27.02,167,0,0,0,0,0,0
9883,L10794,L,302.31,313.27,1463,47.74,217,0,0,0,0,0,0
9884,H23646,H,298.5,309.78,1278,58.59,254,1,0,0,0,1,0
9885,L98715,L,296.99,307.89,1630,47.35,34,0,0,0,0,0,0
9886,M15870,M,300.34,311.13,1600,40.75,140,0,0,0,0,0,0
9887,M40736,M,300.76,311.06,1366,34.59,24,0,0,0,0,0,0
9888,M68084,M,300.19,311.16,1374,28.61,213,1,1,0,0,0,0
9889,L26211,L,300.04,310.22,1704,14.15,80,1,0,0,1,0,0
9890,L96665,L,297.86,309.27,1232,58.52,205,1,0,0,0,1,0
9891,M69538,M,299.72,308.41,1635,36.74,66,0,0,0,0,0,0
9892,L17377,L,299.3,311.36,1478,34.7,67,0,0,0,0,0,0
9893,M18861,M,302.15,311.53,1636,18.1,98,1,0,0,1,0,0
9894,M27821,M,300.76,310.39,1713,23.56,117,0,0,0,0,0,0
9895,M88488,M,299.44,310.55,1378,23.23,174,1,0,0,1,0,0
9896,L84583,L,303.45,314.0,1330,58.62,54,0,0,0,0,0,0
9897,M36953,M,299.46,312.24,1799,36.91,219,0,0,0,0,0,0
9898,M46801,M,301.12,312.11,1525,25.31,170,0,0,0,0,0,0
9899,M28277,M,299.67,310.33,1594,50.64,1,0,0,0,0,0,0
9900,L99439,L,303.26,314.0,1699,27.64,44,0,0,0,0,0,0
9901,L93762,L,300.17,312.46,1362,45.74,175,0,0,0,0,0,0
9902,L32628,L,300.23,313.36,1697,36.72,61,0,0,0,0,0,0
9903,L92246,L,299.72,310.24,1650,33.9,165,0,0,0,0,0,0
9904,L37802,L,300.39,311.64,1800,29.43,46,0,0,0,0,0,0
9905,H73497,H,302.4,313.02,1796,32.16,3,0,0,0,0,0,0
9906,L94320,L,301.69,312.3,1546,34.46,187,0,0,0,0,0,0
9907,M79814,M,300.06,312.64,1671,36.43,238,0,0,0,0,0,0
9908,L63702,L,303.4,313.18,1543,39.81,48,0,0,0,0,0,0
9909,L38677,L,301.75,310.11,1561,31.89,75,0,0,0,0,0,0
9910,L17500,L,299.12,310.14,1332,54.87,33,0,0,0,0,0,0
9911,L14015,L,297.24,309.14,1495,30.31,228,0,0,0,0,0,0
9912,H97372,H,299.17,310.09,1212,51.89,43,0,0,0,0,0,0
9913,L68812,L,300.83,312.03,1510,34.72,232,0,0,0,0,0,0
9914,M17826,M,301.19,312.65,1773,25.3,93,0,0,0,0,0,0
9915,L19201,L,302.72,313.53,1675,31.83,84,0,0,0,0,0,0
9916,H39048,H,297.81,309.07,1555,30.75,55,0,0,0,0,0,0
9917,L29941,L,299.12,310.36,1499,44.53,219,0,0,0,0,0,0
9918,L90641,L,297.64,306.39,1438,38.91,41,0,0,0,0,0,0
9919,L68418,L,297.32,308.14,1370,56.15,49,0,0,0,0,0,0
9920,L75689,L,298.74,307.87,1682,25.96,196,0,0,0,0,0,0
9921,L51541,L,300.73,311.4,1259,20.52,32,1,0,0,1,0,0
9922,M59939,M,301.54,311.75,1255,50.18,225,0,0,0,0,0,0
9923,M80422,M,298.1,309.84,1698,48.28,223,0,0,0,0,0,0
9924,M33950,M,298.38,309.33,1572,40.89,90,0,0,0,0,0,0
9925,L77803,L,296.44,307.61,1543,28.38,66,0,0,0,0,0,0
9926,L30642,L,300.43,310.94,1572,27.12,103,0,0,0,0,0,0
9927,L76506,L,298.54,310.29,1897,45.5,235,1,0,0,1,0,0
9928,H51607,H,303.33,312.43,1545,33.57,41,0,0,0,0,0,0
9929,M41288,M,300.82,310.62,1588,26.93,242,0,0,0,0,0,0
9930,M92865,M,299.66,311.64,1905,39.02,43,0,0,0,0,0,0
9931,M24450,M,298.72,308.98,1524,36.22,195,0,0,0,0,0,0
9932,L15618,L,297.01,305.56,1846,15.31,99,1,0,0,1,0,0
9933,L44263,L,297.26,309.42,1168,74.6,184,1,0,0,1,1,0
9934,L77583,L,298.76,310.53,1326,49.53,35,0,0,0,0,0,0
9935,L84900,L,298.6,310.01,1415,25.19,168,0,0,0,0,0,0
9936,L38794,L,298.0,308.8,1640,47.12,122,0,0,0,0,0,0
9937,L23091,L,300.75,313.11,1854,22.8,183,0,0,0,0,0,0
9938,M78422,M,301.03,312.99,1429,29.0,115,0,0,0,0,0,0
9939,M97108,M,299.08,311.33,1711,26.02,2,0,0,0,0,0,0
9940,M25161,M,303.87,314.0,1938,43.91,113,0,0,0,0,0,0
9941,H14158,H,296.51,307.33,1817,47.67,55,1,0,0,1,0,0
9942,L37663,L,300.12,310.42,1462,33.81,183,0,0,0,0,0,0
9943,L95381,L,299.56,308.99,1691,48.32,192,0,0,0,0,0,0
9944,M16733,M,298.9,310.1,1596,15.37,38,1,0,0,1,0,0
9945,L42001,L,298.6,309.89,1416,49.7,167,0,0,0,0,0,0
9946,L49128,L,299.99,310.34,1612,47.67,38,0,0,0,0,0,0
9947,L59630,L,299.55,310.86,1450,54.41,154,0,0,0,0,0,0
9948,L19329,L,299.22,309.58,1557,37.5,107,0,0,0,0,0,0
9949,L63105,L,297.4,308.97,1287,50.82,66,0,0,0,0,0,0
9950,L73436,L,296.76,306.58,1218,38.62,99,0,0,0,0,0,0
9951,L79579,L,299.42,309.07,1483,38.87,228,0,0,0,0,0,0
9952,M24242,M,299.2,309.66,1592,34.51,93,0,0,0,0,0,0
9953,L37133,L,299.61,311.13,1332,40.63,64,0,0,0,0,0,0
9954,L34740,L,299.78,309.32,1630,45.13,201,0,0,0,0,0,0
9955,L40976,L,298.95,310.7,1543,39.14,2,0,0,0,0,0,0
9956,L50067,L,299.58,308.63,1652,49.36,126,0,0,0,0,0,0
9957,M21231,M,298.29,308.75,1705,35.68,229,0,0,0,0,0,0
9958,M76105,M,303.05,312.33,1777,49.91,130,1,0,0,1,0,0
9959,M13328,M,298.4,306.49,1644,45.56,36,0,0,0,0,0,0
9960,L35261,L,299.26,310.32,1482,37.83,243,0,0,0,0,0,0
9961,L35262,L,298.55,309.07,1569,38.11,97,0,0,0,0,0,0
9962,L13280,L,298.52,307.82,1954,23.16,243,0,0,0,0,0,0
9963,L94683,L,300.05,310.23,1712,34.8,147,0,0,0,0,0,0
9964,L41742,L,299.8,310.94,1548,27.92,138,0,0,0,0,0,0
9965,L13590,L,299.08,309.41,1508,50.63,82,0,0,0,0,0,0
9966,L60226,L,299.43,309.93,1427,36.69,218,0,0,0,0,0,0
9967,M97542,M,298.56,308.86,1321,47.22,151,0,0,0,0,0,0
9968,L23570,L,300.8,310.92,1842,13.36,197,1,0,0,1,0,0
9969,M99443,M,304.11,314.0,1621,32.98,64,0,0,0,0,0,0
9970,L19533,L,298.25,308.33,1307,39.78,120,0,0,0,0,0,0
9971,L92283,L,300.79,310.73,1512,46.6,82,0,0,0,0,0,0
9972,H23366,H,300.09,309.77,1764,36.73,115,0,0,0,0,0,0
9973,H86368,H,301.34,311.66,1455,49.42,121,0,0,0,0,0,0
9974,L38325,L,301.39,311.45,1388,45.83,73,0,0,0,0,0,0
9975,L44798,L,300.41,310.04,1599,46.85,235,1,0,0,0,1,0
9976,L49453,L,299.92,311.39,1653,38.28,159,0,0,0,0,0,0
9977,L32849,L,299.13,311.06,1455,25.83,189,0,0,0,0,0,0
9978,M65943,M,298.47,309.17,1427,39.24,182,0,0,0,0,0,0
9979,H16157,H,299.81,310.57,1618,35.07,239,0,0,0,0,0,0
9980,M40178,M,297.43,307.44,1333,7.9,100,1,0,0,1,0,0
9981,L92537,L,298.81,310.58,1438,29.72,35,0,0,0,0,0,0
9982,M39030,M,302.21,314.0,1513,57.19,65,1,0,0,1,0,0
9983,L61134,L,300.2,310.73,1668,31.99,164,0,0,0,0,0,0
9984,H75729,H,301.79,311.96,1458,38.26,13,0,0,0,0,0,0
9985,M18164,M,302.94,313.98,1636,15.95,45,1,0,0,1,0,0
9986,L96378,L,299.65,310.47,1745,21.78,204,1,1,0,0,0,0
9987,L11119,L,300.41,310.61,1444,44.49,183,0,0,0,0,0,0
9988,L23351,L,299.4,310.57,2115,23.94,49,0,0,0,0,0,0
9989,L66063,L,298.37,310.01,1791,23.13,60,0,0,0,0,0,0
9990,M82076,M,298.09,308.01,1584,47.9,125,0,0,0,0,0,0
9991,L55162,L,301.69,314.0,1502,31.45,144,0,0,0,0,0,0
9992,L41760,L,300.42,309.58,1435,26.94,26,0,0,0,0,0,0
9993,L59678,L,303.69,313.54,1834,31.56,125,0,0,0,0,0,0
9994,M99074,M,301.94,312.88,1573,29.01,53,0,0,0,0,0,0
9995,L57628,L,298.54,311.48,1276,35.74,28,0,0,0,0,0,0
9996,M50739,M,301.68,311.82,1227,45.99,12,0,0,0,0,0,0
9997,M39738,M,299.39,309.02,1555,30.91,176,0,0,0,0,0,0
9998,H56921,H,302.43,313.68,1559,21.43,24,1,0,0,1,0,0
9999,L71068,L,299.03,309.48,1370,47.66,87,0,0,0,0,0,0
10000,L33581,L,297.9,309.26,1262,55.21,239,1,0,0,0,1,0
